-- MySQL dump 10.13  Distrib 8.0.42, for Win64 (x86_64)
--
-- Host: 127.0.0.1    Database: workfinder
-- ------------------------------------------------------
-- Server version	9.3.0

/*!40101 SET @OLD_CHARACTER_SET_CLIENT=@@CHARACTER_SET_CLIENT */;
/*!40101 SET @OLD_CHARACTER_SET_RESULTS=@@CHARACTER_SET_RESULTS */;
/*!40101 SET @OLD_COLLATION_CONNECTION=@@COLLATION_CONNECTION */;
/*!50503 SET NAMES utf8 */;
/*!40103 SET @OLD_TIME_ZONE=@@TIME_ZONE */;
/*!40103 SET TIME_ZONE='+00:00' */;
/*!40014 SET @OLD_UNIQUE_CHECKS=@@UNIQUE_CHECKS, UNIQUE_CHECKS=0 */;
/*!40014 SET @OLD_FOREIGN_KEY_CHECKS=@@FOREIGN_KEY_CHECKS, FOREIGN_KEY_CHECKS=0 */;
/*!40101 SET @OLD_SQL_MODE=@@SQL_MODE, SQL_MODE='NO_AUTO_VALUE_ON_ZERO' */;
/*!40111 SET @OLD_SQL_NOTES=@@SQL_NOTES, SQL_NOTES=0 */;

--
-- Table structure for table `account`
--

DROP TABLE IF EXISTS `account`;
/*!40101 SET @saved_cs_client     = @@character_set_client */;
/*!50503 SET character_set_client = utf8mb4 */;
CREATE TABLE `account` (
  `id` bigint NOT NULL AUTO_INCREMENT,
  `created_date` datetime(6) DEFAULT NULL,
  `updated_date` datetime(6) DEFAULT NULL,
  `account_type` enum('ADMIN','EMPLOYER','USER') DEFAULT NULL,
  `email` varchar(255) NOT NULL,
  `logged_in` bit(1) DEFAULT NULL,
  `password` varchar(255) NOT NULL,
  `status` bit(1) DEFAULT NULL,
  PRIMARY KEY (`id`),
  UNIQUE KEY `UKq0uja26qgu1atulenwup9rxyr` (`email`)
) ENGINE=InnoDB AUTO_INCREMENT=104 DEFAULT CHARSET=utf8mb3;
/*!40101 SET character_set_client = @saved_cs_client */;

--
-- Dumping data for table `account`
--

LOCK TABLES `account` WRITE;
/*!40000 ALTER TABLE `account` DISABLE KEYS */;
INSERT INTO `account` VALUES (1,'2025-01-11 16:23:36.744000','2025-08-22 00:09:03.947000','USER','hoangpubg286@gmail.com',_binary '\0','$2a$10$829WCPrqXuHM5srap8RDdOsLgZ4E9CzTX29s/NDqJ619zyDTsjeIK',_binary ''),(2,'2025-01-11 16:27:46.135000','2025-08-22 00:09:01.249000','USER','nvhhoang286@gmail.com',_binary '\0','$2a$10$TlYDzsJGj83UET5Qn3tEhO8J63lJiEbwX1bLKazjm1.R9oQexu.Ea',_binary ''),(4,'2025-01-11 17:07:53.224000','2025-01-11 17:08:05.290000','EMPLOYER','acerbee@onlinecmail.com',_binary '','$2a$10$4BetRzcmhiL0cY8vMnvLZOGZ.atdLld4YNNGg3JhFOSkgvHsa6E.q',_binary ''),(5,'2025-01-11 17:51:26.193000','2025-01-11 17:52:16.642000','ADMIN','admin@admin',_binary '','$2a$10$72OnIe5IlmUtSIHKK8o8XOznwEsiWRCRLqOdr28bE5D7A7XFQIfpO',_binary ''),(8,'2025-01-11 17:56:30.778000','2025-01-11 17:56:51.846000','EMPLOYER','acerbee@amazinggift.life',_binary '','$2a$10$CLM15oUmhDzTWE1O0T0EiOhYAAnk/rr5sYL.waPdrK3SHm5EZ3/Be',_binary ''),(9,'2025-01-12 17:50:34.512000','2025-01-12 17:50:42.263000','EMPLOYER','acerbee@gmail2.gq',_binary '','$2a$10$w7h7bJFDZD9w0JlwC5sbqesFptaCvVkvmlEM3mKik1UD8Nlk6JplS',_binary ''),(10,'2025-01-13 01:29:23.795000','2025-01-13 01:29:34.837000','EMPLOYER','acerbee@aggressivesa.online',_binary '','$2a$10$HvWFKHLNGDX7Uwh6CIsb0.rsieZVCngoeWKxSMSQ6r4AlMMKB6yR2',_binary ''),(11,'2025-01-13 23:44:09.331000','2025-01-13 23:44:55.633000','USER','nvhhoang28@gmail.com',_binary '','$2a$10$4IT4RAzYOZy5ke0TpEuOseqwgX0jCGAB94ELxpuSSZNd7fB64gWUa',_binary ''),(12,'2025-01-11 10:00:00.000000','2025-01-11 10:00:00.000000','USER','user1@gmail.com',_binary '\0','$2a$10$4IT4RAzYOZy5ke0TpEuOseqwgX0jCGAB94ELxpuSSZNd7fB64gWUa',_binary '\0'),(13,'2025-01-11 10:05:00.000000','2025-01-11 10:05:00.000000','USER','user2@gmail.com',_binary '\0','$2a$10$4IT4RAzYOZy5ke0TpEuOseqwgX0jCGAB94ELxpuSSZNd7fB64gWUa',_binary '\0'),(14,'2025-01-11 10:10:00.000000','2025-01-11 10:10:00.000000','EMPLOYER','employer1@company.com',_binary '\0','$2a$10$4IT4RAzYOZy5ke0TpEuOseqwgX0jCGAB94ELxpuSSZNd7fB64gWUa',_binary '\0'),(15,'2025-01-11 10:15:00.000000','2025-01-11 10:15:00.000000','USER','user3@outlook.com',_binary '\0','$2a$10$4IT4RAzYOZy5ke0TpEuOseqwgX0jCGAB94ELxpuSSZNd7fB64gWUa',_binary '\0'),(16,'2025-01-11 10:20:00.000000','2025-01-11 10:20:00.000000','EMPLOYER','hr@techcompany.com',_binary '\0','$2a$10$4IT4RAzYOZy5ke0TpEuOseqwgX0jCGAB94ELxpuSSZNd7fB64gWUa',_binary '\0'),(17,'2025-01-11 10:25:00.000000','2025-01-11 10:25:00.000000','USER','candidate1@yahoo.com',_binary '\0','$2a$10$4IT4RAzYOZy5ke0TpEuOseqwgX0jCGAB94ELxpuSSZNd7fB64gWUa',_binary '\0'),(18,'2025-01-11 10:30:00.000000','2025-01-11 10:30:00.000000','EMPLOYER','jobs@bigcorp.com',_binary '\0','$2a$10$4IT4RAzYOZy5ke0TpEuOseqwgX0jCGAB94ELxpuSSZNd7fB64gWUa',_binary '\0'),(19,'2025-01-11 10:35:00.000000','2025-01-11 10:35:00.000000','USER','jobseeker1@gmail.com',_binary '\0','$2a$10$4IT4RAzYOZy5ke0TpEuOseqwgX0jCGAB94ELxpuSSZNd7fB64gWUa',_binary '\0'),(20,'2025-01-11 10:40:00.000000','2025-01-11 10:40:00.000000','EMPLOYER','careers@startup.com',_binary '\0','$2a$10$4IT4RAzYOZy5ke0TpEuOseqwgX0jCGAB94ELxpuSSZNd7fB64gWUa',_binary '\0'),(21,'2025-01-11 10:45:00.000000','2025-01-11 10:45:00.000000','USER','professional1@outlook.com',_binary '\0','$2a$10$4IT4RAzYOZy5ke0TpEuOseqwgX0jCGAB94ELxpuSSZNd7fB64gWUa',_binary '\0'),(22,'2025-01-11 10:50:00.000000','2025-01-11 10:50:00.000000','EMPLOYER','recruit@enterprise.com',_binary '\0','$2a$10$4IT4RAzYOZy5ke0TpEuOseqwgX0jCGAB94ELxpuSSZNd7fB64gWUa',_binary '\0'),(23,'2025-01-11 10:55:00.000000','2025-01-11 10:55:00.000000','USER','developer1@gmail.com',_binary '\0','$2a$10$4IT4RAzYOZy5ke0TpEuOseqwgX0jCGAB94ELxpuSSZNd7fB64gWUa',_binary '\0'),(24,'2025-01-11 11:00:00.000000','2025-01-11 11:00:00.000000','EMPLOYER','hiring@software.com',_binary '\0','$2a$10$4IT4RAzYOZy5ke0TpEuOseqwgX0jCGAB94ELxpuSSZNd7fB64gWUa',_binary '\0'),(25,'2025-01-11 11:05:00.000000','2025-01-11 11:05:00.000000','USER','engineer1@yahoo.com',_binary '\0','$2a$10$4IT4RAzYOZy5ke0TpEuOseqwgX0jCGAB94ELxpuSSZNd7fB64gWUa',_binary '\0'),(26,'2025-01-11 11:10:00.000000','2025-01-11 11:10:00.000000','EMPLOYER','jobs@consulting.com',_binary '\0','$2a$10$4IT4RAzYOZy5ke0TpEuOseqwgX0jCGAB94ELxpuSSZNd7fB64gWUa',_binary '\0'),(27,'2025-01-11 11:15:00.000000','2025-01-11 11:15:00.000000','USER','designer1@gmail.com',_binary '\0','$2a$10$4IT4RAzYOZy5ke0TpEuOseqwgX0jCGAB94ELxpuSSZNd7fB64gWUa',_binary '\0'),(28,'2025-01-11 11:20:00.000000','2025-01-11 11:20:00.000000','EMPLOYER','careers@agency.com',_binary '\0','$2a$10$4IT4RAzYOZy5ke0TpEuOseqwgX0jCGAB94ELxpuSSZNd7fB64gWUa',_binary '\0'),(29,'2025-01-11 11:25:00.000000','2025-01-11 11:25:00.000000','USER','analyst1@outlook.com',_binary '\0','$2a$10$4IT4RAzYOZy5ke0TpEuOseqwgX0jCGAB94ELxpuSSZNd7fB64gWUa',_binary '\0'),(30,'2025-01-11 11:30:00.000000','2025-01-11 11:30:00.000000','EMPLOYER','hr@corporation.com',_binary '\0','$2a$10$4IT4RAzYOZy5ke0TpEuOseqwgX0jCGAB94ELxpuSSZNd7fB64gWUa',_binary '\0'),(31,'2025-01-11 11:35:00.000000','2025-01-11 11:35:00.000000','USER','manager1@gmail.com',_binary '\0','$2a$10$4IT4RAzYOZy5ke0TpEuOseqwgX0jCGAB94ELxpuSSZNd7fB64gWUa',_binary '\0'),(32,'2025-01-11 11:40:00.000000','2025-01-11 11:40:00.000000','EMPLOYER','recruit@tech.com',_binary '\0','$2a$10$4IT4RAzYOZy5ke0TpEuOseqwgX0jCGAB94ELxpuSSZNd7fB64gWUa',_binary '\0'),(33,'2025-01-11 11:45:00.000000','2025-01-11 11:45:00.000000','USER','consultant1@yahoo.com',_binary '\0','$2a$10$4IT4RAzYOZy5ke0TpEuOseqwgX0jCGAB94ELxpuSSZNd7fB64gWUa',_binary '\0'),(34,'2025-01-11 11:50:00.000000','2025-01-11 11:50:00.000000','EMPLOYER','jobs@industry.com',_binary '\0','$2a$10$4IT4RAzYOZy5ke0TpEuOseqwgX0jCGAB94ELxpuSSZNd7fB64gWUa',_binary '\0'),(35,'2025-01-11 11:55:00.000000','2025-01-11 11:55:00.000000','USER','specialist1@gmail.com',_binary '\0','$2a$10$4IT4RAzYOZy5ke0TpEuOseqwgX0jCGAB94ELxpuSSZNd7fB64gWUa',_binary '\0'),(36,'2025-01-11 12:00:00.000000','2025-01-11 12:00:00.000000','EMPLOYER','careers@company.com',_binary '\0','$2a$10$4IT4RAzYOZy5ke0TpEuOseqwgX0jCGAB94ELxpuSSZNd7fB64gWUa',_binary '\0'),(37,'2025-01-11 12:05:00.000000','2025-01-11 12:05:00.000000','USER','expert1@outlook.com',_binary '\0','$2a$10$4IT4RAzYOZy5ke0TpEuOseqwgX0jCGAB94ELxpuSSZNd7fB64gWUa',_binary '\0'),(38,'2025-01-11 12:10:00.000000','2025-01-11 12:10:00.000000','EMPLOYER','hr@enterprise.com',_binary '\0','$2a$10$4IT4RAzYOZy5ke0TpEuOseqwgX0jCGAB94ELxpuSSZNd7fB64gWUa',_binary '\0'),(39,'2025-01-11 12:15:00.000000','2025-01-11 12:15:00.000000','USER','professional2@gmail.com',_binary '\0','$2a$10$4IT4RAzYOZy5ke0TpEuOseqwgX0jCGAB94ELxpuSSZNd7fB64gWUa',_binary '\0'),(40,'2025-01-11 12:20:00.000000','2025-01-11 12:20:00.000000','EMPLOYER','recruit@startup.com',_binary '\0','$2a$10$4IT4RAzYOZy5ke0TpEuOseqwgX0jCGAB94ELxpuSSZNd7fB64gWUa',_binary '\0'),(41,'2025-01-11 12:25:00.000000','2025-01-11 12:25:00.000000','USER','developer2@yahoo.com',_binary '\0','$2a$10$4IT4RAzYOZy5ke0TpEuOseqwgX0jCGAB94ELxpuSSZNd7fB64gWUa',_binary '\0'),(42,'2025-01-11 12:30:00.000000','2025-01-11 12:30:00.000000','EMPLOYER','jobs@software.com',_binary '\0','$2a$10$4IT4RAzYOZy5ke0TpEuOseqwgX0jCGAB94ELxpuSSZNd7fB64gWUa',_binary '\0'),(43,'2025-01-11 12:35:00.000000','2025-01-11 12:35:00.000000','USER','engineer2@gmail.com',_binary '\0','$2a$10$4IT4RAzYOZy5ke0TpEuOseqwgX0jCGAB94ELxpuSSZNd7fB64gWUa',_binary '\0'),(44,'2025-01-11 12:40:00.000000','2025-01-11 12:40:00.000000','EMPLOYER','careers@consulting.com',_binary '\0','$2a$10$4IT4RAzYOZy5ke0TpEuOseqwgX0jCGAB94ELxpuSSZNd7fB64gWUa',_binary '\0'),(45,'2025-01-11 12:45:00.000000','2025-01-11 12:45:00.000000','USER','designer2@outlook.com',_binary '\0','$2a$10$4IT4RAzYOZy5ke0TpEuOseqwgX0jCGAB94ELxpuSSZNd7fB64gWUa',_binary '\0'),(46,'2025-01-11 12:50:00.000000','2025-01-11 12:50:00.000000','EMPLOYER','hr@agency.com',_binary '\0','$2a$10$4IT4RAzYOZy5ke0TpEuOseqwgX0jCGAB94ELxpuSSZNd7fB64gWUa',_binary '\0'),(47,'2025-01-11 12:55:00.000000','2025-01-11 12:55:00.000000','USER','analyst2@gmail.com',_binary '\0','$2a$10$4IT4RAzYOZy5ke0TpEuOseqwgX0jCGAB94ELxpuSSZNd7fB64gWUa',_binary '\0'),(48,'2025-01-11 13:00:00.000000','2025-01-11 13:00:00.000000','EMPLOYER','recruit@corporation.com',_binary '\0','$2a$10$4IT4RAzYOZy5ke0TpEuOseqwgX0jCGAB94ELxpuSSZNd7fB64gWUa',_binary '\0'),(49,'2025-01-11 13:05:00.000000','2025-01-11 13:05:00.000000','USER','manager2@yahoo.com',_binary '\0','$2a$10$4IT4RAzYOZy5ke0TpEuOseqwgX0jCGAB94ELxpuSSZNd7fB64gWUa',_binary '\0'),(50,'2025-01-11 13:10:00.000000','2025-01-11 13:10:00.000000','EMPLOYER','jobs@tech.com',_binary '\0','$2a$10$4IT4RAzYOZy5ke0TpEuOseqwgX0jCGAB94ELxpuSSZNd7fB64gWUa',_binary '\0'),(51,'2025-01-11 13:15:00.000000','2025-01-11 13:15:00.000000','USER','developer3@gmail.com',_binary '\0','$2a$10$4IT4RAzYOZy5ke0TpEuOseqwgX0jCGAB94ELxpuSSZNd7fB64gWUa',_binary '\0'),(52,'2025-01-11 13:20:00.000000','2025-01-11 13:20:00.000000','USER','designer3@outlook.com',_binary '\0','$2a$10$4IT4RAzYOZy5ke0TpEuOseqwgX0jCGAB94ELxpuSSZNd7fB64gWUa',_binary '\0'),(53,'2025-01-11 13:25:00.000000','2025-01-11 13:25:00.000000','USER','analyst3@yahoo.com',_binary '\0','$2a$10$4IT4RAzYOZy5ke0TpEuOseqwgX0jCGAB94ELxpuSSZNd7fB64gWUa',_binary '\0'),(54,'2025-01-11 13:30:00.000000','2025-01-11 13:30:00.000000','USER','engineer3@gmail.com',_binary '\0','$2a$10$4IT4RAzYOZy5ke0TpEuOseqwgX0jCGAB94ELxpuSSZNd7fB64gWUa',_binary '\0'),(55,'2025-01-11 13:35:00.000000','2025-01-11 13:35:00.000000','USER','manager3@outlook.com',_binary '\0','$2a$10$4IT4RAzYOZy5ke0TpEuOseqwgX0jCGAB94ELxpuSSZNd7fB64gWUa',_binary '\0'),(56,'2025-01-11 13:40:00.000000','2025-01-11 13:40:00.000000','USER','architect1@gmail.com',_binary '\0','$2a$10$4IT4RAzYOZy5ke0TpEuOseqwgX0jCGAB94ELxpuSSZNd7fB64gWUa',_binary '\0'),(57,'2025-01-11 13:45:00.000000','2025-01-11 13:45:00.000000','USER','tester1@yahoo.com',_binary '\0','$2a$10$4IT4RAzYOZy5ke0TpEuOseqwgX0jCGAB94ELxpuSSZNd7fB64gWUa',_binary '\0'),(58,'2025-01-11 13:50:00.000000','2025-01-11 13:50:00.000000','USER','devops1@gmail.com',_binary '\0','$2a$10$4IT4RAzYOZy5ke0TpEuOseqwgX0jCGAB94ELxpuSSZNd7fB64gWUa',_binary '\0'),(59,'2025-01-11 13:55:00.000000','2025-01-11 13:55:00.000000','USER','security1@outlook.com',_binary '\0','$2a$10$4IT4RAzYOZy5ke0TpEuOseqwgX0jCGAB94ELxpuSSZNd7fB64gWUa',_binary '\0'),(60,'2025-01-11 14:00:00.000000','2025-01-11 14:00:00.000000','USER','mobile1@gmail.com',_binary '\0','$2a$10$4IT4RAzYOZy5ke0TpEuOseqwgX0jCGAB94ELxpuSSZNd7fB64gWUa',_binary '\0'),(61,'2025-01-11 14:05:00.000000','2025-01-11 14:05:00.000000','USER','data1@yahoo.com',_binary '\0','$2a$10$4IT4RAzYOZy5ke0TpEuOseqwgX0jCGAB94ELxpuSSZNd7fB64gWUa',_binary '\0'),(62,'2025-01-11 14:10:00.000000','2025-01-11 14:10:00.000000','USER','cloud1@gmail.com',_binary '\0','$2a$10$4IT4RAzYOZy5ke0TpEuOseqwgX0jCGAB94ELxpuSSZNd7fB64gWUa',_binary '\0'),(63,'2025-01-11 14:15:00.000000','2025-01-11 14:15:00.000000','USER','network1@outlook.com',_binary '\0','$2a$10$4IT4RAzYOZy5ke0TpEuOseqwgX0jCGAB94ELxpuSSZNd7fB64gWUa',_binary '\0'),(64,'2025-01-11 14:20:00.000000','2025-01-11 14:20:00.000000','USER','system1@gmail.com',_binary '\0','$2a$10$4IT4RAzYOZy5ke0TpEuOseqwgX0jCGAB94ELxpuSSZNd7fB64gWUa',_binary '\0'),(65,'2025-01-11 14:25:00.000000','2025-01-11 14:25:00.000000','USER','business1@yahoo.com',_binary '\0','$2a$10$4IT4RAzYOZy5ke0TpEuOseqwgX0jCGAB94ELxpuSSZNd7fB64gWUa',_binary '\0'),(66,'2025-01-11 14:30:00.000000','2025-01-11 14:30:00.000000','USER','product1@gmail.com',_binary '\0','$2a$10$4IT4RAzYOZy5ke0TpEuOseqwgX0jCGAB94ELxpuSSZNd7fB64gWUa',_binary '\0'),(67,'2025-01-11 14:35:00.000000','2025-01-11 14:35:00.000000','USER','scrum1@outlook.com',_binary '\0','$2a$10$4IT4RAzYOZy5ke0TpEuOseqwgX0jCGAB94ELxpuSSZNd7fB64gWUa',_binary '\0'),(68,'2025-01-11 14:40:00.000000','2025-01-11 14:40:00.000000','USER','agile1@gmail.com',_binary '\0','$2a$10$4IT4RAzYOZy5ke0TpEuOseqwgX0jCGAB94ELxpuSSZNd7fB64gWUa',_binary '\0'),(69,'2025-01-11 14:45:00.000000','2025-01-11 14:45:00.000000','USER','project1@yahoo.com',_binary '\0','$2a$10$4IT4RAzYOZy5ke0TpEuOseqwgX0jCGAB94ELxpuSSZNd7fB64gWUa',_binary '\0'),(70,'2025-01-11 14:50:00.000000','2025-01-11 14:50:00.000000','USER','tech1@gmail.com',_binary '\0','$2a$10$4IT4RAzYOZy5ke0TpEuOseqwgX0jCGAB94ELxpuSSZNd7fB64gWUa',_binary '\0'),(85,'2025-08-22 22:25:56.159000','2025-08-22 22:25:56.159000','USER','ctr282@chahcyrans.com',_binary '\0','$2a$10$9qcWwjTRVI2SnWjPGu.ZXuTb0C3e4kfKXSGggalXg0H5k.pIgXTTW',_binary '\0'),(86,'2025-08-22 22:29:38.055000','2025-08-22 22:30:13.079000','USER','xives12320@namestal.com',_binary '','$2a$10$aU4Irw3i1AY9EqIbSM3iYuLKqKHbxHVmsWKhiuqcIMYA.qcxt.YlC',_binary ''),(88,'2025-08-22 22:42:40.758000','2025-08-22 22:43:21.792000','USER','tavoje4483@litepax.com',_binary '','$2a$10$i73WXoJJjWcVcRT6Ss9VgOGyWomv4MvxTDeqpT/R7G543DEgvq2RG',_binary ''),(89,'2025-09-17 15:19:33.405000','2025-09-17 15:20:09.589000','USER','miyebe8363@reifide.com',_binary '','$2a$10$TPw/21YPgutG.h4JyAGV9Oz1HXkeB97NtLwO36GqGVgytMwGOLYse',_binary ''),(90,'2025-11-18 14:32:58.492000','2025-11-18 14:33:41.101000','USER','minaj16071@canvect.com',_binary '','$2a$10$mynUtnPOMaHpD3IwqsRcaePTh2NVsBGL7LpfanWBLyoWqqUk6FuPW',_binary ''),(91,'2025-11-18 14:47:01.942000','2025-11-18 14:47:14.079000','EMPLOYER','comiki5652@gusronk.com',_binary '','$2a$10$/T85OgweWf2QtLW5vi48NuLInU0mthErOvkWoPpO4rIqy62b9lVX.',_binary ''),(92,'2025-11-18 16:08:48.674000','2025-11-18 16:09:00.913000','EMPLOYER','cekatel658@gyknife.com',_binary '','$2a$10$0b4sMK1q2jECPCcpdC/74O0Csx9TpGvNiJug1aJmCX8ghG4lwrN4e',_binary ''),(93,'2025-11-18 18:28:17.662000','2025-11-18 18:29:02.386000','USER','wopevoc480@gyknife.com',_binary '','$2a$10$VSyvG35QOeQuGlkAIEr3bup9TfSe81XW3fwIdZsa5nmWCNp2jgnEm',_binary ''),(94,'2025-11-19 18:07:50.613000','2025-11-19 18:08:00.119000','EMPLOYER','dofoxed708@delaeb.com',_binary '','$2a$10$8GwB7WQPAahRa.bINSgLW.XlqhE9.qQHbOlu356iJ5Se2yy12.NMe',_binary ''),(95,'2025-11-19 18:34:11.434000','2025-11-19 18:34:20.308000','EMPLOYER','ladaw94623@delaeb.com',_binary '','$2a$10$xu42mQKqHWUiMop8jBy9les5dS8oZ8bVYf..U89LOX4QRPuPMS78a',_binary ''),(96,'2025-11-20 13:50:44.490000','2025-11-20 13:50:55.890000','EMPLOYER','tosero9653@canvect.com',_binary '','$2a$10$fOyXTu6PjU74YVKkfxmd6.ZCnGcyjIQzizpMg/3BJsKEfixYHSo4a',_binary ''),(97,'2025-11-20 13:53:52.122000','2025-11-20 13:54:44.692000','USER','wewawax139@delaeb.com',_binary '','$2a$10$LxbpqCD4wfosflGnLX3HeeTCjEoluS1xaFgJicVQAqpG8.TZDLwmG',_binary ''),(98,'2025-11-20 20:30:19.506000','2025-11-20 21:02:58.699000','USER','tokido7001@gamepec.com',_binary '','$2a$10$ejX40wpt4J...dOkaVZ45O2OYgb1LZyWa.Ola8oxsGHN3jVFZKIGi',_binary ''),(99,'2025-11-23 14:16:48.977000','2025-11-23 14:17:51.223000','USER','wasol34526@okcdeals.com',_binary '','$2a$10$BoH0EikcrFoLBVqeF6eZ.urrVBIFfTWtnUR9boeuqceGx/TP9Fmdq',_binary ''),(100,'2025-11-23 14:23:09.489000','2025-11-23 14:23:18.922000','EMPLOYER','weloli2254@bablace.com',_binary '','$2a$10$14gKzF6FgjSePgry.IfdQe8qmtUr.BCHohfVg1q8HBDG/dsjH3jZm',_binary ''),(101,'2025-11-23 14:53:40.262000','2025-11-23 14:54:31.613000','USER','fekey67279@okcdeals.com',_binary '','$2a$10$t8QNCKbmVO.zNhWOJaquhuzD4iBXZ72BaJUx8IMYYX/LCuDcOFTK6',_binary ''),(102,'2025-11-23 14:56:35.117000','2025-11-23 14:57:08.301000','EMPLOYER','kamesob459@bablace.com',_binary '','$2a$10$63GB6D9ZdNl9pBx08bH.pOS.bZ0QAB9FL8dbcGnEx/geNcU004eoK',_binary ''),(103,'2025-11-24 15:16:19.910000','2025-11-24 15:17:13.064000','USER','lacent@reacc.me',_binary '','$2a$10$OIocwPeJZ5emNP1SYrO/L.k9bvsNfNJje8faahtzwmaCofOxssuv6',_binary '');
/*!40000 ALTER TABLE `account` ENABLE KEYS */;
UNLOCK TABLES;

--
-- Table structure for table `account_role`
--

DROP TABLE IF EXISTS `account_role`;
/*!40101 SET @saved_cs_client     = @@character_set_client */;
/*!50503 SET character_set_client = utf8mb4 */;
CREATE TABLE `account_role` (
  `account_id` bigint NOT NULL,
  `role_id` bigint NOT NULL,
  PRIMARY KEY (`account_id`,`role_id`),
  KEY `FKrs2s3m3039h0xt8d5yhwbuyam` (`role_id`),
  CONSTRAINT `FK1f8y4iy71kb1arff79s71j0dh` FOREIGN KEY (`account_id`) REFERENCES `account` (`id`),
  CONSTRAINT `FKrs2s3m3039h0xt8d5yhwbuyam` FOREIGN KEY (`role_id`) REFERENCES `role` (`id`)
) ENGINE=InnoDB DEFAULT CHARSET=utf8mb3;
/*!40101 SET character_set_client = @saved_cs_client */;

--
-- Dumping data for table `account_role`
--

LOCK TABLES `account_role` WRITE;
/*!40000 ALTER TABLE `account_role` DISABLE KEYS */;
INSERT INTO `account_role` VALUES (1,1),(2,1),(11,1),(12,1),(13,1),(15,1),(17,1),(19,1),(21,1),(23,1),(25,1),(27,1),(29,1),(31,1),(33,1),(35,1),(37,1),(39,1),(41,1),(43,1),(45,1),(47,1),(49,1),(51,1),(52,1),(53,1),(54,1),(55,1),(56,1),(57,1),(58,1),(59,1),(60,1),(61,1),(62,1),(63,1),(64,1),(65,1),(66,1),(67,1),(68,1),(69,1),(70,1),(85,1),(86,1),(88,1),(89,1),(90,1),(93,1),(97,1),(98,1),(99,1),(101,1),(103,1),(4,2),(8,2),(9,2),(10,2),(14,2),(16,2),(18,2),(20,2),(22,2),(24,2),(26,2),(28,2),(30,2),(32,2),(34,2),(36,2),(38,2),(40,2),(42,2),(44,2),(46,2),(48,2),(50,2),(91,2),(92,2),(94,2),(95,2),(96,2),(100,2),(102,2),(5,3);
/*!40000 ALTER TABLE `account_role` ENABLE KEYS */;
UNLOCK TABLES;

--
-- Table structure for table `admin`
--

DROP TABLE IF EXISTS `admin`;
/*!40101 SET @saved_cs_client     = @@character_set_client */;
/*!50503 SET character_set_client = utf8mb4 */;
CREATE TABLE `admin` (
  `id` bigint NOT NULL AUTO_INCREMENT,
  `created_date` datetime(6) DEFAULT NULL,
  `updated_date` datetime(6) DEFAULT NULL,
  `id_account` bigint NOT NULL,
  PRIMARY KEY (`id`),
  UNIQUE KEY `UKgwbx6ub760ndit06l30975jd1` (`id_account`),
  CONSTRAINT `FKhra2g2acnxfvpn4fkj31nkgyn` FOREIGN KEY (`id_account`) REFERENCES `account` (`id`)
) ENGINE=InnoDB AUTO_INCREMENT=2 DEFAULT CHARSET=utf8mb3;
/*!40101 SET character_set_client = @saved_cs_client */;

--
-- Dumping data for table `admin`
--

LOCK TABLES `admin` WRITE;
/*!40000 ALTER TABLE `admin` DISABLE KEYS */;
INSERT INTO `admin` VALUES (1,'2025-01-11 17:51:26.195000','2025-01-11 17:51:26.195000',5);
/*!40000 ALTER TABLE `admin` ENABLE KEYS */;
UNLOCK TABLES;

--
-- Table structure for table `application`
--

DROP TABLE IF EXISTS `application`;
/*!40101 SET @saved_cs_client     = @@character_set_client */;
/*!50503 SET character_set_client = utf8mb4 */;
CREATE TABLE `application` (
  `id` bigint NOT NULL AUTO_INCREMENT,
  `created_date` datetime(6) DEFAULT NULL,
  `updated_date` datetime(6) DEFAULT NULL,
  `code` varchar(255) NOT NULL,
  `status` enum('Accepted','Pending','Rejected') DEFAULT NULL,
  `id_candidate` bigint NOT NULL,
  `id_job` bigint NOT NULL,
  PRIMARY KEY (`id`),
  UNIQUE KEY `UK71pwmt7926snas9ph942knkme` (`code`),
  KEY `FKcjdc79h2tevgtv8vxe92lpc8g` (`id_candidate`),
  KEY `FKmqn1uovfnvp4f09b3twkholfi` (`id_job`),
  CONSTRAINT `FKcjdc79h2tevgtv8vxe92lpc8g` FOREIGN KEY (`id_candidate`) REFERENCES `candidate` (`id`),
  CONSTRAINT `FKmqn1uovfnvp4f09b3twkholfi` FOREIGN KEY (`id_job`) REFERENCES `job` (`id`)
) ENGINE=InnoDB AUTO_INCREMENT=37 DEFAULT CHARSET=utf8mb3;
/*!40101 SET character_set_client = @saved_cs_client */;

--
-- Dumping data for table `application`
--

LOCK TABLES `application` WRITE;
/*!40000 ALTER TABLE `application` DISABLE KEYS */;
INSERT INTO `application` VALUES (1,'2025-01-14 16:36:35.468000','2025-03-03 11:54:01.226000','APP-00001','Accepted',4,1),(2,'2025-01-14 16:36:44.851000','2025-01-14 16:36:44.851000','APP-00002','Pending',4,17),(3,'2025-01-14 16:37:00.582000','2025-01-14 16:37:00.582000','APP-00003','Pending',4,9),(4,'2025-01-14 16:37:15.353000','2025-01-14 16:37:15.353000','APP-00004','Pending',4,6),(5,'2025-01-14 16:37:24.792000','2025-01-14 16:37:24.792000','APP-00005','Pending',4,3),(6,'2025-01-14 16:44:06.938000','2025-01-14 16:44:06.938000','APP-00006','Pending',1,16),(7,'2025-01-14 16:44:14.059000','2025-01-14 16:44:14.059000','APP-00007','Pending',1,7),(8,'2025-01-14 16:44:20.374000','2025-01-14 16:44:20.374000','APP-00008','Pending',1,5),(9,'2025-01-14 16:44:32.729000','2025-03-03 11:39:31.143000','APP-00009','Accepted',1,3),(10,'2025-01-14 16:46:12.859000','2025-01-14 16:46:12.859000','APP-00010','Pending',1,9),(11,'2025-01-14 17:17:58.813000','2025-01-14 17:17:58.813000','APP-00011','Pending',2,18),(12,'2025-01-14 17:18:06.656000','2025-01-14 17:18:06.656000','APP-00012','Pending',2,16),(13,'2025-01-14 17:18:15.601000','2025-01-14 17:18:15.601000','APP-00013','Pending',2,8),(14,'2025-03-03 12:16:07.361000','2025-03-03 12:16:11.893000','APP-00014','Accepted',2,1),(15,'2025-08-21 23:56:08.661000','2025-08-21 23:56:50.335000','APP-00015','Accepted',16,5),(16,'2025-08-22 22:33:47.602000','2025-08-22 22:34:22.372000','APP-00016','Accepted',16,1),(17,'2025-08-22 22:50:12.797000','2025-08-22 22:50:23.572000','APP-00017','Accepted',37,1),(18,'2025-11-18 16:21:38.472000','2025-11-18 16:22:55.988000','APP-00018','Accepted',39,53),(19,'2025-11-18 18:32:45.522000','2025-11-18 18:32:57.728000','APP-00019','Accepted',40,53),(20,'2025-11-18 18:40:58.324000','2025-11-18 18:41:07.723000','APP-00020','Accepted',39,5),(21,'2025-11-19 17:01:51.125000','2025-11-19 17:02:06.906000','APP-00021','Accepted',40,6),(22,'2025-11-19 18:28:51.685000','2025-11-19 18:30:03.844000','APP-00022','Accepted',39,54),(23,'2025-11-19 18:41:06.555000','2025-11-19 18:41:21.496000','APP-00023','Accepted',39,57),(24,'2025-11-20 13:33:46.422000','2025-11-20 13:33:56.066000','APP-00024','Accepted',39,58),(25,'2025-11-20 13:43:07.497000','2025-11-20 13:43:21.771000','APP-00025','Accepted',39,59),(26,'2025-11-20 14:03:15.110000','2025-11-20 14:03:34.781000','APP-00026','Accepted',41,60),(27,'2025-11-21 23:24:16.333000','2025-11-22 04:05:05.676000','APP-00027','Accepted',42,59),(28,'2025-11-22 04:11:29.625000','2025-11-22 04:11:38.334000','APP-00028','Accepted',42,54),(29,'2025-11-23 14:38:34.303000','2025-11-23 14:38:49.448000','APP-00029','Accepted',43,65),(30,'2025-11-23 14:45:50.326000','2025-11-23 14:46:25.487000','APP-00030','Accepted',43,61),(31,'2025-11-23 15:01:26.181000','2025-11-23 15:01:45.673000','APP-00031','Accepted',44,66),(32,'2025-11-23 15:07:07.265000','2025-11-23 15:07:14.346000','APP-00032','Accepted',44,67),(33,'2025-11-23 15:41:29.315000','2025-11-23 15:42:01.587000','APP-00033','Accepted',43,16),(34,'2025-11-23 15:48:26.321000','2025-11-23 15:48:30.378000','APP-00034','Accepted',44,17),(35,'2025-11-24 15:29:05.596000','2025-11-24 15:29:17.491000','APP-00035','Accepted',45,16),(36,'2025-11-24 15:56:22.580000','2025-11-24 15:56:37.741000','APP-00036','Accepted',45,17);
/*!40000 ALTER TABLE `application` ENABLE KEYS */;
UNLOCK TABLES;

--
-- Table structure for table `candidate`
--

DROP TABLE IF EXISTS `candidate`;
/*!40101 SET @saved_cs_client     = @@character_set_client */;
/*!50503 SET character_set_client = utf8mb4 */;
CREATE TABLE `candidate` (
  `id` bigint NOT NULL AUTO_INCREMENT,
  `created_date` datetime(6) DEFAULT NULL,
  `updated_date` datetime(6) DEFAULT NULL,
  `address` varchar(255) DEFAULT NULL,
  `attached_file` varchar(255) DEFAULT NULL,
  `avatar` varchar(255) DEFAULT NULL,
  `birthday` datetime(6) DEFAULT NULL,
  `code` varchar(255) NOT NULL,
  `description` text,
  `education_level` enum('COLLEGE','DOCTORATE','HIGH_SCHOOL','OTHER','POSTGRADUATE','UNIVERSITY') DEFAULT NULL,
  `expected_salary` double DEFAULT NULL,
  `experience_level` enum('FIVE_TO_TEN_YEARS','LESS_THAN_1_YEAR','MORE_THAN_TEN_YEARS','NO_EXPERIENCE','ONE_TO_THREE_YEARS','THREE_TO_FIVE_YEARS') DEFAULT NULL,
  `is_available` bit(1) DEFAULT NULL,
  `job_level` enum('FRESHER','INTERN','JUNIOR','LEAD','MANAGER','MIDDLE','SENIOR') DEFAULT NULL,
  `job_type` enum('FULL_TIME','PART_TIME','SEASONAL') DEFAULT NULL,
  `last_active` datetime(6) DEFAULT NULL,
  `location` varchar(255) DEFAULT NULL,
  `phone` varchar(255) DEFAULT NULL,
  `sex` bit(1) DEFAULT NULL,
  `title` varchar(255) DEFAULT NULL,
  `industry_id` bigint DEFAULT NULL,
  `profession_id` bigint DEFAULT NULL,
  `id_user` bigint NOT NULL,
  PRIMARY KEY (`id`),
  UNIQUE KEY `UKgewm25dsq9orbejpkvnnj1e6y` (`code`),
  UNIQUE KEY `UKh58r42s4c6hess9d17xw9nbk4` (`id_user`),
  KEY `FKi2grm99sw4rld8xs9wf9c644k` (`industry_id`),
  KEY `FKt9pdnnpttwhpctn7ws02n0fhi` (`profession_id`),
  CONSTRAINT `FKi2grm99sw4rld8xs9wf9c644k` FOREIGN KEY (`industry_id`) REFERENCES `industry` (`id`),
  CONSTRAINT `FKijeixigb97l0g0gtom8i1ev8e` FOREIGN KEY (`id_user`) REFERENCES `user` (`id`),
  CONSTRAINT `FKt9pdnnpttwhpctn7ws02n0fhi` FOREIGN KEY (`profession_id`) REFERENCES `profession` (`id`)
) ENGINE=InnoDB AUTO_INCREMENT=46 DEFAULT CHARSET=utf8mb3;
/*!40101 SET character_set_client = @saved_cs_client */;

--
-- Dumping data for table `candidate`
--

LOCK TABLES `candidate` WRITE;
/*!40000 ALTER TABLE `candidate` DISABLE KEYS */;
INSERT INTO `candidate` VALUES (1,'2025-01-11 16:26:08.633000','2025-08-22 22:50:28.955000','Tổ 4 đường 23/10',NULL,'http://res.cloudinary.com/dy3wwjasr/image/upload/v1740976596/dbkeofx6tpepvmc8t0mo.jpg','2003-06-28 07:00:00.000000','CAND-00001',NULL,'UNIVERSITY',4000000,'LESS_THAN_1_YEAR',_binary '','JUNIOR','FULL_TIME','2025-08-22 22:50:28.954000','Thành phố Hồ Chí Minh','0703567854',_binary '','BackEnd Developer',1,1,1),(2,'2025-01-11 16:27:46.155000','2025-11-19 17:35:49.717000','22 đường 44','http://res.cloudinary.com/dy3wwjasr/image/upload/f_auto,q_auto/v1740977591/rhxetrv7kqdpsppzvuzk.pdf','http://res.cloudinary.com/dy3wwjasr/image/upload/v1736848096/e8xqdklabwmhemqdhkah.jpg','2001-08-04 07:00:00.000000','CAND-00002','<p><strong>Mục tiêu ngắn hạn:</strong></p><ul><li>Học hỏi các công cụ và quy trình phát triển frontend hiện đại như Webpack, Vite, Git, hoặc CI/CD để tăng hiệu quả công việc.</li></ul><p><strong>Mục tiêu dài hạn:</strong></p><ul><li>Trở thành một lập trình viên frontend chuyên nghiệp, có khả năng thiết kế và xây dựng các sản phẩm web chất lượng cao, đáp ứng kỳ vọng của người dùng.</li><li>Phát triển khả năng thiết kế hệ thống giao diện phức tạp, tối ưu hóa hiệu suất và bảo mật của các ứng dụng web frontend.</li><li>Đảm nhận vai trò Lead Frontend Developer hoặc UI/UX Designer, định hướng phát triển giao diện người dùng và đưa ra các giải pháp sáng tạo cho sản phẩm.</li><li>Đóng góp vào các dự án lớn, xây dựng các ứng dụng web có hiệu suất cao và tích hợp mượt mà với hệ thống backend.</li><li>Liên tục học hỏi các xu hướng công nghệ mới trong lĩnh vực frontend như WebAssembly, Progressive Web Apps (PWA), hoặc AI/ML trong frontend để mở rộng kiến thức chuyên môn.</li></ul><p><br></p>','UNIVERSITY',5000000,'ONE_TO_THREE_YEARS',_binary '','FRESHER','FULL_TIME','2025-11-19 17:35:49.716000','Thành phố Hà Nội','0369683675',_binary '','FrontEnd Developer',1,7,2),(4,'2025-01-13 23:44:09.345000','2025-11-24 16:17:27.722000','14/24 đường 26','http://res.cloudinary.com/dy3wwjasr/image/upload/f_auto,q_auto/v1736843520/ovsyy1iogo1lqubr7sv1.pdf','http://res.cloudinary.com/dy3wwjasr/image/upload/v1736841310/yulovufztswl7ibo1rse.png','2003-06-19 07:00:00.000000','CAND-00003','<p>Với kinh nghiệm 3 năm trong lĩnh vực phát triển phần mềm, tôi mong muốn đảm nhận vị trí Team Leader, dẫn dắt nhóm phát triển 5-7 thành viên. Tôi sẽ áp dụng kiến thức chuyên môn và kỹ năng quản lý để hoàn thành các dự án lớn, đồng thời phát triển đội ngũ nhân viên giỏi.</p>','UNIVERSITY',7000000,'ONE_TO_THREE_YEARS',_binary '','FRESHER','FULL_TIME','2025-11-24 16:17:27.721000','Thành phố Hồ Chí Minh','0745898648',_binary '','Fullstack Developer',1,1,4),(5,'2025-01-11 10:00:00.000000','2025-01-11 10:00:00.000000','123 Nguyễn Văn Linh, Q7','http://res.cloudinary.com/sample/cv1.pdf','http://res.cloudinary.com/sample/avatar1.jpg','1995-05-15 07:00:00.000000','CAND-00004','<p>Là một lập trình viên full-stack với 3 năm kinh nghiệm phát triển web application. Thành thạo Java, Spring Boot, ReactJS.</p>','UNIVERSITY',15000000,'THREE_TO_FIVE_YEARS',_binary '\0','MIDDLE','FULL_TIME',NULL,'Thành phố Hồ Chí Minh','0901234567',_binary '\0','Senior Full Stack Developer',1,1,12),(6,'2025-01-11 10:05:00.000000','2025-01-11 10:05:00.000000','45 Lê Thánh Tôn, Q1','http://res.cloudinary.com/sample/cv2.pdf','http://res.cloudinary.com/sample/avatar2.jpg','1997-08-20 07:00:00.000000','CAND-00005','<p>UI/UX Designer với 2 năm kinh nghiệm thiết kế giao diện người dùng. Sử dụng thành thạo Figma, Adobe XD.</p>','UNIVERSITY',12000000,'ONE_TO_THREE_YEARS',_binary '\0','JUNIOR','FULL_TIME',NULL,'Thành phố Hồ Chí Minh','0912345678',_binary '\0','UI/UX Designer',1,7,13),(7,'2025-01-11 10:15:00.000000','2025-01-11 10:15:00.000000','78 Điện Biên Phủ, Q.Bình Thạnh','http://res.cloudinary.com/sample/cv3.pdf','http://res.cloudinary.com/sample/avatar3.jpg','1993-12-10 07:00:00.000000','CAND-00006','<p>Product Manager với 5 năm kinh nghiệm quản lý sản phẩm phần mềm. Chuyên môn về Agile và Scrum.</p>','UNIVERSITY',25000000,'FIVE_TO_TEN_YEARS',_binary '\0','SENIOR','FULL_TIME',NULL,'Thành phố Hồ Chí Minh','0923456789',_binary '\0','Product Manager',1,2,15),(8,'2025-01-11 10:25:00.000000','2025-01-11 10:25:00.000000','234 Cách Mạng Tháng 8, Q3','http://res.cloudinary.com/sample/cv4.pdf','http://res.cloudinary.com/sample/avatar4.jpg','1999-03-25 07:00:00.000000','CAND-00007','<p>Frontend Developer với 1 năm kinh nghiệm. Thành thạo HTML, CSS, JavaScript và ReactJS.</p>','UNIVERSITY',10000000,'LESS_THAN_1_YEAR',_binary '\0','JUNIOR','FULL_TIME',NULL,'Thành phố Hồ Chí Minh','0934567890',_binary '\0','Frontend Developer',1,1,17),(9,'2025-01-11 10:35:00.000000','2025-03-03 11:39:31.143000','56 Nguyễn Đình Chiểu, Q3','http://res.cloudinary.com/sample/cv5.pdf','http://res.cloudinary.com/sample/avatar5.jpg','1996-07-30 07:00:00.000000','CAND-00008','<p>Data Analyst với 2 năm kinh nghiệm phân tích dữ liệu. Thành thạo SQL, Python, và Power BI.</p>','UNIVERSITY',18000000,'ONE_TO_THREE_YEARS',_binary '\0','MIDDLE','FULL_TIME','2025-03-03 11:39:31.142000','Thành phố Hồ Chí Minh','0945678901',_binary '\0','Data Analyst',1,9,19),(10,'2025-01-11 10:45:00.000000','2025-01-11 10:45:00.000000','89 Hai Bà Trưng, Q1','http://res.cloudinary.com/sample/cv6.pdf','http://res.cloudinary.com/sample/avatar6.jpg','1994-09-12 07:00:00.000000','CAND-00009','<p>DevOps Engineer với 4 năm kinh nghiệm. Chuyên sâu về AWS, Docker, và Kubernetes.</p>','UNIVERSITY',30000000,'THREE_TO_FIVE_YEARS',_binary '\0','SENIOR','FULL_TIME',NULL,'Thành phố Hồ Chí Minh','0956789012',_binary '\0','DevOps Engineer',1,3,21),(11,'2025-01-11 10:55:00.000000','2025-01-11 10:55:00.000000','167 Nguyễn Thị Minh Khai, Q1','http://res.cloudinary.com/sample/cv7.pdf','http://res.cloudinary.com/sample/avatar7.jpg','1998-11-05 07:00:00.000000','CAND-00010','<p>Mobile Developer với 2 năm kinh nghiệm phát triển ứng dụng iOS và Android.</p>','UNIVERSITY',20000000,'ONE_TO_THREE_YEARS',_binary '\0','MIDDLE','FULL_TIME',NULL,'Thành phố Hồ Chí Minh','0967890123',_binary '\0','Mobile Developer',1,10,23),(12,'2025-01-11 11:05:00.000000','2025-01-11 11:05:00.000000','45 Lý Tự Trọng, Q1','http://res.cloudinary.com/sample/cv8.pdf','http://res.cloudinary.com/sample/avatar8.jpg','1995-04-18 07:00:00.000000','CAND-00011','<p>QA Engineer với 3 năm kinh nghiệm kiểm thử phần mềm. Thành thạo Selenium và TestNG.</p>','UNIVERSITY',16000000,'THREE_TO_FIVE_YEARS',_binary '\0','MIDDLE','FULL_TIME',NULL,'Thành phố Hồ Chí Minh','0978901234',_binary '\0','QA Engineer',1,5,25),(13,'2025-01-11 11:15:00.000000','2025-01-11 11:15:00.000000','234 Trần Hưng Đạo, Q5','http://res.cloudinary.com/sample/cv9.pdf','http://res.cloudinary.com/sample/avatar9.jpg','1997-06-22 07:00:00.000000','CAND-00012','<p>Backend Developer với 2 năm kinh nghiệm. Chuyên sâu về NodeJS và MongoDB.</p>','UNIVERSITY',17000000,'ONE_TO_THREE_YEARS',_binary '\0','MIDDLE','FULL_TIME',NULL,'Thành phố Hồ Chí Minh','0989012345',_binary '\0','Backend Developer',1,1,27),(14,'2025-01-11 11:25:00.000000','2025-03-03 12:16:11.893000','78 Nam Kỳ Khởi Nghĩa, Q3','http://res.cloudinary.com/sample/cv10.pdf','http://res.cloudinary.com/sample/avatar10.jpg','1996-02-14 07:00:00.000000','CAND-00013','<p>System Administrator với 4 năm kinh nghiệm quản trị hệ thống Linux và Windows Server.</p>','UNIVERSITY',22000000,'THREE_TO_FIVE_YEARS',_binary '\0','SENIOR','FULL_TIME','2025-03-03 12:16:11.893000','Thành phố Hồ Chí Minh','0990123456',_binary '\0','System Administrator',1,8,29),(15,'2025-01-11 11:35:00.000000','2025-08-21 23:56:56.794000','56 Võ Văn Tần, Q3','http://res.cloudinary.com/sample/cv11.pdf','http://res.cloudinary.com/sample/avatar11.jpg','1998-08-30 07:00:00.000000','CAND-00014','<p>Business Analyst với 2 năm kinh nghiệm phân tích yêu cầu phần mềm và quy trình kinh doanh.</p>','UNIVERSITY',19000000,'ONE_TO_THREE_YEARS',_binary '\0','MIDDLE','FULL_TIME','2025-08-21 23:56:56.794000','Thành phố Hồ Chí Minh','0901234567',_binary '\0','Business Analyst',1,2,31),(16,'2025-01-11 13:00:00.000000','2025-08-22 22:34:22.372000','123 Lê Lợi, Q1, HCM','http://res.cloudinary.com/sample/cv16.pdf','http://res.cloudinary.com/sample/avatar16.jpg','1997-10-15 07:00:00.000000','CAND-00016','<p>Software Engineer với 3 năm kinh nghiệm phát triển web application.</p>','UNIVERSITY',20000000,'THREE_TO_FIVE_YEARS',_binary '\0','MIDDLE','FULL_TIME','2025-08-22 22:34:22.372000','Thành phố Hồ Chí Minh','0901234567',_binary '\0','Software Engineer',1,1,11),(17,'2025-01-11 13:05:00.000000','2025-08-22 22:50:23.572000','456 Nguyễn Huệ, Q1, HCM','http://res.cloudinary.com/sample/cv17.pdf','http://res.cloudinary.com/sample/avatar17.jpg','1996-08-20 07:00:00.000000','CAND-00017','<p>IT Consultant với 4 năm kinh nghiệm tư vấn giải pháp công nghệ.</p>','UNIVERSITY',25000000,'THREE_TO_FIVE_YEARS',_binary '\0','SENIOR','FULL_TIME','2025-08-22 22:50:23.572000','Thành phố Hồ Chí Minh','0912345678',_binary '\0','IT Consultant',1,2,33),(18,'2025-01-11 13:10:00.000000','2025-11-18 16:22:55.988000','789 Đồng Khởi, Q1, HCM','http://res.cloudinary.com/sample/cv18.pdf','http://res.cloudinary.com/sample/avatar18.jpg','1998-03-25 07:00:00.000000','CAND-00018','<p>Security Specialist với 2 năm kinh nghiệm trong lĩnh vực bảo mật.</p>','UNIVERSITY',18000000,'ONE_TO_THREE_YEARS',_binary '\0','MIDDLE','FULL_TIME','2025-11-18 16:22:55.988000','Thành phố Hồ Chí Minh','0923456789',_binary '\0','Security Specialist',1,3,35),(19,'2025-01-11 13:15:00.000000','2025-11-18 18:32:57.728000','101 Nam Kỳ Khởi Nghĩa, Q3, HCM','http://res.cloudinary.com/sample/cv19.pdf','http://res.cloudinary.com/sample/avatar19.jpg','1995-12-10 07:00:00.000000','CAND-00019','<p>Cloud Expert với 5 năm kinh nghiệm về AWS và Azure.</p>','UNIVERSITY',35000000,'FIVE_TO_TEN_YEARS',_binary '\0','SENIOR','FULL_TIME','2025-11-18 18:32:57.727000','Thành phố Hồ Chí Minh','0934567890',_binary '\0','Cloud Expert',1,4,37),(20,'2025-01-11 13:20:00.000000','2025-11-18 18:41:07.723000','202 Hai Bà Trưng, Q1, HCM','http://res.cloudinary.com/sample/cv20.pdf','http://res.cloudinary.com/sample/avatar20.jpg','1999-05-15 07:00:00.000000','CAND-00020','<p>Project Manager với 3 năm kinh nghiệm quản lý dự án CNTT.</p>','UNIVERSITY',28000000,'THREE_TO_FIVE_YEARS',_binary '\0','MIDDLE','FULL_TIME','2025-11-18 18:41:07.723000','Thành phố Hồ Chí Minh','0945678901',_binary '\0','Project Manager',1,2,39),(21,'2025-01-11 13:25:00.000000','2025-11-19 17:51:59.463000','303 Phạm Ngũ Lão, Q1, HCM','http://res.cloudinary.com/sample/cv21.pdf','http://res.cloudinary.com/sample/avatar21.jpg','1997-07-20 07:00:00.000000','CAND-00021','<p>Mobile Developer với 2 năm kinh nghiệm phát triển ứng dụng iOS.</p>','UNIVERSITY',22000000,'ONE_TO_THREE_YEARS',_binary '\0','MIDDLE','FULL_TIME','2025-11-19 17:51:59.462000','Thành phố Hồ Chí Minh','0956789012',_binary '\0','iOS Developer',1,1,41),(22,'2025-01-11 13:30:00.000000','2025-11-19 18:30:03.844000','404 Lý Tự Trọng, Q1, HCM','http://res.cloudinary.com/sample/cv22.pdf','http://res.cloudinary.com/sample/avatar22.jpg','1996-09-30 07:00:00.000000','CAND-00022','<p>DevOps Engineer với 3 năm kinh nghiệm về CI/CD và container.</p>','UNIVERSITY',26000000,'THREE_TO_FIVE_YEARS',_binary '\0','SENIOR','FULL_TIME','2025-11-19 18:30:03.844000','Thành phố Hồ Chí Minh','0967890123',_binary '\0','DevOps Engineer',1,3,43),(23,'2025-01-11 13:35:00.000000','2025-11-22 04:11:53.059000','505 Trần Hưng Đạo, Q5, HCM','http://res.cloudinary.com/sample/cv23.pdf','http://res.cloudinary.com/sample/avatar23.jpg','1998-11-25 07:00:00.000000','CAND-00023','<p>UI/UX Designer với 2 năm kinh nghiệm thiết kế giao diện người dùng.</p>','UNIVERSITY',20000000,'ONE_TO_THREE_YEARS',_binary '\0','MIDDLE','FULL_TIME','2025-11-22 04:11:53.058000','Thành phố Hồ Chí Minh','0978901234',_binary '\0','UI/UX Designer',1,7,45),(35,'2025-08-22 22:25:56.214000','2025-11-24 15:29:17.492000',NULL,NULL,NULL,NULL,'CAND-1755876356214',NULL,NULL,NULL,NULL,_binary '\0',NULL,NULL,'2025-11-24 15:29:17.490000',NULL,'0363434527',NULL,NULL,NULL,NULL,79),(36,'2025-08-22 22:29:38.060000','2025-11-24 15:56:37.741000',NULL,NULL,NULL,NULL,'CAND-1755876578060','<p><span style=\"background-color: rgb(250, 250, 250);\">Nhân Viên Kỹ Thuật FPT Telecom - Q. Tân Bình</span></p>',NULL,NULL,NULL,_binary '\0',NULL,NULL,'2025-11-24 15:56:37.738000',NULL,'0999999999',NULL,NULL,NULL,NULL,80),(37,'2025-08-22 22:42:40.762000','2025-08-22 22:51:21.923000','hcmmm',NULL,NULL,'2002-08-22 07:00:00.000000','CAND-1755877360762',NULL,'HIGH_SCHOOL',10000000,'THREE_TO_FIVE_YEARS',_binary '','MANAGER','FULL_TIME','2025-08-22 22:51:21.923000','Thành phố Hồ Chí Minh','0947446345',_binary '\0','Nhân Viên Kỹ Thuật FPT Telecom - Q. Tân Bình',1,1,81),(38,'2025-09-17 15:19:33.485000','2025-09-17 15:19:33.485000',NULL,NULL,NULL,NULL,'CAND-1758097173485',NULL,NULL,NULL,NULL,_binary '\0',NULL,NULL,NULL,NULL,'0999848938',NULL,NULL,NULL,NULL,82),(39,'2025-11-18 14:32:58.543000','2025-11-23 15:41:39.834000','hcm',NULL,NULL,'2004-04-03 07:00:00.000000','CAND-1763451178543',NULL,'UNIVERSITY',1010000000,'ONE_TO_THREE_YEARS',_binary '','JUNIOR','FULL_TIME','2025-11-23 15:41:39.834000','Thành phố Hồ Chí Minh','0947513654',_binary '','Kỹ sư Phát triển Phần mềm Java (Java Software Engineer)',1,7,83),(40,'2025-11-18 18:28:17.678000','2025-11-19 17:02:17.436000','hcm',NULL,NULL,'2004-10-28 07:00:00.000000','CAND-1763465297678','<p>Mục tiêu tổng thể là trở thành một <strong>chuyên gia kỹ thuật hàng đầu</strong> trong lĩnh vực phát triển phần mềm sử dụng Java, tập trung vào kiến trúc hệ thống phân tán và tối ưu hóa hiệu năng.</p>','UNIVERSITY',15000000,'LESS_THAN_1_YEAR',_binary '','JUNIOR','FULL_TIME','2025-11-19 17:02:17.436000','Thành phố Hồ Chí Minh','0946284921',_binary '\0','Kỹ sư Phát triển Phần mềm Java (Java Software Engineer)',1,1,84),(41,'2025-11-20 13:53:52.126000','2025-11-20 17:13:19.766000','hcm',NULL,NULL,'1990-08-15 07:00:00.000000','CAND-1763621632126',NULL,'UNIVERSITY',20000000,'ONE_TO_THREE_YEARS',_binary '','JUNIOR','FULL_TIME','2025-11-20 17:13:19.765000','Thành phố Hồ Chí Minh','0954637281',_binary '\0','Kỹ sư Phát triển Phần mềm',1,1,85),(42,'2025-11-20 20:30:19.551000','2025-11-22 04:12:24.350000','hcm',NULL,NULL,'2000-03-25 07:00:00.000000','CAND-1763645419551','<p>trở thành java</p>','UNIVERSITY',15000000,'LESS_THAN_1_YEAR',_binary '','JUNIOR','FULL_TIME','2025-11-22 04:12:24.349000','Thành phố Đà Nẵng','0965738283',_binary '\0','Nhân viên',1,1,86),(43,'2025-11-23 14:16:49.023000','2025-11-23 15:42:37.724000','hcm',NULL,NULL,'1995-01-01 07:00:00.000000','CAND-1763882209023','<p>Trở thành Chuyên viên Marketing Digital cấp cao, đóng góp vào tăng trưởng doanh thu 30% hàng năm cho công ty.</p>','UNIVERSITY',15000000,'LESS_THAN_1_YEAR',_binary '','MIDDLE','FULL_TIME','2025-11-23 15:42:37.723000','Thành phố Hồ Chí Minh','0975839392',_binary '\0','Chuyên viên Phân tích Dữ liệu',1,1,87),(44,'2025-11-23 14:53:40.265000','2025-11-23 15:49:49.665000','hcm',NULL,NULL,'2003-10-10 07:00:00.000000','CAND-1763884420265',NULL,'UNIVERSITY',20000000,'ONE_TO_THREE_YEARS',_binary '','JUNIOR','FULL_TIME','2025-11-23 15:49:49.664000','Thành phố Đà Nẵng','0975738473',_binary '\0','Trưởng phòng Marketing',1,2,88),(45,'2025-11-24 15:16:19.955000','2025-11-25 13:22:49.390000','Hồ Chí Minh','http://res.cloudinary.com/donyshjex/image/upload/f_auto,q_auto/v1763974525/dtyvvrzymgj5cbcvawno.png','http://res.cloudinary.com/donyshjex/image/upload/v1763972672/vj0idv2f76e6g9qijvhe.jpg','2000-05-10 07:00:00.000000','CAND-1763972179955','<p>Phát triển thành chuyên gia Data Science trong 3 năm.</p>','UNIVERSITY',20000000,'ONE_TO_THREE_YEARS',_binary '','MIDDLE','FULL_TIME','2025-11-25 13:22:49.389000','Thành phố Hồ Chí Minh','0965738543',_binary '\0','Lập trình viên',1,1,89);
/*!40000 ALTER TABLE `candidate` ENABLE KEYS */;
UNLOCK TABLES;

--
-- Table structure for table `candidate_certifications`
--

DROP TABLE IF EXISTS `candidate_certifications`;
/*!40101 SET @saved_cs_client     = @@character_set_client */;
/*!50503 SET character_set_client = utf8mb4 */;
CREATE TABLE `candidate_certifications` (
  `candidate_id` bigint NOT NULL,
  `certifications` varchar(255) DEFAULT NULL,
  KEY `FKq8yebv4p2v13llw1ar7wcilu5` (`candidate_id`),
  CONSTRAINT `FKq8yebv4p2v13llw1ar7wcilu5` FOREIGN KEY (`candidate_id`) REFERENCES `candidate` (`id`)
) ENGINE=InnoDB DEFAULT CHARSET=utf8mb3;
/*!40101 SET character_set_client = @saved_cs_client */;

--
-- Dumping data for table `candidate_certifications`
--

LOCK TABLES `candidate_certifications` WRITE;
/*!40000 ALTER TABLE `candidate_certifications` DISABLE KEYS */;
/*!40000 ALTER TABLE `candidate_certifications` ENABLE KEYS */;
UNLOCK TABLES;

--
-- Table structure for table `candidate_saved_jobs`
--

DROP TABLE IF EXISTS `candidate_saved_jobs`;
/*!40101 SET @saved_cs_client     = @@character_set_client */;
/*!50503 SET character_set_client = utf8mb4 */;
CREATE TABLE `candidate_saved_jobs` (
  `candidate_id` bigint NOT NULL,
  `job_id` bigint NOT NULL,
  KEY `FK3cvalru7psoltoge6mtxg240` (`job_id`),
  KEY `FK7wfw5jb2hqkslgdhs4ad4ycx2` (`candidate_id`),
  CONSTRAINT `FK3cvalru7psoltoge6mtxg240` FOREIGN KEY (`job_id`) REFERENCES `job` (`id`),
  CONSTRAINT `FK7wfw5jb2hqkslgdhs4ad4ycx2` FOREIGN KEY (`candidate_id`) REFERENCES `candidate` (`id`)
) ENGINE=InnoDB DEFAULT CHARSET=utf8mb3;
/*!40101 SET character_set_client = @saved_cs_client */;

--
-- Dumping data for table `candidate_saved_jobs`
--

LOCK TABLES `candidate_saved_jobs` WRITE;
/*!40000 ALTER TABLE `candidate_saved_jobs` DISABLE KEYS */;
INSERT INTO `candidate_saved_jobs` VALUES (4,17),(4,18),(4,1),(4,3),(1,18),(1,16),(1,7),(1,5),(1,3),(2,8),(16,5),(39,59),(43,65),(45,17);
/*!40000 ALTER TABLE `candidate_saved_jobs` ENABLE KEYS */;
UNLOCK TABLES;

--
-- Table structure for table `candidate_skill`
--

DROP TABLE IF EXISTS `candidate_skill`;
/*!40101 SET @saved_cs_client     = @@character_set_client */;
/*!50503 SET character_set_client = utf8mb4 */;
CREATE TABLE `candidate_skill` (
  `id` bigint NOT NULL AUTO_INCREMENT,
  `created_date` datetime(6) DEFAULT NULL,
  `updated_date` datetime(6) DEFAULT NULL,
  `proficiency_level` enum('ADVANCED','BEGINNER','EXPERT','INTERMEDIATE') DEFAULT NULL,
  `candidate_id` bigint NOT NULL,
  `skill_id` bigint NOT NULL,
  PRIMARY KEY (`id`),
  KEY `FKijjf42p0sh2c2na28g5aalx2p` (`candidate_id`),
  KEY `FKb7cxhiqhcah7c20a2cdlvr1f8` (`skill_id`),
  CONSTRAINT `FKb7cxhiqhcah7c20a2cdlvr1f8` FOREIGN KEY (`skill_id`) REFERENCES `skill` (`id`),
  CONSTRAINT `FKijjf42p0sh2c2na28g5aalx2p` FOREIGN KEY (`candidate_id`) REFERENCES `candidate` (`id`)
) ENGINE=InnoDB AUTO_INCREMENT=33 DEFAULT CHARSET=utf8mb3;
/*!40101 SET character_set_client = @saved_cs_client */;

--
-- Dumping data for table `candidate_skill`
--

LOCK TABLES `candidate_skill` WRITE;
/*!40000 ALTER TABLE `candidate_skill` DISABLE KEYS */;
INSERT INTO `candidate_skill` VALUES (1,'2025-01-14 15:06:32.912000','2025-01-14 15:06:32.912000','INTERMEDIATE',4,1),(2,'2025-01-14 15:57:35.993000','2025-01-14 15:57:35.993000','ADVANCED',4,28),(5,'2025-01-14 15:59:50.658000','2025-01-14 15:59:50.658000','INTERMEDIATE',4,2),(6,'2025-01-14 16:24:46.565000','2025-01-14 16:24:46.565000','ADVANCED',4,46),(7,'2025-01-14 16:24:58.549000','2025-01-14 16:24:58.549000','INTERMEDIATE',4,3),(8,'2025-01-14 16:25:09.775000','2025-01-14 16:25:09.775000','BEGINNER',4,61),(9,'2025-01-14 16:43:15.182000','2025-01-14 16:43:15.182000','INTERMEDIATE',1,1),(10,'2025-01-14 16:43:19.643000','2025-01-14 16:43:19.643000','INTERMEDIATE',1,2),(11,'2025-01-14 16:43:25.793000','2025-01-14 16:43:25.793000','INTERMEDIATE',1,46),(12,'2025-01-14 16:43:31.538000','2025-01-14 16:43:31.538000','INTERMEDIATE',1,36),(13,'2025-01-14 16:43:37.276000','2025-01-14 16:43:37.276000','INTERMEDIATE',1,15),(14,'2025-01-14 17:17:29.091000','2025-01-14 17:17:29.091000','INTERMEDIATE',2,3),(15,'2025-01-14 17:17:32.238000','2025-01-14 17:17:32.238000','BEGINNER',2,1),(16,'2025-01-14 17:17:35.798000','2025-01-14 17:17:35.798000','INTERMEDIATE',2,2),(17,'2025-01-14 17:17:40.127000','2025-01-14 17:17:40.127000','BEGINNER',2,4),(18,'2025-08-22 22:45:58.631000','2025-08-22 22:45:58.631000','ADVANCED',37,8),(19,'2025-11-18 14:38:55.230000','2025-11-18 14:38:55.230000','ADVANCED',39,46),(20,'2025-11-18 14:39:01.146000','2025-11-18 14:39:01.146000','ADVANCED',39,1),(21,'2025-11-18 14:39:07.723000','2025-11-18 14:39:07.723000','ADVANCED',39,14),(22,'2025-11-18 18:32:12.971000','2025-11-18 18:32:12.971000','EXPERT',40,5),(23,'2025-11-18 18:32:18.699000','2025-11-18 18:32:18.699000','EXPERT',40,1),(24,'2025-11-18 18:32:22.811000','2025-11-18 18:32:22.811000','EXPERT',40,14),(25,'2025-11-20 14:02:46.848000','2025-11-20 14:02:46.848000','EXPERT',41,8),(26,'2025-11-20 14:02:52.530000','2025-11-20 14:02:52.530000','EXPERT',41,2),(27,'2025-11-22 03:05:12.925000','2025-11-22 03:05:12.925000','EXPERT',42,3),(28,'2025-11-22 03:05:17.881000','2025-11-22 03:05:17.881000','EXPERT',42,2),(29,'2025-11-23 14:43:01.379000','2025-11-23 14:43:01.379000','EXPERT',43,1),(30,'2025-11-23 14:43:05.520000','2025-11-23 14:43:05.520000','EXPERT',43,15),(31,'2025-11-24 15:22:03.540000','2025-11-24 15:22:03.540000','ADVANCED',45,1),(32,'2025-11-24 15:22:08.762000','2025-11-24 15:22:08.762000','EXPERT',45,14);
/*!40000 ALTER TABLE `candidate_skill` ENABLE KEYS */;
UNLOCK TABLES;

--
-- Table structure for table `chat_rooms`
--

DROP TABLE IF EXISTS `chat_rooms`;
/*!40101 SET @saved_cs_client     = @@character_set_client */;
/*!50503 SET character_set_client = utf8mb4 */;
CREATE TABLE `chat_rooms` (
  `id` bigint NOT NULL AUTO_INCREMENT,
  `created_date` datetime(6) DEFAULT NULL,
  `updated_date` datetime(6) DEFAULT NULL,
  `last_message` varchar(255) DEFAULT NULL,
  `last_message_time` datetime(6) DEFAULT NULL,
  `room_id` varchar(255) DEFAULT NULL,
  `candidate_id` bigint DEFAULT NULL,
  `employer_id` bigint DEFAULT NULL,
  PRIMARY KEY (`id`),
  UNIQUE KEY `UKtmf6ectlc88brf0myju8ry0yt` (`room_id`),
  KEY `FK57qe7jp2gwcvkv71dhi23xiqa` (`candidate_id`),
  KEY `FK1sb4tfbc5i5jg1kwdhm9wnymk` (`employer_id`),
  CONSTRAINT `FK1sb4tfbc5i5jg1kwdhm9wnymk` FOREIGN KEY (`employer_id`) REFERENCES `employer` (`id`),
  CONSTRAINT `FK57qe7jp2gwcvkv71dhi23xiqa` FOREIGN KEY (`candidate_id`) REFERENCES `candidate` (`id`)
) ENGINE=InnoDB AUTO_INCREMENT=57 DEFAULT CHARSET=utf8mb3;
/*!40101 SET character_set_client = @saved_cs_client */;

--
-- Dumping data for table `chat_rooms`
--

LOCK TABLES `chat_rooms` WRITE;
/*!40000 ALTER TABLE `chat_rooms` DISABLE KEYS */;
INSERT INTO `chat_rooms` VALUES (8,'2025-08-22 22:38:34.853000','2025-08-22 22:38:34.853000','Bắt đầu cuộc trò chuyện','2025-08-22 22:38:34.853000','room_1_16',16,1),(10,'2025-08-22 22:50:30.165000','2025-08-22 22:52:15.092000','xin chaof','2025-08-22 22:52:15.091000','room_1_37',37,1),(25,'2025-11-19 17:33:16.806000','2025-11-19 17:33:16.806000','Bắt đầu cuộc trò chuyện','2025-11-19 17:33:16.806000','room_2_40',40,2),(26,'2025-11-19 17:35:52.447000','2025-11-19 17:35:52.447000','Bắt đầu cuộc trò chuyện','2025-11-19 17:35:52.447000','room_2_16',16,2),(27,'2025-11-19 17:35:58.270000','2025-11-19 17:51:19.293000','\\ffff','2025-11-19 17:51:19.291000','room_2_39',39,2),(32,'2025-11-20 13:43:54.381000','2025-11-20 13:43:54.381000','Bắt đầu cuộc trò chuyện','2025-11-20 13:43:54.380000','room_24_39',39,24),(33,'2025-11-20 14:05:00.225000','2025-11-20 14:06:06.382000','thank you','2025-11-20 14:06:06.379000','room_25_41',41,25),(34,'2025-11-22 04:07:04.456000','2025-11-22 04:07:04.456000','Bắt đầu cuộc trò chuyện','2025-11-22 04:07:04.455000','room_24_42',42,24),(36,'2025-11-22 04:11:55.171000','2025-11-22 04:11:55.171000','Bắt đầu cuộc trò chuyện','2025-11-22 04:11:55.171000','room_23_42',42,23),(43,'2025-11-23 15:35:00.418000','2025-11-23 15:35:44.248000','hi','2025-11-23 15:35:44.245000','room_27_44',44,27),(44,'2025-11-23 15:39:26.403000','2025-11-23 15:39:36.905000','hi','2025-11-23 15:39:36.904000','room_26_43',43,26),(56,'2025-11-24 16:00:11.981000','2025-11-24 16:01:13.320000','cảm ơn bạn đã nhắc nhở','2025-11-24 16:01:13.317000','room_4_45',45,4);
/*!40000 ALTER TABLE `chat_rooms` ENABLE KEYS */;
UNLOCK TABLES;

--
-- Table structure for table `chatbot_rule`
--

DROP TABLE IF EXISTS `chatbot_rule`;
/*!40101 SET @saved_cs_client     = @@character_set_client */;
/*!50503 SET character_set_client = utf8mb4 */;
CREATE TABLE `chatbot_rule` (
  `id` bigint NOT NULL AUTO_INCREMENT,
  `category` varchar(255) DEFAULT NULL,
  `pattern` text,
  `priority` int DEFAULT NULL,
  `response` text,
  PRIMARY KEY (`id`)
) ENGINE=InnoDB DEFAULT CHARSET=utf8mb3;
/*!40101 SET character_set_client = @saved_cs_client */;

--
-- Dumping data for table `chatbot_rule`
--

LOCK TABLES `chatbot_rule` WRITE;
/*!40000 ALTER TABLE `chatbot_rule` DISABLE KEYS */;
/*!40000 ALTER TABLE `chatbot_rule` ENABLE KEYS */;
UNLOCK TABLES;

--
-- Table structure for table `employer`
--

DROP TABLE IF EXISTS `employer`;
/*!40101 SET @saved_cs_client     = @@character_set_client */;
/*!50503 SET character_set_client = utf8mb4 */;
CREATE TABLE `employer` (
  `id` bigint NOT NULL AUTO_INCREMENT,
  `created_date` datetime(6) DEFAULT NULL,
  `updated_date` datetime(6) DEFAULT NULL,
  `business_license` varchar(255) DEFAULT NULL,
  `code` varchar(255) NOT NULL,
  `company_address` varchar(255) DEFAULT NULL,
  `company_description` text,
  `company_logo` varchar(255) DEFAULT NULL,
  `company_name` varchar(100) DEFAULT NULL,
  `company_phone` varchar(255) DEFAULT NULL,
  `company_size` varchar(255) DEFAULT NULL,
  `company_website` varchar(255) DEFAULT NULL,
  `contact_email` varchar(255) DEFAULT NULL,
  `contact_name` varchar(255) DEFAULT NULL,
  `contact_phone` varchar(255) DEFAULT NULL,
  `contact_position` varchar(255) DEFAULT NULL,
  `location` varchar(255) DEFAULT NULL,
  `status` enum('ACTIVE','INACTIVE','SUSPENDED') DEFAULT NULL,
  `tax_code` varchar(255) DEFAULT NULL,
  `id_account` bigint NOT NULL,
  `id_industry` bigint DEFAULT NULL,
  PRIMARY KEY (`id`),
  UNIQUE KEY `UKb1vxmtbyb9mtu02m2tbdc1m9i` (`code`),
  UNIQUE KEY `UKjh30m0ev6s7meiu70365p570x` (`id_account`),
  KEY `FKgb66ihvxm9w25jrmrx84qfxtn` (`id_industry`),
  CONSTRAINT `FK9wch1vo9vo11jsm7dera7wjse` FOREIGN KEY (`id_account`) REFERENCES `account` (`id`),
  CONSTRAINT `FKgb66ihvxm9w25jrmrx84qfxtn` FOREIGN KEY (`id_industry`) REFERENCES `industry` (`id`)
) ENGINE=InnoDB AUTO_INCREMENT=28 DEFAULT CHARSET=utf8mb3;
/*!40101 SET character_set_client = @saved_cs_client */;

--
-- Dumping data for table `employer`
--

LOCK TABLES `employer` WRITE;
/*!40000 ALTER TABLE `employer` DISABLE KEYS */;
INSERT INTO `employer` VALUES (1,'2025-01-11 17:07:53.231000','2025-01-11 17:35:16.415000','0101778163','EMP-81750c62','66 Đ. Hoàng Diệu 2, Khu Pho 3, Thành phố Thủ Đức','FPT Telecom là một trong những công ty viễn thông hàng đầu tại Việt Nam, thành lập vào năm 1997. Đây là một thành viên của Tập đoàn FPT, tập đoàn công nghệ lớn và uy tín trong nước. FPT Telecom cung cấp các dịch vụ viễn thông và Internet chất lượng cao, phục vụ cho cả khách hàng cá nhân và doanh nghiệp.\n\nCác lĩnh vực kinh doanh chính của FPT Telecom:\n1.Dịch vụ Internet băng thông rộng:\nCung cấp các gói cước Internet cáp quang tốc độ cao (FTTH) với độ ổn định và tốc độ vượt trội.\nPhục vụ nhu cầu của hộ gia đình, doanh nghiệp, và tổ chức với các giải pháp tùy chỉnh.\n2.Dịch vụ Truyền hình trả tiền (PayTV):\nFPT Play Box và FPT Play cung cấp hàng trăm kênh truyền hình, phim truyện, giải trí và thể thao trực tuyến.\nCông nghệ hiện đại mang lại trải nghiệm mượt mà trên các thiết bị khác nhau.\n3.Dịch vụ đám mây và trung tâm dữ liệu:\nCung cấp giải pháp lưu trữ, quản lý và bảo mật dữ liệu doanh nghiệp trên nền tảng đám mây.\n4.Dịch vụ thoại và các giải pháp số:\nDịch vụ điện thoại cố định và giải pháp hội nghị trực tuyến.\nCác sản phẩm IoT, giải pháp nhà thông minh, và các dịch vụ ứng dụng số khác.\n5.Giải pháp doanh nghiệp:\nCung cấp hạ tầng CNTT, quản lý mạng, và các giải pháp chuyển đổi số cho doanh nghiệp.\nThành tựu nổi bật:','http://res.cloudinary.com/dy3wwjasr/image/upload/v1736591207/hvjpnuliozq9kcnrnfgv.png','FPT Telecom','0754745457','1000+','https://fpt-telecom.vn/','acerbee@onlinecmail.com','Phạm Huy','84724457757','CEO','Thành phố Hồ Chí Minh','ACTIVE','0101248141',4,1),(2,'2025-01-11 17:56:30.781000','2025-01-11 17:58:18.730000','0101778167','EMP-4e990001','108 Trần Hưng Đạo, Cửa Nam, Quận Hoàn Kiếm','TẦM NHÌN\n\nTrở thành Ngân hàng có quy mô tổng tài sản lớn nhất, hiệu quả hoạt động hàng đầu Ngành Ngân hàng Việt Nam. Hướng tới trở thành một tập đoàn tài chính ngân hàng hiện đại, đa năng, theo chuẩn quốc tế.\n\nSỨ MỆNH\n\nLà ngân hàng số 1 của hệ thống ngân hàng Việt Nam, cung cấp sản phẩm, dịch vụ tài chính ngân hàng hiện đại, tiện ích, tiêu chuẩn quốc tế.\n\nGIÁ TRỊ CỐT LÕI\n\nHướng đến khách hàng: \"Khách hàng là trung tâm trong mọi hoạt động của VietinBank. VietinBank cam kết mang đến những sản phẩm, dịch vụ và phong cách phục vụ đồng nhất; một VietinBank duy nhất đáp ứng tốt nhất mọi nhu cầu phù hợp của khách hàng\".\n\nHướng đến sự hoàn hảo: \"VietinBank sử dụng nội lực, nguồn lực để luôn đổi mới, hướng đến sự hoàn hảo\".\n\nNăng động, sáng tạo, chuyên nghiệp, hiện đại: \"Lãnh đạo, cán bộ và người lao động VietinBank luôn thể hiện sự năng động, sáng tạo, chuyên nghiệp, tận tâm, minh bạch và hiện đại trong mọi giao dịch, quan hệ với khách hàng, đối tác và đồng nghiệp\".\n\nTrung thực, chính trực, minh bạch, đạo đức nghề nghiệp: \"Đội ngũ lãnh đạo, cán bộ và người lao động VietinBank luôn suy nghĩ, hành động đảm bảo sự công bằng, chính trực, minh bạch và trách nhiệm\".\n\nSự tôn trọng: \"Tôn trọng, chia sẻ, quan tâm đối với khách hàng, đối tác, lãnh đạo và đồng nghiệp\".\n\nBảo vệ và phát triển thương hiệu: \"Lãnh đạo, cán bộ và người lao động bảo vệ uy tín, thương hiệu VietinBank như bảo vệ chính danh dự, nhân phẩm của mình\".\n\nPhát triển bền vững và trách nhiệm với cộng đồng, xã hội: \"Đổi mới, sáng tạo là động lực; tăng trưởng, phát triển, kinh doanh an toàn, hiệu quả, bền vững là mục tiêu. Thực hiện tốt trách nhiệm với cộng đồng, xã hội là niềm vinh dự và tự hào của VietinBank\".\n\nTRIẾT LÝ KINH DOANH\n\nAn toàn, hiệu quả và bền vững;\n\nTrung thành, tận tụy, đoàn kết, đổi mới, trí tuệ, kỷ cương;\n\nSự thành công của khách hàng là sự thành công của VietinBank.','http://res.cloudinary.com/dy3wwjasr/image/upload/v1736593095/aajw2sbatwgigmbspl8x.png','Ngân Hàng TMCP Công Thương Việt Nam (VietinBank)','0727575745','1000+','https://www.vietinbank.vn/','acerbee@amazinggift.life','Phạm Đông','84703268648','HR Manager','Thành phố Hà Nội','ACTIVE','0101248152',8,2),(3,'2025-01-12 17:50:34.633000','2025-01-12 18:03:18.865000','0101778145','EMP-19a1ec52','số 08, đường TS15, KCN Tiên Sơn, xã Hoàn Sơn, huyện Tiên Du, Huyện Tiên Du','- Công ty Cổ phần Công nghệ thực phẩm Châu Á - AFOTECH (địa chỉ tại số 8, đường TS15, KCN Tiên Sơn, Bắc Ninh)  là doanh nghiệp chuyên sản xuất, kinh doanh trong ngành hàng thực phẩm với các sản phẩm : Mì ăn liền, phở ăn liền, cháo ăn liền, nước mắm, nước tương, tương ớt, sate, gia vị, kem tươi…\n\n- Ngoài ra, Công ty còn kinh doanh về xây dựng và một số loại hình dịch vụ ăn uống và Hệ thống Nhà hàng tại Hà Nội, Huế và Đà Nẵng. Được thành lập từ năm 1991, trải qua 25 năm phát triển với quy mô hơn 2.200 cán bộ công nhân viên của các nhà máy, các chi nhánh miền Trung, miền Nam, các nhà hàng ăn uống và Cửa hàng kem trên toàn quốc cùng đội ngũ kỹ sư công nghệ và nhân viên lành nghề, Công ty chúng tôi đã đưa ra thị trường các loại sản phẩm chất lượng cao mang thương hiệu: Micoem, Cung Đình, Gà nấm, Mummum, DimDim, Zonzon, Tứ Tuyệt… nước mắm Ông Tây, Long Đình…. với 100% nước cốt mắm từ đảo Phú Quốc,…; Hệ thống Nhà hàng Madame. Lân và các loại Kem tươi NZ (New Zealand),… với những hương vị thơm ngon mà 100% nguyên liệu được nhập khẩu từ New Zealand.\n\n- Công ty chúng tôi luôn đảm bảo thực hiện đầy đủ mọi chế độ chính sách BHXH, BHYT, BHTN và mức lương, thưởng cạnh tranh cho nhân viên so với tất cả các công ty kinh doanh cùng lĩnh vực kể cả các công ty nước ngoài. Để mở rộng phát triển sản xuất kinh doanh nhằm đáp ứng nhu cầu của thị trường và mức tăng trưởng ngày càng tăng hàng năm của Công ty, Chúng tôi hiện đang có nhu cầu tuyển dụng gấp vị trí nhân sự quan trọng sau đây:','http://res.cloudinary.com/dy3wwjasr/image/upload/v1736679521/afmwcydqmq9gnyze2mxc.jpg','CÔNG TY CỔ PHẦN CÔNG NGHỆ THỰC PHẨM CHÂU Á (AFOTECH)','0727575757','501-1000','https://afotech.vn','acerbee@gmail2.gq','Ngô Đức','84757454542','HR Manager','Tỉnh Bắc Ninh','ACTIVE','0101248157',9,1),(4,'2025-01-13 01:29:23.855000','2025-01-13 01:31:21.890000','0101778156','EMP-8e286cdc','69 Nguyễn Thi, Phường 13, Quận 5','Được thành lập ngày 29/01/2000, khởi đầu từ một công ty chuyên kinh doanh các sản phẩm vật liệu hàn, kim loại màu…Qua 20 năm hoạt động, đến nay Tập đoàn Kim Tín đã phát triển thành 1 tập đoàn gồm hơn 10 công ty thành viên trải dài từ Bắc đến Nam.\n\nVới các sản phẩm dịch vụ có chất lượng cao và khả năng tài chính lành mạnh, tập đoàn Kim Tín đã có uy tín cả trong và ngoài nước như là một đối tác tin cậy có trình độ và hiệu quả hoạt động cao. Chính vì thế kết quả kinh doanh của tập đoàn đã liên tục phát triển vững chắc trong thời gian qua\n\n\n\nĐằng sau sự tăng trưởng mạnh mẽ của Kim Tín là sức mạnh và sự đóng góp của hơn 3.000 cán bộ công nhân viên có trình độ cao, năng động, trẻ trung và nhiệt huyết. Cùng với mục tiêu \" Phát triển Kim Tín trở thành một tập đoàn mạnh trong ngành kim khí và gỗ\", Kim Tín đã, đang và sẽ đầu tư hàng loạt các dự án mới trên khắp cả nước, đạt đến tầm nhìn: \"THAY ĐỔI ĐỂ PHÁT TRIỂN VÀ TRƯỜNG TỒN\"','http://res.cloudinary.com/dy3wwjasr/image/upload/v1736706680/ilzsejf8ll5i9tthnm5v.png','CÔNG TY CỔ PHẦN TẬP ĐOÀN KIM TÍN','0754745459','501-1000','http://www.kimtingroup.com/','acerbee@aggressivesa.online','Thế Đức','84369683626','Manager','Thành phố Hồ Chí Minh','ACTIVE','0101248157',10,1),(5,'2025-01-11 10:00:00.000000','2025-01-11 10:00:00.000000','0123456789','EMP-00005','Tòa nhà FPT, Phố Duy Tân, Cầu Giấy','<p>FPT Software là công ty thành viên của Tập đoàn FPT, được thành lập từ năm 1999. Hiện FPT Software là công ty công nghệ lớn nhất Việt Nam với hơn 20.000 nhân viên.</p>','https://upload.wikimedia.org/wikipedia/commons/thumb/1/11/FPT_logo_2010.svg/1200px-FPT_logo_2010.svg.png','FPT Software','02473007300','10000+','https://www.fpt-software.com','hr@fpt.com.vn','Nguyễn Văn A','0901234567','HR Manager','Hà Nội','ACTIVE','0101248141',14,1),(6,'2025-01-11 10:10:00.000000','2025-01-11 10:10:00.000000','0123456790','EMP-00006','Tòa nhà VNG Campus, Quận 7','<p>VNG là công ty công nghệ hàng đầu Việt Nam, được thành lập năm 2004, hiện sở hữu nhiều sản phẩm công nghệ phổ biến như Zalo, ZaloPay.</p>','https://upload.wikimedia.org/wikipedia/commons/thumb/8/8f/VNG_Corp._logo.svg/1200px-VNG_Corp._logo.svg.png','VNG Corporation','02873098789','3000+','https://www.vng.com.vn','careers@vng.com.vn','Trần Thị B','0912345678','Talent Acquisition Lead','Thành phố Hồ Chí Minh','ACTIVE','0303490706',16,1),(7,'2025-01-11 10:20:00.000000','2025-01-11 10:20:00.000000','0123456791','EMP-00007','Tòa nhà Viettel, 285 Cách Mạng Tháng 8','<p>Viettel là Tập đoàn Công nghiệp - Viễn thông Quân đội, là doanh nghiệp lớn nhất Việt Nam. Viettel Solutions chuyên cung cấp giải pháp công nghệ.</p>','https://yte.viettel.vn/upload/1000337/20210118/Viettel-without_slogan-01_34bf1bf614.png','Viettel Solutions','02462698686','5000+','https://solutions.viettel.vn','hr@viettel.com.vn','Lê Văn C','0923456789','HR Director','Hà Nội','ACTIVE','0100109106',18,1),(8,'2025-01-11 10:30:00.000000','2025-01-11 10:30:00.000000','0123456792','EMP-00008','Tòa nhà Vincom Center, 72 Lê Thánh Tôn','<p>Tập đoàn Vingroup là một trong những tập đoàn kinh tế tư nhân đa ngành lớn nhất Việt Nam. VinFast và VinSmart là các công ty công nghệ của Vingroup.</p>','https://media.licdn.com/dms/image/v2/C4D0BAQG9F4eHRxnaNA/company-logo_200_200/company-logo_200_200/0/1631305200748?e=2147483647&v=beta&t=GsM2Ka2bHBVWWosmBsGIwGlGKr_p98UeHi1JHL6WT9g','Vingroup JSC','1900232389','2000+','https://www.vingroup.net','recruitment@vingroup.net','Phạm Thị D','0934567890','Talent Acquisition Manager','Thành phố Hồ Chí Minh','ACTIVE','0101245486',20,1),(9,'2025-01-11 10:40:00.000000','2025-01-11 10:40:00.000000','0123456793','EMP-00009','Tòa nhà CMC, Duy Tân, Cầu Giấy','<p>CMC Corporation là một trong những tập đoàn công nghệ hàng đầu Việt Nam với hơn 27 năm kinh nghiệm trong lĩnh vực CNTT.</p>','https://media.licdn.com/dms/image/v2/C4E0BAQFSjtxKev2A3A/company-logo_200_200/company-logo_200_200/0/1631336985398?e=2147483647&v=beta&t=ltJdJFajskxOhyU5X6rWL3Pp89OiV7XgoBesxr3sV9s','CMC Corporation','02437958595','3000+','https://www.cmc.com.vn','hr@cmc.com.vn','Nguyễn Thị E','0945678901','HR Manager','Hà Nội','ACTIVE','0100263505',22,1),(10,'2025-01-11 10:50:00.000000','2025-01-11 10:50:00.000000','0123456794','EMP-00010','Tòa nhà Handico, Phạm Hùng, Nam Từ Liêm','<p>MISA là công ty phần mềm hàng đầu trong lĩnh vực kế toán, tài chính và quản trị doanh nghiệp tại Việt Nam.</p>','https://upload.wikimedia.org/wikipedia/commons/thumb/1/12/Logo_MISA_JSC_Vie.jpg/1200px-Logo_MISA_JSC_Vie.jpg','MISA JSC','02438336888','2000+','https://www.misa.vn','tuyendung@misa.com.vn','Trần Văn F','0956789012','HR Director','Hà Nội','ACTIVE','0101243150',24,1),(11,'2025-01-11 11:00:00.000000','2025-01-11 11:00:00.000000','0123456795','EMP-00011','Tòa nhà Saigon Centre, 65 Lê Lợi, Q1','<p>Tập đoàn Techcombank là một trong những ngân hàng TMCP lớn nhất Việt Nam, đang đẩy mạnh chuyển đổi số.</p>','https://upload.wikimedia.org/wikipedia/commons/7/7c/Techcombank_logo.png','Techcombank','1800588822','10000+','https://www.techcombank.com.vn','careers@techcombank.com.vn','Lê Thị G','0967890123','Talent Acquisition Lead','Thành phố Hồ Chí Minh','ACTIVE','0311315995',26,2),(12,'2025-01-11 11:10:00.000000','2025-01-11 11:10:00.000000','0123456796','EMP-00012','Tòa nhà Lotte Center, 54 Liễu Giai','<p>Tập đoàn MoMo là ví điện tử lớn nhất Việt Nam với hơn 20 triệu người dùng, đang phát triển mạnh về fintech.</p>','https://upload.wikimedia.org/wikipedia/vi/f/fe/MoMo_Logo.png','MoMo','02873088888','2000+','https://momo.vn','hr@momo.vn','Phạm Văn H','0978901234','HR Manager','Thành phố Hồ Chí Minh','ACTIVE','0312359841',28,2),(13,'2025-01-11 11:20:00.000000','2025-01-11 11:20:00.000000','0123456797','EMP-00013','182 Lê Đại Hành, Hai Bà Trưng','<p>Tiki là một trong những sàn thương mại điện tử lớn nhất Việt Nam, với hệ thống công nghệ hiện đại.</p>','https://cdn-new.topcv.vn/unsafe/https://static.topcv.vn/company_logos/6YgPMQJY8tFn1UCPeDBUiFoWCfaITKiX_1641720785____0c58877dd49b7478d3430003cd60f259.png','Tiki Corporation','19006035','3000+','https://tiki.vn','recruitment@tiki.vn','Nguyễn Văn I','0989012345','HR Director','Thành phố Hồ Chí Minh','ACTIVE','0309532909',30,1),(14,'2025-01-11 11:30:00.000000','2025-01-11 11:30:00.000000','0123456798','EMP-00014','Tòa nhà Viettel Complex, 285 Cách Mạng Tháng 8','<p>Sendo là sàn thương mại điện tử lớn của Việt Nam, tập trung vào phát triển công nghệ và trải nghiệm người dùng.</p>','https://static.ybox.vn/2023/9/5/1695399874662-sendo-app-01.png','Sendo JSC','19001090','1000+','https://www.sendo.vn','careers@sendo.vn','Trần Thị K','0990123456','Talent Acquisition Manager','Thành phố Hồ Chí Minh','ACTIVE','0312776486',32,1),(15,'2025-01-11 11:40:00.000000','2025-01-11 11:40:00.000000','0123456799','EMP-00015','Tòa nhà Bitexco Financial, Quận 1','<p>Be Group là công ty công nghệ Việt Nam, phát triển nền tảng gọi xe và các dịch vụ tiện ích.</p>','https://imgmainsite.be.com.vn/2020/08/388c3d6a-logo-be.jpeg','Be Group','19001819','500+','https://be.com.vn','hr@begroup.vn','Lê Văn L','0901234567','HR Manager','Thành phố Hồ Chí Minh','ACTIVE','0315959441',34,1),(16,'2025-01-15 10:00:00.000000','2025-01-15 10:00:00.000000','0123456800','EMP-00016','Tòa nhà Lotte Center Hanoi, 54 Liễu Giai, Ba Đình','<p>Lotte Data Communication là công ty công nghệ thông tin thuộc Tập đoàn Lotte, chuyên cung cấp các giải pháp CNTT tổng thể cho doanh nghiệp.</p>','https://images02.vietnamworks.com//companyprofile/vietnamworks/en/Lotte_Data-Logo.png','Lotte Data Communication Vietnam','02473046789','1000+','https://ldcc.vn','hr@ldcc.vn','Nguyễn Văn M','0912345678','HR Director','Hà Nội','ACTIVE','0108944891',36,1),(17,'2025-01-15 10:10:00.000000','2025-01-15 10:10:00.000000','0123456801','EMP-00017','Tòa nhà Sun City, 13 Hai Bà Trưng','<p>Sun* Inc. là công ty công nghệ Nhật Bản, chuyên về phát triển phần mềm và chuyển đổi số cho doanh nghiệp.</p>','https://sun-asterisk.vn/wp-content/uploads/2020/10/logo.png','Sun* Inc.','02473046790','500+','https://sun-asterisk.vn','hr@sun-asterisk.vn','Trần Thị N','0923456789','HR Manager','Hà Nội','ACTIVE','0108944892',38,1),(18,'2025-01-15 10:20:00.000000','2025-01-15 10:20:00.000000','0123456802','EMP-00018','Tòa nhà TNR, 54A Nguyễn Chí Thanh','<p>NashTech là công ty công nghệ đa quốc gia, chuyên cung cấp dịch vụ phát triển phần mềm và tư vấn công nghệ.</p>','https://thanhnien.mediacdn.vn/Uploaded/quochung.qc/2020_01_16/nashtech/nash_tech_primary_pos_srgb_OYCJ.png?width=500','NashTech Vietnam','02473046791','1500+','https://www.nashtechglobal.com','careers@nashtech.com','Lê Văn O','0934567890','Talent Acquisition Lead','Hà Nội','ACTIVE','0108944893',40,1),(19,'2025-01-15 10:30:00.000000','2025-01-15 10:30:00.000000','0123456803','EMP-00019','Tòa nhà Detech, 107 Nguyễn Phong Sắc','<p>KMS Technology là công ty phần mềm quốc tế, chuyên về phát triển và kiểm thử phần mềm.</p>','https://upload.wikimedia.org/wikipedia/commons/6/64/KMS-Logo.png','KMS Technology','02473046792','2000+','https://kms-technology.com','hr@kms-technology.com','Phạm Văn P','0945678901','HR Director','Hà Nội','ACTIVE','0108944894',42,1),(20,'2025-01-15 10:40:00.000000','2025-01-15 10:40:00.000000','0123456804','EMP-00020','Tòa nhà Capital Place, 29 Liễu Giai','<p>TMA Solutions là công ty phần mềm hàng đầu Việt Nam với hơn 25 năm kinh nghiệm.</p>','https://upload.wikimedia.org/wikipedia/commons/f/f9/TMA-Solutions-Logo.png','TMA Solutions','02473046793','2500+','https://www.tma.vn','recruitment@tma.com.vn','Hoàng Thị Q','0956789012','HR Manager','Hà Nội','ACTIVE','0108944895',44,1),(21,'2025-11-18 14:47:01.956000','2025-11-18 14:47:01.956000',NULL,'EMP-c01000b7','Tầng 5, Tòa nhà A, 123 Đường Nguyễn Huệ, Phường Bến Nghé, Quận 1, Thành phố Hồ Chí Minh',NULL,NULL,'Công ty Cổ phần Giải pháp Công nghệ Sáng tạo Việt (VIET-INNO TECH)','1908888889',NULL,NULL,'comiki5652@gusronk.com','Nguyen Ngan','84946197654','HR Manager','Thành phố Hồ Chí Minh','ACTIVE',NULL,91,1),(22,'2025-11-18 16:08:48.711000','2025-11-18 16:08:48.711000',NULL,'EMP-8336b777','hcm, Huyện Bình Chánh, Thành phố Hồ Chí Minh',NULL,NULL,'Công ty TNHH Phần mềm Alpha (Alpha Software Solutions)','0984839284',NULL,NULL,'cekatel658@gyknife.com','Le Hoang','84909547264','HR Manager','Thành phố Hồ Chí Minh','ACTIVE',NULL,92,1),(23,'2025-11-19 18:07:50.660000','2025-11-19 18:07:50.660000',NULL,'EMP-b4452169','Tầng 5, Tòa nhà XYZ, 123 Đường Nguyễn Văn A, Phường Bến Nghé, Quận 1, Thành phố Hồ Chí Minh',NULL,NULL,'Công ty Cổ phần Giải pháp Công nghệ ABC','02812345678',NULL,NULL,'dofoxed708@delaeb.com','nguyen Quan','84984726437','HR Manager','Thành phố Hồ Chí Minh','ACTIVE',NULL,94,1),(24,'2025-11-19 18:34:11.445000','2025-11-19 18:34:11.445000',NULL,'EMP-4a446a7c','100/5 Đường D2, Phường 25, Quận Cái Răng, Thành phố Cần Thơ',NULL,NULL,'Công ty Cổ phần Công nghệ Toàn cầu 4.0','0948393939',NULL,NULL,'ladaw94623@delaeb.com','lan lan','84954637284','HR Manager','Thành phố Cần Thơ','ACTIVE',NULL,95,1),(25,'2025-11-20 13:50:44.511000','2025-11-20 13:50:44.511000',NULL,'EMP-e3153aef','Tầng 3, Tòa nhà Thanh Xuân, 20 Đường Trần Đăng Ninh, Phường Dịch Vọng, Quận 1, Thành phố Hồ Chí Minh',NULL,NULL,'Công ty Cổ phần Đào tạo Công nghệ Vươn Xa','0935678234',NULL,NULL,'tosero9653@canvect.com','123 maihoang','84925463728','HR Manager','Thành phố Hồ Chí Minh','ACTIVE',NULL,96,1),(26,'2025-11-23 14:23:09.497000','2025-11-23 14:23:09.497000',NULL,'EMP-30df1932','220A Đường Nguyễn Văn Cừ, Phường Nguyễn Cư Trinh, Huyện Củ Chi, Thành phố Hồ Chí Minh',NULL,NULL,'Công ty \"Tiền Phong\"','0954638473',NULL,NULL,'weloli2254@bablace.com','Td Nga','84985463754','HR Manager','Thành phố Hồ Chí Minh','ACTIVE',NULL,100,1),(27,'2025-11-23 14:56:35.120000','2025-11-23 14:56:35.120000',NULL,'EMP-4292c410','Khu Công nghiệp VSIP I, Đường số 17, Phường Thuận Giao, Quận Cẩm Lệ, Thành phố Đà Nẵng',NULL,NULL,'Tập đoàn Đầu tư & Phát triển Bách Khoa','0918765432',NULL,NULL,'kamesob459@bablace.com','td lan','84974658342','Manager','Thành phố Đà Nẵng','ACTIVE',NULL,102,1);
/*!40000 ALTER TABLE `employer` ENABLE KEYS */;
UNLOCK TABLES;

--
-- Table structure for table `industry`
--

DROP TABLE IF EXISTS `industry`;
/*!40101 SET @saved_cs_client     = @@character_set_client */;
/*!50503 SET character_set_client = utf8mb4 */;
CREATE TABLE `industry` (
  `id` bigint NOT NULL AUTO_INCREMENT,
  `created_date` datetime(6) DEFAULT NULL,
  `updated_date` datetime(6) DEFAULT NULL,
  `description` varchar(255) DEFAULT NULL,
  `name` varchar(255) DEFAULT NULL,
  PRIMARY KEY (`id`)
) ENGINE=InnoDB AUTO_INCREMENT=11 DEFAULT CHARSET=utf8mb3;
/*!40101 SET character_set_client = @saved_cs_client */;

--
-- Dumping data for table `industry`
--

LOCK TABLES `industry` WRITE;
/*!40000 ALTER TABLE `industry` DISABLE KEYS */;
INSERT INTO `industry` VALUES (1,'2025-01-11 16:23:15.318000','2025-01-11 16:23:15.318000','Công nghệ thông tin và truyền thông','IT & Telecommunications'),(2,'2025-01-11 16:23:15.320000','2025-01-11 16:23:15.320000','Tài chính và ngân hàng','Banking & Finance'),(3,'2025-01-11 16:23:15.321000','2025-01-11 16:23:15.321000','Giáo dục và đào tạo','Education & Training'),(4,'2025-01-11 16:23:15.323000','2025-01-11 16:23:15.323000','Bán lẻ và thương mại','Retail & Commerce'),(5,'2025-01-11 16:23:15.324000','2025-01-11 16:23:15.324000','Sản xuất và chế tạo','Manufacturing'),(6,'2025-01-11 16:23:15.326000','2025-01-11 16:23:15.326000','Y tế và chăm sóc sức khỏe','Healthcare & Medical'),(7,'2025-01-11 16:23:15.327000','2025-01-11 16:23:15.327000','Bất động sản','Real Estate'),(8,'2025-01-11 16:23:15.328000','2025-01-11 16:23:15.328000','Du lịch và khách sạn','Tourism & Hospitality'),(9,'2025-01-11 16:23:15.329000','2025-01-11 16:23:15.329000','Logistics và vận tải','Logistics & Transportation'),(10,'2025-01-11 16:23:15.330000','2025-01-11 16:23:15.330000','Xây dựng và kiến trúc','Construction & Architecture');
/*!40000 ALTER TABLE `industry` ENABLE KEYS */;
UNLOCK TABLES;

--
-- Table structure for table `interview`
--

DROP TABLE IF EXISTS `interview`;
/*!40101 SET @saved_cs_client     = @@character_set_client */;
/*!50503 SET character_set_client = utf8mb4 */;
CREATE TABLE `interview` (
  `id` bigint NOT NULL AUTO_INCREMENT,
  `created_date` datetime(6) DEFAULT NULL,
  `updated_date` datetime(6) DEFAULT NULL,
  `code` varchar(255) NOT NULL,
  `interview_date` date NOT NULL,
  `interview_time` time(6) NOT NULL,
  `location` varchar(255) DEFAULT NULL,
  `note` varchar(255) DEFAULT NULL,
  `status` enum('CANCELLED','COMPLETED','SCHEDULED') DEFAULT NULL,
  `title` varchar(255) DEFAULT NULL,
  `type` enum('OFFLINE','ONLINE') DEFAULT NULL,
  `application_id` bigint NOT NULL,
  PRIMARY KEY (`id`),
  UNIQUE KEY `UKkf6qakgjtfl73b5urt3hmpesy` (`code`),
  KEY `FKdyrt85lva791fmh1qnhf0ee0f` (`application_id`),
  CONSTRAINT `FKdyrt85lva791fmh1qnhf0ee0f` FOREIGN KEY (`application_id`) REFERENCES `application` (`id`)
) ENGINE=InnoDB AUTO_INCREMENT=4 DEFAULT CHARSET=utf8mb3;
/*!40101 SET character_set_client = @saved_cs_client */;

--
-- Dumping data for table `interview`
--

LOCK TABLES `interview` WRITE;
/*!40000 ALTER TABLE `interview` DISABLE KEYS */;
INSERT INTO `interview` VALUES (1,'2025-11-19 18:42:06.583000','2025-11-19 18:42:06.583000','INT-00001','2025-11-20','15:00:00.000000','Hcm','','SCHEDULED','phỏng vấn','OFFLINE',23),(2,'2025-11-20 14:04:13.230000','2025-11-20 14:04:13.230000','INT-00002','2025-11-21','14:00:00.000000','hcm','','SCHEDULED','dpv','OFFLINE',26),(3,'2025-11-24 15:58:17.228000','2025-11-24 15:58:17.228000','INT-00003','2025-11-25','19:00:00.000000','Q4, HCM','','SCHEDULED','Đi phỏng vấn','OFFLINE',35);
/*!40000 ALTER TABLE `interview` ENABLE KEYS */;
UNLOCK TABLES;

--
-- Table structure for table `invoice`
--

DROP TABLE IF EXISTS `invoice`;
/*!40101 SET @saved_cs_client     = @@character_set_client */;
/*!50503 SET character_set_client = utf8mb4 */;
CREATE TABLE `invoice` (
  `id` bigint NOT NULL AUTO_INCREMENT,
  `created_date` datetime(6) DEFAULT NULL,
  `updated_date` datetime(6) DEFAULT NULL,
  `amount` double DEFAULT NULL,
  `code` varchar(255) NOT NULL,
  `description` varchar(255) DEFAULT NULL,
  `invoice_number` varchar(255) NOT NULL,
  `issue_date` datetime(6) DEFAULT NULL,
  `note` varchar(255) DEFAULT NULL,
  `status` enum('CANCELLED','PAID','PENDING') DEFAULT NULL,
  `subscription_id` bigint NOT NULL,
  PRIMARY KEY (`id`),
  UNIQUE KEY `UKt6xkdjx1qtd5whp2iljdfn2yj` (`invoice_number`),
  UNIQUE KEY `UK12gxln0fq2xo74vs01gg71vbu` (`subscription_id`),
  CONSTRAINT `FKqq10t9s4dv9pe8madoly741if` FOREIGN KEY (`subscription_id`) REFERENCES `subscriptions` (`id`)
) ENGINE=InnoDB AUTO_INCREMENT=76 DEFAULT CHARSET=utf8mb3;
/*!40101 SET character_set_client = @saved_cs_client */;

--
-- Dumping data for table `invoice`
--

LOCK TABLES `invoice` WRITE;
/*!40000 ALTER TABLE `invoice` DISABLE KEYS */;
INSERT INTO `invoice` VALUES (1,'2025-01-11 17:47:58.986000','2025-01-11 17:48:15.240000',50000,'INV1736592478985','Thanh toán gói Basic','6592478986','2025-01-11 17:47:58.986000',NULL,'PAID',1),(2,'2025-01-12 18:07:44.250000','2025-01-12 18:09:21.255000',50000,'INV1736680064249','Thanh toán gói Basic','6680064249','2025-01-12 18:07:44.249000',NULL,'PAID',2),(3,'2025-01-12 18:12:55.403000','2025-01-12 18:12:55.403000',50000,'INV1736680375403','Thanh toán gói Basic','6680375403','2025-01-12 18:12:55.403000',NULL,'PENDING',3),(4,'2025-01-12 18:14:58.773000','2025-01-12 18:15:53.154000',50000,'INV1736680498772','Thanh toán gói Basic','6680498772','2025-01-12 18:14:58.772000',NULL,'PAID',4),(5,'2025-01-12 18:16:22.010000','2025-01-12 18:17:47.583000',50000,'INV1736680582010','Thanh toán gói Basic','6680582010','2025-01-12 18:16:22.010000',NULL,'PAID',5),(6,'2025-01-12 18:18:15.165000','2025-01-12 18:18:25.634000',50000,'INV1736680695165','Thanh toán gói Basic','6680695165','2025-01-12 18:18:15.165000',NULL,'PAID',6),(7,'2025-01-12 18:18:53.614000','2025-01-12 18:19:04.148000',50000,'INV1736680733614','Thanh toán gói Basic','6680733614','2025-01-12 18:18:53.614000',NULL,'PAID',7),(8,'2025-01-12 18:22:52.516000','2025-01-12 18:23:08.491000',2000000,'INV1736680972516','Thanh toán gói Premium','6680972516','2025-01-12 18:22:52.516000',NULL,'PAID',8),(9,'2025-01-12 18:32:07.510000','2025-01-12 18:32:18.033000',2000000,'INV1736681527510','Thanh toán gói Premium','6681527510','2025-01-12 18:32:07.510000',NULL,'PAID',9),(10,'2025-01-12 18:33:31.271000','2025-01-12 18:33:43.548000',2000000,'INV1736681611271','Thanh toán gói Premium','6681611271','2025-01-12 18:33:31.271000',NULL,'PAID',10),(11,'2025-01-12 18:39:58.119000','2025-01-12 18:40:09.048000',2000000,'INV1736681998118','Thanh toán gói Premium','6681998118','2025-01-12 18:39:58.118000',NULL,'PAID',11),(12,'2025-01-12 18:44:38.576000','2025-01-12 18:44:52.390000',2000000,'INV1736682278575','Thanh toán gói Premium','6682278575','2025-01-12 18:44:38.575000',NULL,'PAID',12),(13,'2025-01-12 18:49:06.737000','2025-01-12 18:51:58.303000',2000000,'INV1736682546736','Thanh toán gói Premium','6682546736','2025-01-12 18:49:06.737000',NULL,'PAID',13),(14,'2025-01-12 20:25:34.424000','2025-01-12 20:25:54.120000',2000000,'INV1736688334423','Thanh toán gói Premium','6688334423','2025-01-12 20:25:34.424000',NULL,'PAID',14),(15,'2025-01-12 20:27:20.012000','2025-01-12 20:27:33.504000',2000000,'INV1736688440012','Thanh toán gói Premium','6688440012','2025-01-12 20:27:20.012000',NULL,'PAID',15),(16,'2025-01-12 20:28:19.449000','2025-01-12 20:28:30.920000',5000000,'INV1736688499449','Thanh toán gói Enterprise','6688499449','2025-01-12 20:28:19.449000',NULL,'PAID',16),(17,'2025-01-13 18:40:25.644000','2025-01-13 18:40:25.644000',50000,'INV1736768425642','Thanh toán gói Basic','6768425643','2025-01-13 18:40:25.643000',NULL,'PENDING',17),(18,'2025-01-13 18:41:26.045000','2025-01-13 18:41:42.924000',50000,'INV1736768486045','Thanh toán gói Basic','6768486045','2025-01-13 18:41:26.045000',NULL,'PAID',18),(19,'2025-01-13 22:45:01.563000','2025-01-13 22:45:17.442000',2000000,'INV1736783101560','Thanh toán gói Premium','6783101561','2025-01-13 22:45:01.561000',NULL,'PAID',19),(20,'2025-01-13 23:14:39.267000','2025-01-13 23:15:36.570000',2000000,'INV1736784879267','Gia hạn gói Premium','6784879267','2025-01-13 23:14:39.267000',NULL,'PAID',20),(34,'2025-03-03 11:40:22.293000','2025-03-03 11:41:28.066000',50000,'INV1740976822283','Thanh toán gói Basic','0976822283','2025-03-03 11:40:22.292000',NULL,'PAID',34),(35,'2025-03-03 11:54:27.329000','2025-03-03 11:54:45.806000',2000000,'INV1740977667328','Thanh toán gói Premium','0977667328','2025-03-03 11:54:27.328000',NULL,'PAID',35),(36,'2025-03-03 12:18:26.736000','2025-03-03 12:18:47.475000',50000,'INV1740979106736','Thanh toán gói Basic','0979106736','2025-03-03 12:18:26.736000',NULL,'PAID',36),(37,'2025-08-22 21:11:40.909000','2025-08-22 21:11:40.909000',2000000,'INV1755871900902','Thanh toán gói Premium','5871900902','2025-08-22 21:11:40.909000',NULL,'PENDING',37),(38,'2025-11-15 23:43:49.787000','2025-11-15 23:43:49.787000',2000000,'INV1763225029786','Thanh toán gói Premium','3225029787','2025-11-15 23:43:49.787000',NULL,'PENDING',38),(39,'2025-11-15 23:44:58.492000','2025-11-15 23:44:58.492000',2000000,'INV1763225098492','Thanh toán gói Premium','3225098492','2025-11-15 23:44:58.492000',NULL,'PENDING',39),(40,'2025-11-15 23:47:23.563000','2025-11-15 23:47:23.563000',2000000,'INV1763225243562','Thanh toán gói Premium','3225243562','2025-11-15 23:47:23.562000',NULL,'PENDING',40),(41,'2025-11-15 23:47:40.750000','2025-11-15 23:48:31.767000',2000000,'INV1763225260750','Thanh toán gói Premium','3225260750','2025-11-15 23:47:40.750000',NULL,'PAID',41),(42,'2025-11-15 23:48:44.612000','2025-11-15 23:48:44.612000',5000000,'INV1763225324612','Thanh toán gói Enterprise','3225324612','2025-11-15 23:48:44.612000',NULL,'PENDING',42),(43,'2025-11-15 23:58:14.005000','2025-11-15 23:58:14.005000',5000000,'INV1763225894000','Thanh toán gói Enterprise','3225894001','2025-11-15 23:58:14.005000',NULL,'PENDING',43),(44,'2025-11-16 00:09:08.687000','2025-11-16 00:09:08.687000',5000000,'INV1763226548686','Thanh toán gói Enterprise','3226548686','2025-11-16 00:09:08.686000',NULL,'PENDING',44),(45,'2025-11-16 00:12:32.915000','2025-11-16 00:12:32.915000',5000000,'INV1763226752911','Thanh toán gói Enterprise','3226752911','2025-11-16 00:12:32.914000',NULL,'PENDING',45),(46,'2025-11-16 01:30:41.925000','2025-11-16 23:36:03.741000',5000000,'INV1763231441922','Thanh toán gói Enterprise','3231441923','2025-11-16 01:30:41.923000',NULL,'CANCELLED',46),(47,'2025-11-16 01:41:02.435000','2025-11-16 01:41:02.435000',5000000,'INV1763232062428','Thanh toán gói Enterprise','3232062428','2025-11-16 01:41:02.433000',NULL,'PENDING',47),(48,'2025-11-16 01:46:31.484000','2025-11-16 23:36:03.741000',5000000,'INV1763232391479','Thanh toán gói Enterprise','3232391480','2025-11-16 01:46:31.483000',NULL,'CANCELLED',48),(49,'2025-11-16 01:53:57.371000','2025-11-16 23:36:03.741000',5000000,'INV1763232837368','Thanh toán gói Enterprise','3232837368','2025-11-16 01:53:57.371000',NULL,'CANCELLED',49),(50,'2025-11-16 23:36:18.580000','2025-11-16 23:36:18.580000',5000000,'INV1763310978576','Thanh toán gói Enterprise','3310978576','2025-11-16 23:36:18.580000',NULL,'PENDING',50),(51,'2025-11-16 23:41:24.821000','2025-11-16 23:41:24.821000',5000000,'INV1763311284820','Thanh toán gói Enterprise','3311284820','2025-11-16 23:41:24.821000',NULL,'PENDING',51),(52,'2025-11-16 23:50:10.764000','2025-11-18 14:30:36.138000',5000000,'INV1763311810763','Thanh toán gói Enterprise','3311810763','2025-11-16 23:50:10.763000',NULL,'CANCELLED',52),(53,'2025-11-16 23:59:25.039000','2025-11-18 14:30:36.138000',5000000,'INV1763312365033','Thanh toán gói Enterprise','3312365033','2025-11-16 23:59:25.038000',NULL,'CANCELLED',53),(54,'2025-11-17 00:03:13.926000','2025-11-18 14:30:36.138000',5000000,'INV1763312593921','Thanh toán gói Enterprise','3312593921','2025-11-17 00:03:13.925000',NULL,'CANCELLED',54),(55,'2025-11-17 00:05:31.333000','2025-11-17 00:06:38.232000',5000000,'INV1763312731332','Thanh toán gói Enterprise','3312731332','2025-11-17 00:05:31.333000',NULL,'PAID',55),(56,'2025-11-17 00:10:07.029000','2025-11-17 00:10:07.029000',5000000,'INV1763313007028','Thanh toán gói Enterprise','3313007028','2025-11-17 00:10:07.028000',NULL,'PENDING',56),(57,'2025-11-18 14:51:24.884000','2025-11-18 14:54:35.031000',5000000,'INV1763452284883','Thanh toán gói Enterprise','3452284884','2025-11-18 14:51:24.884000',NULL,'PAID',57),(58,'2025-11-18 16:10:50.848000','2025-11-18 16:11:36.998000',50000,'INV1763457050847','Thanh toán gói Basic','3457050847','2025-11-18 16:10:50.847000',NULL,'PAID',58),(59,'2025-11-19 18:12:38.332000','2025-11-19 18:13:43.241000',5000000,'INV1763550758327','Thanh toán gói Enterprise','3550758327','2025-11-19 18:12:38.332000',NULL,'PAID',59),(60,'2025-11-19 18:38:38.821000','2025-11-19 18:39:11.373000',2000000,'INV1763552318821','Thanh toán gói Premium','3552318821','2025-11-19 18:38:38.821000',NULL,'PAID',60),(61,'2025-11-20 13:23:50.779000','2025-11-20 13:24:30.305000',5000000,'INV1763619830778','Thanh toán gói Enterprise','3619830779','2025-11-20 13:23:50.779000',NULL,'PAID',61),(62,'2025-11-20 13:23:59.379000','2025-11-20 14:05:10.306000',5000000,'INV1763619839377','Gia hạn gói Enterprise','3619839377','2025-11-20 13:23:59.377000',NULL,'CANCELLED',62),(63,'2025-11-20 13:24:04.339000','2025-11-20 14:05:10.306000',5000000,'INV1763619844339','Thanh toán gói Enterprise','3619844339','2025-11-20 13:24:04.339000',NULL,'CANCELLED',63),(64,'2025-11-20 13:38:24.611000','2025-11-20 13:39:42.566000',5000000,'INV1763620704611','Thanh toán gói Enterprise','3620704611','2025-11-20 13:38:24.611000',NULL,'PAID',64),(65,'2025-11-23 14:27:12.652000','2025-11-23 14:28:20.258000',50000,'INV1763882832652','Thanh toán gói Basic','3882832652','2025-11-23 14:27:12.652000',NULL,'PAID',65),(66,'2025-11-23 14:27:29.998000','2025-11-23 14:29:49.653000',50000,'INV1763882849998','Thanh toán gói Basic','3882849998','2025-11-23 14:27:29.998000',NULL,'PAID',66),(67,'2025-11-23 14:29:26.604000','2025-11-23 14:29:26.604000',50000,'INV1763882966604','Thanh toán gói Basic','3882966604','2025-11-23 14:29:26.604000',NULL,'PENDING',67),(68,'2025-11-23 14:29:30.221000','2025-11-23 14:29:30.221000',50000,'INV1763882970221','Thanh toán gói Basic','3882970221','2025-11-23 14:29:30.221000',NULL,'PENDING',68),(69,'2025-11-23 14:29:36.120000','2025-11-23 14:30:53.002000',2000000,'INV1763882976120','Thanh toán gói Premium','3882976120','2025-11-23 14:29:36.120000',NULL,'PAID',69),(70,'2025-11-23 14:30:38.361000','2025-11-23 15:04:22.648000',2000000,'INV1763883038361','Thanh toán gói Premium','3883038361','2025-11-23 14:30:38.361000',NULL,'PAID',70),(71,'2025-11-23 14:32:03.584000','2025-11-23 14:33:17.841000',5000000,'INV1763883123584','Thanh toán gói Enterprise','3883123584','2025-11-23 14:32:03.584000',NULL,'PAID',71),(72,'2025-11-23 15:03:15.987000','2025-11-23 15:04:55.543000',2000000,'INV1763884995987','Thanh toán gói Premium','3884995987','2025-11-23 15:03:15.987000',NULL,'PAID',72),(73,'2025-11-23 15:03:49.293000','2025-11-23 15:44:59.802000',2000000,'INV1763885029293','Thanh toán gói Premium','3885029293','2025-11-23 15:03:49.293000',NULL,'CANCELLED',73),(74,'2025-11-23 15:04:46.142000','2025-11-23 15:45:59.807000',2000000,'INV1763885086141','Thanh toán gói Premium','3885086141','2025-11-23 15:04:46.142000',NULL,'CANCELLED',74),(75,'2025-11-24 16:18:57.035000','2025-11-24 16:19:47.717000',5000000,'INV1763975937032','Thanh toán gói Enterprise','3975937032','2025-11-24 16:18:57.033000',NULL,'PAID',75);
/*!40000 ALTER TABLE `invoice` ENABLE KEYS */;
UNLOCK TABLES;

--
-- Table structure for table `job`
--

DROP TABLE IF EXISTS `job`;
/*!40101 SET @saved_cs_client     = @@character_set_client */;
/*!50503 SET character_set_client = utf8mb4 */;
CREATE TABLE `job` (
  `id` bigint NOT NULL AUTO_INCREMENT,
  `created_date` datetime(6) DEFAULT NULL,
  `updated_date` datetime(6) DEFAULT NULL,
  `application_count` bigint DEFAULT NULL,
  `approved` bit(1) DEFAULT NULL,
  `code` varchar(255) NOT NULL,
  `description` text,
  `expiry_date` datetime(6) DEFAULT NULL,
  `is_active` bit(1) NOT NULL,
  `location` varchar(255) DEFAULT NULL,
  `required_education_level` enum('COLLEGE','DOCTORATE','HIGH_SCHOOL','OTHER','POSTGRADUATE','UNIVERSITY') DEFAULT NULL,
  `required_experience_level` enum('FIVE_TO_TEN_YEARS','LESS_THAN_1_YEAR','MORE_THAN_TEN_YEARS','NO_EXPERIENCE','ONE_TO_THREE_YEARS','THREE_TO_FIVE_YEARS') DEFAULT NULL,
  `required_job_level` enum('FRESHER','INTERN','JUNIOR','LEAD','MANAGER','MIDDLE','SENIOR') DEFAULT NULL,
  `required_job_type` enum('FULL_TIME','PART_TIME','SEASONAL') DEFAULT NULL,
  `salary` bigint DEFAULT NULL,
  `title` varchar(255) DEFAULT NULL,
  `view_count` bigint DEFAULT NULL,
  `id_employer` bigint NOT NULL,
  `id_industry` bigint DEFAULT NULL,
  `id_profession` bigint DEFAULT NULL,
  `is_featured` bit(1) DEFAULT NULL,
  `subscription_id` bigint DEFAULT NULL,
  PRIMARY KEY (`id`),
  UNIQUE KEY `UKemtqemsesulxw0t326t70c1vb` (`code`),
  KEY `FK236iwt8ckufom6bhwfnr3uxd8` (`id_employer`),
  KEY `FKtp9pkwjbsql0h9gyq12mdg6ok` (`id_industry`),
  KEY `FK3dfx8pisp1vrnap1dxcf8erax` (`id_profession`),
  KEY `FKfpn26d6gsfhcxc8y4uxe76qlk` (`subscription_id`),
  CONSTRAINT `FK236iwt8ckufom6bhwfnr3uxd8` FOREIGN KEY (`id_employer`) REFERENCES `employer` (`id`),
  CONSTRAINT `FK3dfx8pisp1vrnap1dxcf8erax` FOREIGN KEY (`id_profession`) REFERENCES `profession` (`id`),
  CONSTRAINT `FKfpn26d6gsfhcxc8y4uxe76qlk` FOREIGN KEY (`subscription_id`) REFERENCES `subscriptions` (`id`),
  CONSTRAINT `FKtp9pkwjbsql0h9gyq12mdg6ok` FOREIGN KEY (`id_industry`) REFERENCES `industry` (`id`)
) ENGINE=InnoDB AUTO_INCREMENT=68 DEFAULT CHARSET=utf8mb3;
/*!40101 SET character_set_client = @saved_cs_client */;

--
-- Dumping data for table `job`
--

LOCK TABLES `job` WRITE;
/*!40000 ALTER TABLE `job` DISABLE KEYS */;
INSERT INTO `job` VALUES (1,'2025-01-11 17:39:49.039000','2025-08-22 22:51:21.741000',4,_binary '','JOB-00001','- Bảo trì, khắc phục lỗi kỹ thuật liên quan đến dịch vụ Internet, dịch vụ truyền hình FPT và các dịch vụ viễn thông tại nhà khách hàng.\n\n- Triển khai nâng cấp dịch vụ truyền hình FPT, hệ thống Wifi, Camera và các dịch vụ gia tăng khác trên đường truyền Internet tại nhà khách hàng.\n\n- Ghi nhận phản hồi trực tiếp từ khách hàng, phối hợp với các bộ phận liên quan trong việc nâng cao chất lượng dịch vụ của công ty.\n\n- Tư vấn, hướng dẫn sử dụng và cài đặt các dịch vụ đi kèm do FPT Telecom cung cấp cho khách hàng (Truyền hình FPT, Camera, thiết bị wifi...).\n\n- Hỗ trợ kỹ thuật tại nhà khách hàng.','2026-02-01 07:00:00.000000',_binary '','Thành phố Hồ Chí Minh','UNIVERSITY','ONE_TO_THREE_YEARS','FRESHER','FULL_TIME',10000000,'Nhân Viên Kỹ Thuật FPT Telecom - Q. Tân Bình',28,1,1,2,_binary '',1),(2,'2025-01-11 17:41:23.555000','2025-08-22 22:31:35.296000',0,_binary '','JOB-00002','- Sản phẩm kinh doanh chính: FPT Smart Home, FPT Camera\n- Tìm kiếm các đơn vị để phân phối các sản phẩm FPT Smart Home, FPT Camera\n- Mở rộng kênh bán hàng tại khu vực TP. Hồ Chí Minh\n- Tổ chức Workshop, bán hàng cùng Brandshop, Nhà phân phối, Đại lý\n- Tìm kiếm các đơn vị nhượng quyền của FPT Smart Home để bán hàng FPT Smart Home\n- Mở rộng đại lý cấp 2 cho các Brandshop/Nhà phân phối đang hỗ trợ\n- Mở rộng các đối tác từ kênh bán hàng: Xây dựng, camera, nội thất, vật liệu xây dựng, nhà bếp, cửa cổng, thầu xây dựng, ...\n- Làm việc tại: 336 Huỳnh Tấn Phát, Quận 7, TPHCM.','2026-02-01 07:00:00.000000',_binary '','Thành phố Hồ Chí Minh','UNIVERSITY','ONE_TO_THREE_YEARS','JUNIOR','FULL_TIME',20000000,'Chuyên Viên Kinh Doanh Kênh Phân Phối B2C',8,1,1,3,_binary '',1),(3,'2025-01-11 17:44:18.340000','2025-01-14 16:45:56.421000',2,_binary '','JOB-00003','- Phát triển và duy trì các ứng dụng web sử dụng React.js\n- Tối ưu hóa hiệu suất và trải nghiệm người dùng\n- Làm việc với REST APIs và các công nghệ frontend hiện đại\n- Tham gia vào quá trình thiết kế và phát triển sản phẩm','2026-02-01 07:00:00.000000',_binary '','Thành phố Hà Nội','UNIVERSITY','ONE_TO_THREE_YEARS','FRESHER','FULL_TIME',15000000,'Tuyển dụng Frontend Developer (React.js)',6,1,1,2,_binary '',1),(4,'2025-01-11 17:45:41.454000','2025-08-22 22:31:42.546000',0,_binary '','JOB-00004','Mô tả công việc:\n- Phân tích và đề xuất giải pháp nghiệp vụ\n- Làm việc với stakeholders để thu thập yêu cầu\n- Viết tài liệu đặc tả kỹ thuật\n- Hỗ trợ team phát triển trong quá trình implement\n\nYêu cầu:\n- Tốt nghiệp đại học chuyên ngành CNTT/Kinh tế\n- 2-3 năm kinh nghiệm vị trí BA\n- Kỹ năng phân tích và giải quyết vấn đề tốt\n- Tiếng Anh giao tiếp tốt\n- Ưu tiên có kinh nghiệm trong lĩnh vực Fintech\n\nQuyền lợi:\n- Mức lương: 20-35 triệu\n- Review lương 2 lần/năm\n- Bảo hiểm sức khỏe cao cấp\n- Đào tạo chuyên môn\n- Làm việc từ xa 2 ngày/tuần','2026-02-01 07:00:00.000000',_binary '','Thành phố Hà Nội','UNIVERSITY','THREE_TO_FIVE_YEARS','JUNIOR','FULL_TIME',22000000,'Tuyển Business Analyst (BA)',10,1,1,3,_binary '\0',1),(5,'2025-01-11 22:29:41.888000','2025-11-19 16:55:14.841000',3,_binary '','JOB-00005','Mô tả công việc:\n- Lập kế hoạch và thực hiện kiểm thử phần mềm\n- Viết test cases và test scenarios\n- Thực hiện automation test với Selenium/Cypress\n- Báo cáo và theo dõi bugs\n\nYêu cầu:\n- 2+ năm kinh nghiệm QA\n- Kinh nghiệm với Selenium hoặc Cypress\n- Hiểu biết về quy trình Agile/Scrum\n- Kỹ năng viết tài liệu tốt\n- Tiếng Anh đọc hiểu tốt\n\nQuyền lợi:\n- Mức lương: 15-25 triệu\n- Thưởng project\n- Bảo hiểm theo luật\n- Đào tạo chuyên môn\n- Teambuilding hàng quý','2026-02-01 07:00:00.000000',_binary '','Thành phố Hà Nội','COLLEGE','ONE_TO_THREE_YEARS','FRESHER','FULL_TIME',15000000,'Tuyển QA Engineer (Manual & Automation Testing)',29,2,1,3,_binary '',NULL),(6,'2025-01-11 22:41:20.984000','2025-11-19 17:01:51.127000',2,_binary '','JOB-00006','Mô tả công việc:\n- Phân tích và đề xuất giải pháp nghiệp vụ cho các dự án Fintech\n- Thu thập yêu cầu từ stakeholders và chuyển thành tài liệu kỹ thuật\n- Làm việc với team phát triển để đảm bảo triển khai đúng yêu cầu\n- Quản lý và theo dõi tiến độ dự án\n\nYêu cầu:\n- Tốt nghiệp đại học chuyên ngành CNTT/Kinh tế\n- 2-3 năm kinh nghiệm vị trí BA\n- Hiểu biết về quy trình phát triển phần mềm Agile/Scrum\n- Kỹ năng phân tích và giải quyết vấn đề tốt\n- Tiếng Anh giao tiếp tốt\n\nQuyền lợi:\n- Mức lương hấp dẫn theo năng lực\n- Review lương 2 lần/năm\n- Được đào tạo chuyên môn\n- Chế độ bảo hiểm đầy đủ\n- Môi trường làm việc chuyên nghiệp','2026-02-01 07:00:00.000000',_binary '','Thành phố Hà Nội','UNIVERSITY','ONE_TO_THREE_YEARS','JUNIOR','FULL_TIME',30000000,'Business Analyst (BA) - Fintech',10,2,1,6,_binary '',NULL),(7,'2025-01-11 22:42:29.900000','2025-01-14 16:44:14.061000',1,_binary '','JOB-00007','Mô tả công việc:\n- Phát triển và tối ưu hóa các ứng dụng backend sử dụng Java/Spring Boot\n- Thiết kế và xây dựng RESTful APIs\n- Làm việc với cơ sở dữ liệu SQL và NoSQL\n- Tham gia vào quá trình review code và mentoring\n\nYêu cầu:\n- 4+ năm kinh nghiệm phát triển Java\n- Thành thạo Spring Framework, Spring Boot, Spring Security\n- Kinh nghiệm với MySQL, MongoDB, Redis\n- Hiểu biết về microservices architecture\n- Kỹ năng debug và xử lý vấn đề tốt\n\nQuyền lợi:\n- Mức lương: 35-50 triệu (theo năng lực)\n- 13 tháng lương + thưởng dự án\n- Bảo hiểm sức khỏe cao cấp\n- Chế độ nghỉ phép linh hoạt\n- Cơ hội thăng tiến rõ ràng','2026-02-01 07:00:00.000000',_binary '','Thành phố Hà Nội','UNIVERSITY','THREE_TO_FIVE_YEARS','SENIOR','FULL_TIME',40000000,'Senior Java Developer (Spring Boot)',13,2,1,1,_binary '',NULL),(8,'2025-01-11 22:43:45.800000','2025-01-14 17:18:15.602000',1,_binary '','JOB-00008','Mô tả công việc:\n- Thiết kế giao diện người dùng cho các ứng dụng web và mobile\n- Tạo wireframes, prototypes và thiết kế chi tiết\n- Thực hiện nghiên cứu người dùng và phân tích UX\n- Làm việc chặt chẽ với team product và development\n\nYêu cầu:\n- 3+ năm kinh nghiệm UI/UX Design\n- Thành thạo Figma, Adobe XD\n- Portfolio thể hiện các dự án đã thực hiện\n- Hiểu biết về design system và design principles\n- Kinh nghiệm trong lĩnh vực Fintech là một lợi thế\n\nQuyền lợi:\n- Mức lương cạnh tranh theo năng lực\n- Được trang bị MacBook Pro và các công cụ design\n- Bảo hiểm sức khỏe cho nhân viên và người thân\n- Nghỉ phép 12 ngày/năm\n- Môi trường làm việc sáng tạo','2026-02-01 07:00:00.000000',_binary '','Thành phố Hà Nội','UNIVERSITY','ONE_TO_THREE_YEARS','JUNIOR','FULL_TIME',25000000,'UI/UX Designer (Fintech/Banking)',46,2,1,7,_binary '\0',NULL),(9,'2025-01-12 18:00:58.117000','2025-01-14 16:46:12.861000',2,_binary '','JOB-00009','Mô tả: \n- Phát triển và duy trì các ứng dụng web sử dụng ReactJS\n- Tối ưu hóa hiệu suất và trải nghiệm người dùng\n- Code review và mentoring cho các thành viên junior\n- Làm việc với các API và tích hợp backend\n\nYêu cầu:\n- 3+ năm kinh nghiệm với ReactJS\n- Thành thạo JavaScript/TypeScript, HTML5, CSS3\n- Kinh nghiệm với Redux, React Router\n- Hiểu biết về RESTful APIs\n- Kỹ năng tối ưu hóa hiệu suất website\n\nQuyền lợi:\n- Lương: 30-45 triệu\n- Review lương 2 lần/năm\n- Bảo hiểm full package\n- 12 ngày phép/năm\n- Thưởng dự án, thưởng năm','2026-02-01 07:00:00.000000',_binary '','Thành phố Hà Nội','UNIVERSITY','THREE_TO_FIVE_YEARS','SENIOR','FULL_TIME',15000000,'Senior Frontend Developer (ReactJS)',6,3,1,1,_binary '',16),(10,'2025-01-12 18:01:58.303000','2025-01-13 17:56:12.394000',0,_binary '','JOB-00010','Mô tả:\n- Lập kế hoạch và thực hiện kiểm thử phần mềm\n- Viết test cases và test scenarios\n- Thực hiện automation test với Selenium/Cypress\n- Báo cáo và theo dõi bugs\n\nYêu cầu:\n- 2+ năm kinh nghiệm QA\n- Kinh nghiệm với Selenium/Cypress\n- Kiến thức về quy trình Agile/Scrum\n- Kỹ năng viết tài liệu test tốt\n\nQuyền lợi:\n- Lương: 18-25 triệu\n- Môi trường chuyên nghiệp\n- Cơ hội học hỏi công nghệ mới\n- Chế độ phúc lợi đầy đủ','2026-02-01 07:00:00.000000',_binary '','Thành phố Hà Nội','UNIVERSITY','ONE_TO_THREE_YEARS','JUNIOR','FULL_TIME',15200000,'QA Engineer (Manual & Automation Testing)',2,3,1,5,_binary '',16),(11,'2025-01-12 18:07:00.060000','2025-01-14 16:36:50.012000',0,_binary '','JOB-00011','Mô tả:\n- Xây dựng và triển khai chiến lược marketing online\n- Quản lý các chiến dịch quảng cáo Facebook, Google Ads\n- Phân tích data và tối ưu hiệu quả marketing\n- Quản lý team marketing và ngân sách\n\nYêu cầu:\n- 3+ năm kinh nghiệm Digital Marketing\n- Thành thạo Facebook Ads, Google Ads\n- Kỹ năng phân tích data marketing\n- Khả năng quản lý dự án và team\n- Tiếng Anh tốt\n\nQuyền lợi:\n- Lương: 25-35 triệu\n- Thưởng theo doanh số\n- Môi trường năng động, sáng tạo\n- Đào tạo chuyên sâu\n- Bảo hiểm sức khỏe cho nhân viên và người thân','2026-02-01 07:00:00.000000',_binary '','Thành phố Hà Nội','UNIVERSITY','THREE_TO_FIVE_YEARS','JUNIOR','FULL_TIME',20000000,'Digital Marketing Manager',4,3,2,13,_binary '\0',16),(16,'2025-01-13 01:32:20.761000','2025-11-24 15:30:43.400000',4,_binary '','JOB-00012','Chúng tôi đang tìm kiếm Senior Full Stack Developer với kinh nghiệm:\n- Thành thạo Java Spring Boot và ReactJS\n- Có ít nhất 5 năm kinh nghiệm phát triển web\n- Có kinh nghiệm với microservices và cloud platforms\n- Kỹ năng tối ưu hiệu suất và bảo mật ứng dụng','2026-02-01 07:00:00.000000',_binary '','Thành phố Hồ Chí Minh','UNIVERSITY','THREE_TO_FIVE_YEARS','JUNIOR','FULL_TIME',35000000,'Senior Full Stack Developer',18,4,1,1,_binary '\0',18),(17,'2025-01-13 01:33:12.622000','2025-11-24 15:56:22.605000',3,_binary '','JOB-00013','Yêu cầu:\n- Tốt nghiệp Tài chính/Kế toán/Kinh tế\n- 3 năm kinh nghiệm phân tích tài chính\n- Thành thạo Excel và các công cụ phân tích\n- Chứng chỉ CFA là một lợi thế','2026-02-01 07:00:00.000000',_binary '','Thành phố Hồ Chí Minh','UNIVERSITY','ONE_TO_THREE_YEARS','FRESHER','FULL_TIME',15000000,'Chuyên viên Phân tích Tài chính',14,4,2,13,_binary '\0',18),(18,'2025-01-13 01:34:04.135000','2025-01-14 17:17:58.814000',1,_binary '','JOB-00014','Mô tả công việc:\n- Thiết kế và phát triển giáo trình\n- Đánh giá hiệu quả đào tạo\n- Cập nhật nội dung theo xu hướng mới\n- Yêu cầu: Kinh nghiệm trong giáo dục 3 năm','2026-02-01 07:00:00.000000',_binary '','Thành phố Hồ Chí Minh','UNIVERSITY','ONE_TO_THREE_YEARS','FRESHER','FULL_TIME',10000000,'Chuyên viên Phát triển Chương trình Đào tạo',17,4,3,19,_binary '',18),(21,'2025-01-13 18:47:55.802000','2025-01-13 18:47:55.802000',0,_binary '','JOB-00017','Chúng tôi đang tìm kiếm một Senior Java Developer có kinh nghiệm','2026-02-01 07:00:00.000000',_binary '','Thành phố Hồ Chí Minh','HIGH_SCHOOL','NO_EXPERIENCE','INTERN','FULL_TIME',25000000,'Senior Java Developer',0,4,1,2,_binary '',18),(22,'2025-01-13 18:51:53.220000','2025-01-14 16:27:23.584000',0,_binary '','JOB-00018','Chúng tôi đang tìm kiếm một Senior Java Developer có kinh nghiệm','2026-02-01 07:00:00.000000',_binary '','Thành phố Hồ Chí Minh','HIGH_SCHOOL','NO_EXPERIENCE','INTERN','FULL_TIME',25000000,'Senior Java Developer123',2,4,1,2,_binary '',18),(23,'2025-01-15 09:00:00.000000','2025-01-15 09:00:00.000000',0,_binary '','JOB-00023','Phát triển ứng dụng mobile sử dụng React Native. Yêu cầu:\n- 2+ năm kinh nghiệm React Native\n- Thành thạo JavaScript/TypeScript\n- Kinh nghiệm với Redux, React Navigation\n- Hiểu biết về native modules','2026-02-01 07:00:00.000000',_binary '','Thành phố Hồ Chí Minh','UNIVERSITY','ONE_TO_THREE_YEARS','MIDDLE','FULL_TIME',25000000,'React Native Developer',0,4,1,1,_binary '\0',NULL),(24,'2025-01-15 09:05:00.000000','2025-01-15 09:05:00.000000',0,_binary '','JOB-00024','Phát triển và quản lý hệ thống cloud. Yêu cầu:\n- 3+ năm kinh nghiệm AWS\n- Chứng chỉ AWS Solutions Architect\n- Kinh nghiệm với Docker, Kubernetes\n- CI/CD pipeline','2026-02-01 07:00:00.000000',_binary '','Hà Nội','UNIVERSITY','THREE_TO_FIVE_YEARS','SENIOR','FULL_TIME',45000000,'Cloud Solutions Architect',0,4,1,3,_binary '\0',NULL),(25,'2025-01-15 09:10:00.000000','2025-01-15 09:10:00.000000',0,_binary '','JOB-00025','Phát triển ứng dụng blockchain. Yêu cầu:\n- 2+ năm kinh nghiệm Solidity\n- Hiểu biết về Smart Contracts\n- Kinh nghiệm với Web3.js\n- Background về cryptography','2026-02-01 07:00:00.000000',_binary '','Đà Nẵng','UNIVERSITY','ONE_TO_THREE_YEARS','MIDDLE','FULL_TIME',35000000,'Blockchain Developer',0,4,1,2,_binary '\0',NULL),(26,'2025-01-15 09:15:00.000000','2025-01-15 09:15:00.000000',0,_binary '','JOB-00026','Phát triển game Unity. Yêu cầu:\n- 3+ năm kinh nghiệm Unity\n- Thành thạo C#\n- Kinh nghiệm với 3D modeling\n- Portfolio các game đã phát triển','2026-02-01 07:00:00.000000',_binary '','Thành phố Hồ Chí Minh','UNIVERSITY','THREE_TO_FIVE_YEARS','SENIOR','FULL_TIME',40000000,'Unity Game Developer',0,8,1,1,_binary '\0',NULL),(27,'2025-01-15 09:20:00.000000','2025-01-15 09:20:00.000000',0,_binary '','JOB-00027','Phát triển ML/AI. Yêu cầu:\n- Master/PhD trong ML/AI\n- Thành thạo Python, TensorFlow\n- Kinh nghiệm với Computer Vision\n- Research background','2026-02-01 07:00:00.000000',_binary '','Hà Nội','DOCTORATE','THREE_TO_FIVE_YEARS','SENIOR','FULL_TIME',50000000,'Machine Learning Engineer',0,8,1,2,_binary '\0',NULL),(28,'2025-01-15 09:25:00.000000','2025-01-15 09:25:00.000000',0,_binary '','JOB-00028','Product Manager cho fintech app. Yêu cầu:\n- 5+ năm kinh nghiệm product management\n- Background về fintech\n- Kỹ năng phân tích data\n- Leadership skills','2026-02-01 07:00:00.000000',_binary '','Thành phố Hồ Chí Minh','UNIVERSITY','FIVE_TO_TEN_YEARS','MANAGER','FULL_TIME',60000000,'Senior Product Manager - Fintech',0,9,2,13,_binary '\0',NULL),(29,'2025-01-15 09:30:00.000000','2025-01-15 09:30:00.000000',0,_binary '','JOB-00029','DevOps Engineer với kinh nghiệm về cloud. Yêu cầu:\n- 3+ năm kinh nghiệm DevOps\n- AWS/Azure certifications\n- Ansible, Terraform\n- Monitoring tools','2026-02-01 07:00:00.000000',_binary '','Hà Nội','UNIVERSITY','THREE_TO_FIVE_YEARS','SENIOR','FULL_TIME',45000000,'Senior DevOps Engineer',0,9,1,3,_binary '\0',NULL),(30,'2025-01-15 09:35:00.000000','2025-01-15 09:35:00.000000',0,_binary '','JOB-00030','Data Engineer với kinh nghiệm big data. Yêu cầu:\n- 4+ năm kinh nghiệm\n- Hadoop ecosystem\n- Spark, Kafka\n- SQL/NoSQL databases','2026-02-01 07:00:00.000000',_binary '','Đà Nẵng','UNIVERSITY','THREE_TO_FIVE_YEARS','SENIOR','FULL_TIME',40000000,'Senior Data Engineer',0,10,1,9,_binary '\0',NULL),(31,'2025-01-15 09:40:00.000000','2025-01-15 09:40:00.000000',0,_binary '','JOB-00031','Frontend Developer với React. Yêu cầu:\n- 2+ năm kinh nghiệm React\n- TypeScript\n- State management\n- Testing','2026-02-01 07:00:00.000000',_binary '','Thành phố Hồ Chí Minh','UNIVERSITY','ONE_TO_THREE_YEARS','MIDDLE','FULL_TIME',25000000,'Frontend React Developer',0,14,1,1,_binary '\0',NULL),(32,'2025-01-15 09:45:00.000000','2025-01-15 09:45:00.000000',0,_binary '','JOB-00032','Backend Developer với Node.js. Yêu cầu:\n- 3+ năm kinh nghiệm Node.js\n- Express/NestJS\n- MongoDB\n- Microservices','2026-02-01 07:00:00.000000',_binary '','Hà Nội','UNIVERSITY','THREE_TO_FIVE_YEARS','SENIOR','FULL_TIME',35000000,'Backend Node.js Developer',0,16,1,2,_binary '\0',NULL),(33,'2025-01-15 09:50:00.000000','2025-01-15 09:50:00.000000',0,_binary '','JOB-00033','Mobile App Developer (iOS). Yêu cầu:\n- 3+ năm kinh nghiệm iOS development\n- Swift, SwiftUI\n- Kinh nghiệm với Apple guidelines\n- CI/CD cho iOS apps','2026-02-01 07:00:00.000000',_binary '','Thành phố Hồ Chí Minh','UNIVERSITY','THREE_TO_FIVE_YEARS','SENIOR','FULL_TIME',40000000,'iOS Developer',0,16,1,1,_binary '\0',NULL),(34,'2025-01-15 09:55:00.000000','2025-01-15 09:55:00.000000',0,_binary '','JOB-00034','Security Engineer. Yêu cầu:\n- 4+ năm kinh nghiệm security\n- Penetration testing\n- Security compliance\n- Incident response','2026-02-01 07:00:00.000000',_binary '','Hà Nội','UNIVERSITY','THREE_TO_FIVE_YEARS','SENIOR','FULL_TIME',45000000,'Security Engineer',0,18,1,3,_binary '\0',NULL),(35,'2025-01-15 10:00:00.000000','2025-01-15 10:00:00.000000',0,_binary '','JOB-00035','UX Researcher. Yêu cầu:\n- 3+ năm kinh nghiệm UX research\n- User testing\n- Data analysis\n- Research methodologies','2026-02-01 07:00:00.000000',_binary '','Đà Nẵng','UNIVERSITY','THREE_TO_FIVE_YEARS','SENIOR','FULL_TIME',35000000,'UX Researcher',0,20,1,7,_binary '\0',NULL),(36,'2025-01-15 10:05:00.000000','2025-01-15 10:05:00.000000',0,_binary '','JOB-00036','Technical Project Manager. Yêu cầu:\n- 5+ năm kinh nghiệm quản lý dự án\n- Agile/Scrum certification\n- Technical background\n- Leadership skills','2026-02-01 07:00:00.000000',_binary '','Thành phố Hồ Chí Minh','UNIVERSITY','FIVE_TO_TEN_YEARS','MANAGER','FULL_TIME',50000000,'Technical Project Manager',0,14,1,13,_binary '\0',NULL),(37,'2025-01-15 10:10:00.000000','2025-01-15 10:10:00.000000',0,_binary '','JOB-00037','Database Administrator. Yêu cầu:\n- 4+ năm kinh nghiệm DBA\n- MySQL, PostgreSQL\n- Performance tuning\n- Backup & recovery','2026-02-01 07:00:00.000000',_binary '','Hà Nội','UNIVERSITY','THREE_TO_FIVE_YEARS','SENIOR','FULL_TIME',40000000,'Senior DBA',0,16,1,9,_binary '\0',NULL),(38,'2025-01-15 10:15:00.000000','2025-01-15 10:15:00.000000',0,_binary '','JOB-00038','Android Developer. Yêu cầu:\n- 3+ năm kinh nghiệm Android\n- Kotlin\n- MVVM architecture\n- Material Design','2026-02-01 07:00:00.000000',_binary '','Đà Nẵng','UNIVERSITY','THREE_TO_FIVE_YEARS','SENIOR','FULL_TIME',35000000,'Senior Android Developer',0,18,1,1,_binary '\0',NULL),(39,'2025-01-15 10:20:00.000000','2025-01-15 10:20:00.000000',0,_binary '','JOB-00039','Data Scientist. Yêu cầu:\n- Master/PhD trong Data Science/Statistics\n- Python, R\n- Machine Learning\n- Deep Learning\n- Big Data tools\n- Research experience','2026-02-01 07:00:00.000000',_binary '','Hà Nội','UNIVERSITY','THREE_TO_FIVE_YEARS','SENIOR','FULL_TIME',55000000,'Senior Data Scientist',0,20,1,9,_binary '\0',NULL),(40,'2025-01-15 10:25:00.000000','2025-01-15 10:25:00.000000',0,_binary '','JOB-00040','Technical Lead - Microservices. Yêu cầu:\n- 7+ năm kinh nghiệm development\n- Microservices Architecture\n- System Design\n- Team Management\n- Agile/Scrum','2026-02-01 07:00:00.000000',_binary '','Thành phố Hồ Chí Minh','UNIVERSITY','MORE_THAN_TEN_YEARS','MANAGER','FULL_TIME',70000000,'Technical Lead',0,14,1,13,_binary '\0',NULL),(41,'2025-01-15 10:30:00.000000','2025-01-15 10:30:00.000000',0,_binary '','JOB-00041','Digital Marketing Specialist. Yêu cầu:\n- 3+ năm kinh nghiệm digital marketing\n- Google Ads, Facebook Ads\n- SEO/SEM\n- Analytics\n- Content Strategy','2026-02-01 07:00:00.000000',_binary '','Đà Nẵng','UNIVERSITY','THREE_TO_FIVE_YEARS','MIDDLE','FULL_TIME',25000000,'Digital Marketing Specialist',0,16,2,14,_binary '\0',NULL),(42,'2025-01-15 10:35:00.000000','2025-01-15 10:35:00.000000',0,_binary '','JOB-00042','Business Intelligence Analyst. Yêu cầu:\n- 4+ năm kinh nghiệm BI\n- SQL\n- Power BI/Tableau\n- Data Warehousing\n- Statistical Analysis','2026-02-01 07:00:00.000000',_binary '','Hà Nội','UNIVERSITY','THREE_TO_FIVE_YEARS','SENIOR','FULL_TIME',40000000,'BI Analyst',0,18,1,9,_binary '\0',NULL),(43,'2025-01-15 10:40:00.000000','2025-01-15 10:40:00.000000',0,_binary '','JOB-00043','Site Reliability Engineer. Yêu cầu:\n- 5+ năm kinh nghiệm DevOps/SRE\n- Cloud Platforms (AWS/GCP)\n- Infrastructure as Code\n- Monitoring & Alerting\n- Performance Optimization','2026-02-01 07:00:00.000000',_binary '','Thành phố Hồ Chí Minh','UNIVERSITY','FIVE_TO_TEN_YEARS','SENIOR','FULL_TIME',60000000,'Senior SRE',0,20,1,3,_binary '\0',NULL),(44,'2025-01-15 10:45:00.000000','2025-01-15 10:45:00.000000',0,_binary '','JOB-00044','Solution Architect. Yêu cầu:\n- 8+ năm kinh nghiệm development\n- System Architecture\n- Cloud Solutions\n- Enterprise Integration\n- Technical Leadership','2026-02-01 07:00:00.000000',_binary '','Hà Nội','UNIVERSITY','MORE_THAN_TEN_YEARS','MANAGER','FULL_TIME',80000000,'Solution Architect',0,14,1,13,_binary '\0',NULL),(45,'2025-01-15 10:50:00.000000','2025-01-15 10:50:00.000000',0,_binary '','JOB-00045','Product Designer. Yêu cầu:\n- 4+ năm kinh nghiệm product design\n- UI/UX Design\n- Design Systems\n- User Research\n- Prototyping Tools','2026-02-01 07:00:00.000000',_binary '','Đà Nẵng','UNIVERSITY','THREE_TO_FIVE_YEARS','SENIOR','FULL_TIME',35000000,'Senior Product Designer',0,20,1,7,_binary '\0',NULL),(46,'2025-01-15 10:55:00.000000','2025-01-15 10:55:00.000000',0,_binary '','JOB-00046','Information Security Manager. Yêu cầu:\n- 7+ năm kinh nghiệm security\n- Security Frameworks\n- Risk Management\n- Team Leadership\n- Security Certifications','2026-02-01 07:00:00.000000',_binary '','Thành phố Hồ Chí Minh','UNIVERSITY','FIVE_TO_TEN_YEARS','MANAGER','FULL_TIME',70000000,'InfoSec Manager',0,18,1,3,_binary '\0',NULL),(47,'2025-01-15 11:00:00.000000','2025-01-15 11:00:00.000000',0,_binary '','JOB-00047','AI Research Engineer. Yêu cầu:\n- PhD in AI/ML\n- Deep Learning\n- Computer Vision\n- NLP\n- Research Publications','2026-02-01 07:00:00.000000',_binary '','Hà Nội','DOCTORATE','FIVE_TO_TEN_YEARS','SENIOR','FULL_TIME',65000000,'AI Research Engineer',0,16,1,2,_binary '\0',NULL),(48,'2025-01-15 11:05:00.000000','2025-08-21 23:53:00.408000',0,_binary '','JOB-00048','Embedded Systems Engineer. Yêu cầu:\n- 5+ năm kinh nghiệm embedded systems\n- C/C++\n- RTOS\n- Hardware Interfaces\n- IoT Protocols','2026-02-01 07:00:00.000000',_binary '','Đà Nẵng','UNIVERSITY','FIVE_TO_TEN_YEARS','SENIOR','FULL_TIME',45000000,'Senior Embedded Engineer',10,14,1,1,_binary '\0',NULL),(49,'2025-01-15 11:10:00.000000','2025-01-15 11:10:00.000000',0,_binary '\0','JOB-00049','Blockchain Solutions Architect. Yêu cầu:\n- 6+ năm kinh nghiệm software development\n- 3+ năm blockchain development\n- Smart Contracts\n- DeFi Protocols\n- Cryptography','2025-02-15 07:00:00.000000',_binary '\0','Thành phố Hồ Chí Minh','UNIVERSITY','FIVE_TO_TEN_YEARS','SENIOR','FULL_TIME',75000000,'Blockchain Architect',0,9,1,2,_binary '\0',NULL),(50,'2025-01-15 11:15:00.000000','2025-01-15 11:15:00.000000',0,_binary '\0','JOB-00050','AR/VR Developer. Yêu cầu:\n- 4+ năm kinh nghiệm AR/VR development\n- Unity/Unreal Engine\n- 3D Modeling\n- Computer Vision\n- Mobile AR Development','2025-02-15 07:00:00.000000',_binary '\0','Hà Nội','UNIVERSITY','THREE_TO_FIVE_YEARS','SENIOR','FULL_TIME',50000000,'AR/VR Developer',0,8,1,1,_binary '\0',NULL),(53,'2025-11-18 16:15:45.143000','2025-11-18 18:37:51.878000',2,_binary '','JOB-3E711DE0','Thiết kế, phát triển và duy trì các dịch vụ backend hiệu suất cao bằng Java/Spring Boot.\n\nTham gia vào việc đánh giá và tối ưu hóa kiến trúc Microservices, đảm bảo khả năng mở rộng (scalability) và độ tin cậy của hệ thống.\n\nLàm việc với các hệ thống cơ sở dữ liệu (PostgreSQL/MongoDB) và các giải pháp Caching (Redis).\n\nĐảm bảo chất lượng mã thông qua Code Review, viết Unit Test và Integration Test.\n\nHợp tác chặt chẽ với đội ngũ DevOps để triển khai ứng dụng sử dụng Docker và Kubernetes.','2026-11-02 07:00:00.000000',_binary '','Thành phố Hồ Chí Minh','UNIVERSITY','ONE_TO_THREE_YEARS','MIDDLE','FULL_TIME',15000000,'Tuyển dụng Senior Java Backend Developer',22,22,1,2,_binary '\0',58),(54,'2025-11-19 18:11:45.345000','2025-11-22 04:12:24.129000',2,_binary '','JOB-490E0F96','Phát triển và bảo trì các ứng dụng web sử dụng React/Redux. Đảm bảo chất lượng code, tối ưu hiệu suất. Yêu cầu 3+ năm kinh nghiệm. Quyền lợi: Lương tháng 13, bảo hiểm sức khỏe cao cấp.','2026-11-03 07:00:00.000000',_binary '','Tỉnh Tuyên Quang','UNIVERSITY','LESS_THAN_1_YEAR','JUNIOR','FULL_TIME',15000000,'Tuyển Senior React Developer (Lương $15.000.000 - $30.000.000)',10,23,1,2,_binary '\0',NULL),(57,'2025-11-19 18:39:46.662000','2025-11-20 13:37:56.288000',1,_binary '\0','JOB-A350CF93','Tìm kiếm và mở rộng mạng lưới khách hàng doanh nghiệp. Đàm phán và ký kết hợp đồng. Ưu tiên có kinh nghiệm Sales trong lĩnh vực IT.','2026-11-06 07:00:00.000000',_binary '','Thành phố Hà Nội','UNIVERSITY','LESS_THAN_1_YEAR','JUNIOR','FULL_TIME',10000000,'Chuyên viên Phát triển Kinh doanh B2B',5,24,1,5,_binary '\0',60),(58,'2025-11-20 13:31:09.116000','2025-11-20 13:40:07.803000',1,_binary '','JOB-A57990B4','Thu thập, phân tích yêu cầu từ khách hàng và chuyển thành tài liệu chức năng (BRD, SRS). Yêu cầu: Kỹ năng giao tiếp tốt, thành thạo UML/BPMN, có kinh nghiệm làm việc trong lĩnh vực FinTech. Quyền lợi: Lương cạnh tranh, bảo hiểm PVI, training chuyên sâu.','2025-12-01 07:00:00.000000',_binary '','Tỉnh Hà Giang','UNIVERSITY','LESS_THAN_1_YEAR','JUNIOR','FULL_TIME',20000000,'Tuyển dụng Chuyên viên Phân tích nghiệp vụ (Business Analyst)',8,4,1,2,_binary '\0',61),(59,'2025-11-20 13:42:21.053000','2025-11-22 04:05:29.582000',2,_binary '','JOB-19E43FB7','Nghiên cứu thị trường, xây dựng lộ trình sản phẩm (Roadmap), viết User Stories. Phối hợp với team Dev/Design/Marketing để đưa sản phẩm ra thị trường. Yêu cầu: 3+ năm kinh nghiệm PM, thành thạo công cụ Agile (JIRA/Confluence). Quyền lợi: Lương hấp dẫn, cổ phần công ty, du lịch hàng năm.','2026-11-03 07:00:00.000000',_binary '','Tỉnh Cao Bằng','UNIVERSITY','ONE_TO_THREE_YEARS','FRESHER','FULL_TIME',25000000,'Tuyển dụng Product Manager cho Sản phẩm Mobile App',12,24,1,2,_binary '\0',64),(60,'2025-11-20 13:52:11.035000','2025-11-21 17:07:38.736000',1,_binary '','JOB-24DA851A','Xây dựng và duy trì các thành phần UI/UX hiệu suất cao bằng ReactJS và Redux/Zustand. Yêu cầu: 3+ năm kinh nghiệm, thành thạo HTML/CSS/JavaScript, React Hook. Quyền lợi: Lương thưởng hấp dẫn, làm việc remote linh hoạt 2 ngày/tuần.','2026-11-01 07:00:00.000000',_binary '','Tỉnh Cao Bằng','UNIVERSITY','LESS_THAN_1_YEAR','MIDDLE','FULL_TIME',35000000,'Tuyển dụng Senior React Developer (Front-end)',6,25,1,2,_binary '\0',NULL),(61,'2025-11-23 14:25:20.022000','2025-11-23 14:47:47.813000',1,_binary '','JOB-74BE67AC','Phụ trách sổ sách, báo cáo thuế và quản lý hóa đơn. Yêu cầu 2 năm kinh nghiệm.','2026-11-01 07:00:00.000000',_binary '','Thành phố Hồ Chí Minh','UNIVERSITY','ONE_TO_THREE_YEARS','MIDDLE','FULL_TIME',12000000,'Tuyển dụng Nhân viên Kế toán Tổng hợp',4,26,1,2,_binary '\0',NULL),(62,'2025-11-23 14:26:10.714000','2025-11-23 14:26:10.714000',0,_binary '\0','JOB-14208E55','Lên kế hoạch, thực thi chiến dịch quảng cáo trên các nền tảng mạng xã hội.','2026-12-01 07:00:00.000000',_binary '','Thành phố Hà Nội','UNIVERSITY','LESS_THAN_1_YEAR','JUNIOR','FULL_TIME',20000000,'Chuyên viên Marketing Digital (Không giới hạn)',0,26,1,4,_binary '\0',NULL),(63,'2025-11-23 14:29:14.752000','2025-11-23 14:29:14.752000',0,_binary '\0','JOB-8C3C146D','Tham gia phát triển các module cho hệ thống ERP. Cần có kiến thức vững về OOP.','2026-11-03 07:00:00.000000',_binary '','Thành phố Đà Nẵng','COLLEGE','LESS_THAN_1_YEAR','FRESHER','FULL_TIME',15000000,'Lập trình viên Java Junior',0,26,2,12,_binary '\0',65),(64,'2025-11-23 14:31:49.181000','2025-11-23 14:31:49.181000',0,_binary '\0','JOB-08934761','Quản lý tiến độ, chất lượng và ngân sách các công trình dân dụng.','2026-11-01 07:00:00.000000',_binary '','Tỉnh Hoà Bình','UNIVERSITY','ONE_TO_THREE_YEARS','JUNIOR','FULL_TIME',20000000,'Quản lý dự án Xây dựng (Kinh nghiệm > 5 năm)',0,26,1,7,_binary '\0',69),(65,'2025-11-23 14:34:16.866000','2025-11-23 14:39:35.758000',1,_binary '','JOB-BECBF732','Nghiên cứu thị trường, định hướng và phát triển sản phẩm thanh toán số.','2026-11-01 07:00:00.000000',_binary '','Thành phố Hồ Chí Minh','UNIVERSITY','LESS_THAN_1_YEAR','JUNIOR','FULL_TIME',25000000,'Senior Product Manager - Fintech',10,26,1,2,_binary '\0',71),(66,'2025-11-23 15:00:42.089000','2025-11-23 15:01:49.259000',1,_binary '','JOB-0A55B3C1','Lái xe giao hàng trong nội thành. Cần bằng B2.','2025-12-01 07:00:00.000000',_binary '','Tỉnh Cao Bằng','UNIVERSITY','ONE_TO_THREE_YEARS','MIDDLE','FULL_TIME',20000000,'Tuyển gấp Tài xế Bán tải',7,27,3,20,_binary '\0',NULL),(67,'2025-11-23 15:05:57.756000','2025-11-23 15:35:06.251000',1,_binary '','JOB-B2562E49','Vận hành, bảo trì hệ thống máy móc trong nhà máy sản xuất.','2025-12-01 07:00:00.000000',_binary '','Tỉnh Hà Giang','UNIVERSITY','ONE_TO_THREE_YEARS','JUNIOR','PART_TIME',25000000,'Kỹ sư Điện - Tự động hóa',16,27,3,20,_binary '\0',72);
/*!40000 ALTER TABLE `job` ENABLE KEYS */;
UNLOCK TABLES;

--
-- Table structure for table `job_skill`
--

DROP TABLE IF EXISTS `job_skill`;
/*!40101 SET @saved_cs_client     = @@character_set_client */;
/*!50503 SET character_set_client = utf8mb4 */;
CREATE TABLE `job_skill` (
  `id` bigint NOT NULL AUTO_INCREMENT,
  `created_date` datetime(6) DEFAULT NULL,
  `updated_date` datetime(6) DEFAULT NULL,
  `description` text,
  `is_required` bit(1) DEFAULT NULL,
  `job_id` bigint NOT NULL,
  `skill_id` bigint NOT NULL,
  `proficiency_level` enum('BEGINNER','INTERMEDIATE','ADVANCED','EXPERT') DEFAULT NULL,
  PRIMARY KEY (`id`),
  KEY `FK9ix4wg520ii2gu2felxdhdup6` (`job_id`),
  KEY `FKj33qbbf3vk1lvhqpcosnh54u1` (`skill_id`),
  CONSTRAINT `FK9ix4wg520ii2gu2felxdhdup6` FOREIGN KEY (`job_id`) REFERENCES `job` (`id`),
  CONSTRAINT `FKj33qbbf3vk1lvhqpcosnh54u1` FOREIGN KEY (`skill_id`) REFERENCES `skill` (`id`)
) ENGINE=InnoDB AUTO_INCREMENT=34 DEFAULT CHARSET=utf8mb3;
/*!40101 SET character_set_client = @saved_cs_client */;

--
-- Dumping data for table `job_skill`
--

LOCK TABLES `job_skill` WRITE;
/*!40000 ALTER TABLE `job_skill` DISABLE KEYS */;
INSERT INTO `job_skill` VALUES (1,'2025-01-11 17:40:03.260000','2025-01-11 17:40:03.260000','',_binary '\0',1,2,'BEGINNER'),(2,'2025-01-11 17:40:03.262000','2025-01-11 17:40:03.262000','',_binary '\0',1,3,'BEGINNER'),(3,'2025-01-11 17:41:43.332000','2025-01-11 17:41:43.332000','',_binary '\0',2,2,'BEGINNER'),(4,'2025-01-11 17:41:43.333000','2025-01-11 17:41:43.333000','',_binary '\0',2,6,'INTERMEDIATE'),(5,'2025-01-11 17:44:36.662000','2025-01-11 17:44:36.662000','',_binary '\0',3,1,'BEGINNER'),(6,'2025-01-11 17:45:49.652000','2025-01-11 17:45:49.652000','',_binary '\0',4,5,'INTERMEDIATE'),(7,'2025-01-11 22:29:50.351000','2025-01-11 22:29:50.351000','',_binary '\0',5,1,'INTERMEDIATE'),(8,'2025-01-11 22:41:27.408000','2025-01-11 22:41:27.408000','',_binary '\0',6,3,'INTERMEDIATE'),(9,'2025-01-11 22:42:40.261000','2025-01-11 22:42:40.261000','',_binary '\0',7,2,'INTERMEDIATE'),(10,'2025-01-11 22:42:40.263000','2025-01-11 22:42:40.263000','',_binary '\0',7,3,'INTERMEDIATE'),(11,'2025-01-11 22:43:53.859000','2025-01-11 22:43:53.859000','',_binary '\0',8,4,'INTERMEDIATE'),(12,'2025-01-12 18:01:02.684000','2025-01-12 18:01:02.684000','',_binary '\0',9,2,'INTERMEDIATE'),(13,'2025-01-12 18:02:12.885000','2025-01-12 18:02:12.885000','',_binary '\0',10,2,'INTERMEDIATE'),(14,'2025-01-12 18:02:12.887000','2025-01-12 18:02:12.887000','',_binary '\0',10,5,'INTERMEDIATE'),(15,'2025-01-12 18:02:12.888000','2025-01-12 18:02:12.888000','',_binary '\0',10,6,'INTERMEDIATE'),(16,'2025-01-12 18:07:15.501000','2025-01-12 18:07:15.501000','',_binary '\0',11,2,'INTERMEDIATE'),(17,'2025-01-12 18:07:15.502000','2025-01-12 18:07:15.502000','',_binary '\0',11,1,'INTERMEDIATE'),(18,'2025-01-12 18:07:15.503000','2025-01-12 18:07:15.503000','',_binary '\0',11,4,'INTERMEDIATE'),(19,'2025-01-12 18:07:15.504000','2025-01-12 18:07:15.504000','',_binary '\0',11,5,'INTERMEDIATE'),(25,'2025-01-13 01:32:27.757000','2025-01-13 01:32:27.757000','',_binary '\0',16,2,'ADVANCED'),(26,'2025-01-13 01:32:27.763000','2025-01-13 01:32:27.763000','',_binary '\0',16,4,'ADVANCED'),(27,'2025-01-13 01:33:18.445000','2025-01-13 01:33:18.445000','',_binary '\0',17,7,'ADVANCED'),(28,'2025-01-13 01:34:15.676000','2025-01-13 01:34:15.676000','',_binary '\0',18,2,'ADVANCED'),(29,'2025-01-13 01:34:15.678000','2025-01-13 01:34:15.678000','',_binary '\0',18,5,'ADVANCED'),(33,'2025-11-23 15:00:51.645000','2025-11-23 15:00:51.645000','',_binary '\0',66,2,'INTERMEDIATE');
/*!40000 ALTER TABLE `job_skill` ENABLE KEYS */;
UNLOCK TABLES;

--
-- Table structure for table `knowledge_vectors`
--

DROP TABLE IF EXISTS `knowledge_vectors`;
/*!40101 SET @saved_cs_client     = @@character_set_client */;
/*!50503 SET character_set_client = utf8mb4 */;
CREATE TABLE `knowledge_vectors` (
  `id` bigint NOT NULL AUTO_INCREMENT,
  `source_table` varchar(255) COLLATE utf8mb4_unicode_ci DEFAULT NULL,
  `source_id` bigint NOT NULL,
  `qdrant_id` varchar(255) COLLATE utf8mb4_unicode_ci NOT NULL,
  `content` longtext COLLATE utf8mb4_unicode_ci,
  `content_summary` longtext COLLATE utf8mb4_unicode_ci,
  `category` varchar(255) COLLATE utf8mb4_unicode_ci DEFAULT NULL,
  `embedding_status` enum('PENDING','DONE','FAILED') COLLATE utf8mb4_unicode_ci DEFAULT 'PENDING',
  `embedding_model` varchar(255) COLLATE utf8mb4_unicode_ci DEFAULT NULL,
  `created_at` datetime DEFAULT CURRENT_TIMESTAMP,
  `updated_at` datetime DEFAULT CURRENT_TIMESTAMP ON UPDATE CURRENT_TIMESTAMP,
  PRIMARY KEY (`id`),
  KEY `idx_source` (`source_table`,`source_id`),
  KEY `idx_category` (`category`),
  KEY `idx_status` (`embedding_status`)
) ENGINE=InnoDB AUTO_INCREMENT=536 DEFAULT CHARSET=utf8mb4 COLLATE=utf8mb4_unicode_ci;
/*!40101 SET character_set_client = @saved_cs_client */;

--
-- Dumping data for table `knowledge_vectors`
--

LOCK TABLES `knowledge_vectors` WRITE;
/*!40000 ALTER TABLE `knowledge_vectors` DISABLE KEYS */;
INSERT INTO `knowledge_vectors` VALUES (1,'job',1,'a8e6e229-1824-40be-a1a4-e3a24b08f6aa','Vị trí: Nhân Viên Kỹ Thuật FPT Telecom - Q. Tân Bình\nCông ty: FPT Telecom\nMức lương: 10000000\nKĩ năng yêu cầu: Làm việc nhóm, Quản lý thời gian\nKinh nghiệm: ONE_TO_THREE_YEARS\nĐịa điểm: Thành phố Hồ Chí Minh\nNgành nghề: IT & Telecommunications\nMô tả: - Bảo trì, khắc phục lỗi kỹ thuật liên quan đến dịch vụ Internet, dịch vụ truyền hình FPT và các dịch vụ viễn thông tại nhà khách hàng.\n\n- Triển khai nâng cấp dịch vụ truyền hình FPT, hệ thống Wifi, Camera và các dịch vụ gia tăng khác trên đường truyền Internet tại nhà khách hàng.\n\n- Ghi nhận phản hồi trực tiếp từ khách hàng, phối hợp với các bộ phận liên quan trong việc nâng cao chất lượng dịch vụ của công ty.\n\n- Tư vấn, hướng dẫn sử dụng và cài đặt các dịch vụ đi kèm do FPT Telecom cung cấp cho khách hàng (Truyền hình FPT, Camera, thiết bị wifi...).\n\n- Hỗ trợ kỹ thuật tại nhà khách hàng.\n',NULL,'job','DONE',NULL,NULL,NULL),(2,'job',2,'d873f90b-928b-4318-a84e-ea699dbc1d96','Vị trí: Chuyên Viên Kinh Doanh Kênh Phân Phối B2C\nCông ty: FPT Telecom\nMức lương: 20000000\nKĩ năng yêu cầu: Làm việc nhóm, Thuyết trình\nKinh nghiệm: ONE_TO_THREE_YEARS\nĐịa điểm: Thành phố Hồ Chí Minh\nNgành nghề: IT & Telecommunications\nMô tả: - Sản phẩm kinh doanh chính: FPT Smart Home, FPT Camera\n- Tìm kiếm các đơn vị để phân phối các sản phẩm FPT Smart Home, FPT Camera\n- Mở rộng kênh bán hàng tại khu vực TP. Hồ Chí Minh\n- Tổ chức Workshop, bán hàng cùng Brandshop, Nhà phân phối, Đại lý\n- Tìm kiếm các đơn vị nhượng quyền của FPT Smart Home để bán hàng FPT Smart Home\n- Mở rộng đại lý cấp 2 cho các Brandshop/Nhà phân phối đang hỗ trợ\n- Mở rộng các đối tác từ kênh bán hàng: Xây dựng, camera, nội thất, vật liệu xây dựng, nhà bếp, cửa cổng, thầu xây dựng, ...\n- Làm việc tại: 336 Huỳnh Tấn Phát, Quận 7, TPHCM.\n',NULL,'job','DONE',NULL,NULL,NULL),(3,'job',3,'b90b5a2f-da26-442a-a1fb-f37c71e83f9a','Vị trí: Tuyển dụng Frontend Developer (React.js)\nCông ty: FPT Telecom\nMức lương: 15000000\nKĩ năng yêu cầu: Giao tiếp\nKinh nghiệm: ONE_TO_THREE_YEARS\nĐịa điểm: Thành phố Hà Nội\nNgành nghề: IT & Telecommunications\nMô tả: - Phát triển và duy trì các ứng dụng web sử dụng React.js\n- Tối ưu hóa hiệu suất và trải nghiệm người dùng\n- Làm việc với REST APIs và các công nghệ frontend hiện đại\n- Tham gia vào quá trình thiết kế và phát triển sản phẩm\n',NULL,'job','DONE',NULL,NULL,NULL),(4,'job',4,'3778681f-56a3-4696-b3bc-70c29936f7a2','Vị trí: Tuyển Business Analyst (BA)\nCông ty: FPT Telecom\nMức lương: 22000000\nKĩ năng yêu cầu: Tư duy phản biện\nKinh nghiệm: THREE_TO_FIVE_YEARS\nĐịa điểm: Thành phố Hà Nội\nNgành nghề: IT & Telecommunications\nMô tả: Mô tả công việc:\n- Phân tích và đề xuất giải pháp nghiệp vụ\n- Làm việc với stakeholders để thu thập yêu cầu\n- Viết tài liệu đặc tả kỹ thuật\n- Hỗ trợ team phát triển trong quá trình implement\n\nYêu cầu:\n- Tốt nghiệp đại học chuyên ngành CNTT/Kinh tế\n- 2-3 năm kinh nghiệm vị trí BA\n- Kỹ năng phân tích và giải quyết vấn đề tốt\n- Tiếng Anh giao tiếp tốt\n- Ưu tiên có kinh nghiệm trong lĩnh vực Fintech\n\nQuyền lợi:\n- Mức lương: 20-35 triệu\n- Review lương 2 lần/năm\n- Bảo hiểm sức khỏe cao cấp\n- Đào tạo chuyên môn\n- Làm việc từ xa 2 ngày/tuần\n',NULL,'job','DONE',NULL,NULL,NULL),(5,'job',5,'66fc6e61-e553-4690-844f-f59d4625a1a0','Vị trí: Tuyển QA Engineer (Manual & Automation Testing)\nCông ty: Ngân Hàng TMCP Công Thương Việt Nam (VietinBank)\nMức lương: 15000000\nKĩ năng yêu cầu: Giao tiếp\nKinh nghiệm: ONE_TO_THREE_YEARS\nĐịa điểm: Thành phố Hà Nội\nNgành nghề: IT & Telecommunications\nMô tả: Mô tả công việc:\n- Lập kế hoạch và thực hiện kiểm thử phần mềm\n- Viết test cases và test scenarios\n- Thực hiện automation test với Selenium/Cypress\n- Báo cáo và theo dõi bugs\n\nYêu cầu:\n- 2+ năm kinh nghiệm QA\n- Kinh nghiệm với Selenium hoặc Cypress\n- Hiểu biết về quy trình Agile/Scrum\n- Kỹ năng viết tài liệu tốt\n- Tiếng Anh đọc hiểu tốt\n\nQuyền lợi:\n- Mức lương: 15-25 triệu\n- Thưởng project\n- Bảo hiểm theo luật\n- Đào tạo chuyên môn\n- Teambuilding hàng quý\n',NULL,'job','DONE',NULL,NULL,NULL),(6,'job',6,'acb5258c-e09c-41cf-8b6d-8f210c863f88','Vị trí: Business Analyst (BA) - Fintech\nCông ty: Ngân Hàng TMCP Công Thương Việt Nam (VietinBank)\nMức lương: 30000000\nKĩ năng yêu cầu: Quản lý thời gian\nKinh nghiệm: ONE_TO_THREE_YEARS\nĐịa điểm: Thành phố Hà Nội\nNgành nghề: IT & Telecommunications\nMô tả: Mô tả công việc:\n- Phân tích và đề xuất giải pháp nghiệp vụ cho các dự án Fintech\n- Thu thập yêu cầu từ stakeholders và chuyển thành tài liệu kỹ thuật\n- Làm việc với team phát triển để đảm bảo triển khai đúng yêu cầu\n- Quản lý và theo dõi tiến độ dự án\n\nYêu cầu:\n- Tốt nghiệp đại học chuyên ngành CNTT/Kinh tế\n- 2-3 năm kinh nghiệm vị trí BA\n- Hiểu biết về quy trình phát triển phần mềm Agile/Scrum\n- Kỹ năng phân tích và giải quyết vấn đề tốt\n- Tiếng Anh giao tiếp tốt\n\nQuyền lợi:\n- Mức lương hấp dẫn theo năng lực\n- Review lương 2 lần/năm\n- Được đào tạo chuyên môn\n- Chế độ bảo hiểm đầy đủ\n- Môi trường làm việc chuyên nghiệp\n',NULL,'job','DONE',NULL,NULL,NULL),(7,'job',7,'d165a24c-c09c-4ca5-b7b3-72eca76d78f2','Vị trí: Senior Java Developer (Spring Boot)\nCông ty: Ngân Hàng TMCP Công Thương Việt Nam (VietinBank)\nMức lương: 40000000\nKĩ năng yêu cầu: Làm việc nhóm, Quản lý thời gian\nKinh nghiệm: THREE_TO_FIVE_YEARS\nĐịa điểm: Thành phố Hà Nội\nNgành nghề: IT & Telecommunications\nMô tả: Mô tả công việc:\n- Phát triển và tối ưu hóa các ứng dụng backend sử dụng Java/Spring Boot\n- Thiết kế và xây dựng RESTful APIs\n- Làm việc với cơ sở dữ liệu SQL và NoSQL\n- Tham gia vào quá trình review code và mentoring\n\nYêu cầu:\n- 4+ năm kinh nghiệm phát triển Java\n- Thành thạo Spring Framework, Spring Boot, Spring Security\n- Kinh nghiệm với MySQL, MongoDB, Redis\n- Hiểu biết về microservices architecture\n- Kỹ năng debug và xử lý vấn đề tốt\n\nQuyền lợi:\n- Mức lương: 35-50 triệu (theo năng lực)\n- 13 tháng lương + thưởng dự án\n- Bảo hiểm sức khỏe cao cấp\n- Chế độ nghỉ phép linh hoạt\n- Cơ hội thăng tiến rõ ràng\n',NULL,'job','DONE',NULL,NULL,NULL),(8,'job',8,'38be4bf0-1216-4b3d-80c7-d8a0013f996a','Vị trí: UI/UX Designer (Fintech/Banking)\nCông ty: Ngân Hàng TMCP Công Thương Việt Nam (VietinBank)\nMức lương: 25000000\nKĩ năng yêu cầu: Giải quyết vấn đề\nKinh nghiệm: ONE_TO_THREE_YEARS\nĐịa điểm: Thành phố Hà Nội\nNgành nghề: IT & Telecommunications\nMô tả: Mô tả công việc:\n- Thiết kế giao diện người dùng cho các ứng dụng web và mobile\n- Tạo wireframes, prototypes và thiết kế chi tiết\n- Thực hiện nghiên cứu người dùng và phân tích UX\n- Làm việc chặt chẽ với team product và development\n\nYêu cầu:\n- 3+ năm kinh nghiệm UI/UX Design\n- Thành thạo Figma, Adobe XD\n- Portfolio thể hiện các dự án đã thực hiện\n- Hiểu biết về design system và design principles\n- Kinh nghiệm trong lĩnh vực Fintech là một lợi thế\n\nQuyền lợi:\n- Mức lương cạnh tranh theo năng lực\n- Được trang bị MacBook Pro và các công cụ design\n- Bảo hiểm sức khỏe cho nhân viên và người thân\n- Nghỉ phép 12 ngày/năm\n- Môi trường làm việc sáng tạo\n',NULL,'job','DONE',NULL,NULL,NULL),(9,'job',9,'bb29d39a-b3df-43da-94c5-c754e25d381c','Vị trí: Senior Frontend Developer (ReactJS)\nCông ty: CÔNG TY CỔ PHẦN CÔNG NGHỆ THỰC PHẨM CHÂU Á (AFOTECH)\nMức lương: 15000000\nKĩ năng yêu cầu: Làm việc nhóm\nKinh nghiệm: THREE_TO_FIVE_YEARS\nĐịa điểm: Thành phố Hà Nội\nNgành nghề: IT & Telecommunications\nMô tả: Mô tả: \n- Phát triển và duy trì các ứng dụng web sử dụng ReactJS\n- Tối ưu hóa hiệu suất và trải nghiệm người dùng\n- Code review và mentoring cho các thành viên junior\n- Làm việc với các API và tích hợp backend\n\nYêu cầu:\n- 3+ năm kinh nghiệm với ReactJS\n- Thành thạo JavaScript/TypeScript, HTML5, CSS3\n- Kinh nghiệm với Redux, React Router\n- Hiểu biết về RESTful APIs\n- Kỹ năng tối ưu hóa hiệu suất website\n\nQuyền lợi:\n- Lương: 30-45 triệu\n- Review lương 2 lần/năm\n- Bảo hiểm full package\n- 12 ngày phép/năm\n- Thưởng dự án, thưởng năm\n',NULL,'job','DONE',NULL,NULL,NULL),(10,'job',10,'793ac8d3-9595-4a25-8290-c1d7aeac22b7','Vị trí: QA Engineer (Manual & Automation Testing)\nCông ty: CÔNG TY CỔ PHẦN CÔNG NGHỆ THỰC PHẨM CHÂU Á (AFOTECH)\nMức lương: 15200000\nKĩ năng yêu cầu: Làm việc nhóm, Tư duy phản biện, Thuyết trình\nKinh nghiệm: ONE_TO_THREE_YEARS\nĐịa điểm: Thành phố Hà Nội\nNgành nghề: IT & Telecommunications\nMô tả: Mô tả:\n- Lập kế hoạch và thực hiện kiểm thử phần mềm\n- Viết test cases và test scenarios\n- Thực hiện automation test với Selenium/Cypress\n- Báo cáo và theo dõi bugs\n\nYêu cầu:\n- 2+ năm kinh nghiệm QA\n- Kinh nghiệm với Selenium/Cypress\n- Kiến thức về quy trình Agile/Scrum\n- Kỹ năng viết tài liệu test tốt\n\nQuyền lợi:\n- Lương: 18-25 triệu\n- Môi trường chuyên nghiệp\n- Cơ hội học hỏi công nghệ mới\n- Chế độ phúc lợi đầy đủ\n',NULL,'job','DONE',NULL,NULL,NULL),(11,'job',11,'9c5e10ba-7dc7-4eee-a519-5e609da5a7c3','Vị trí: Digital Marketing Manager\nCông ty: CÔNG TY CỔ PHẦN CÔNG NGHỆ THỰC PHẨM CHÂU Á (AFOTECH)\nMức lương: 20000000\nKĩ năng yêu cầu: Làm việc nhóm, Giao tiếp, Giải quyết vấn đề, Tư duy phản biện\nKinh nghiệm: THREE_TO_FIVE_YEARS\nĐịa điểm: Thành phố Hà Nội\nNgành nghề: Banking & Finance\nMô tả: Mô tả:\n- Xây dựng và triển khai chiến lược marketing online\n- Quản lý các chiến dịch quảng cáo Facebook, Google Ads\n- Phân tích data và tối ưu hiệu quả marketing\n- Quản lý team marketing và ngân sách\n\nYêu cầu:\n- 3+ năm kinh nghiệm Digital Marketing\n- Thành thạo Facebook Ads, Google Ads\n- Kỹ năng phân tích data marketing\n- Khả năng quản lý dự án và team\n- Tiếng Anh tốt\n\nQuyền lợi:\n- Lương: 25-35 triệu\n- Thưởng theo doanh số\n- Môi trường năng động, sáng tạo\n- Đào tạo chuyên sâu\n- Bảo hiểm sức khỏe cho nhân viên và người thân\n',NULL,'job','DONE',NULL,NULL,NULL),(12,'job',16,'2830179d-f355-4352-8340-b9e55cd6d8d6','Vị trí: Senior Full Stack Developer\nCông ty: CÔNG TY CỔ PHẦN TẬP ĐOÀN KIM TÍN\nMức lương: 35000000\nKĩ năng yêu cầu: Làm việc nhóm, Giải quyết vấn đề\nKinh nghiệm: THREE_TO_FIVE_YEARS\nĐịa điểm: Thành phố Hồ Chí Minh\nNgành nghề: IT & Telecommunications\nMô tả: Chúng tôi đang tìm kiếm Senior Full Stack Developer với kinh nghiệm:\n- Thành thạo Java Spring Boot và ReactJS\n- Có ít nhất 5 năm kinh nghiệm phát triển web\n- Có kinh nghiệm với microservices và cloud platforms\n- Kỹ năng tối ưu hiệu suất và bảo mật ứng dụng\n',NULL,'job','DONE',NULL,NULL,NULL),(13,'job',17,'1f9e707a-587b-4c46-9447-ccd854d0984f','Vị trí: Chuyên viên Phân tích Tài chính\nCông ty: CÔNG TY CỔ PHẦN TẬP ĐOÀN KIM TÍN\nMức lương: 15000000\nKĩ năng yêu cầu: Đàm phán\nKinh nghiệm: ONE_TO_THREE_YEARS\nĐịa điểm: Thành phố Hồ Chí Minh\nNgành nghề: Banking & Finance\nMô tả: Yêu cầu:\n- Tốt nghiệp Tài chính/Kế toán/Kinh tế\n- 3 năm kinh nghiệm phân tích tài chính\n- Thành thạo Excel và các công cụ phân tích\n- Chứng chỉ CFA là một lợi thế\n',NULL,'job','DONE',NULL,NULL,NULL),(14,'job',18,'dbe8166c-c1d6-45a2-a8f9-85414ac9cbe2','Vị trí: Chuyên viên Phát triển Chương trình Đào tạo\nCông ty: CÔNG TY CỔ PHẦN TẬP ĐOÀN KIM TÍN\nMức lương: 10000000\nKĩ năng yêu cầu: Làm việc nhóm, Tư duy phản biện\nKinh nghiệm: ONE_TO_THREE_YEARS\nĐịa điểm: Thành phố Hồ Chí Minh\nNgành nghề: Education & Training\nMô tả: Mô tả công việc:\n- Thiết kế và phát triển giáo trình\n- Đánh giá hiệu quả đào tạo\n- Cập nhật nội dung theo xu hướng mới\n- Yêu cầu: Kinh nghiệm trong giáo dục 3 năm\n',NULL,'job','DONE',NULL,NULL,NULL),(15,'job',21,'4f326083-39a3-4a82-8342-a88e85cf4b9a','Vị trí: Senior Java Developer\nCông ty: CÔNG TY CỔ PHẦN TẬP ĐOÀN KIM TÍN\nMức lương: 25000000\nKĩ năng yêu cầu: \nKinh nghiệm: NO_EXPERIENCE\nĐịa điểm: Thành phố Hồ Chí Minh\nNgành nghề: IT & Telecommunications\nMô tả: Chúng tôi đang tìm kiếm một Senior Java Developer có kinh nghiệm\n',NULL,'job','DONE',NULL,NULL,NULL),(16,'job',22,'6681b685-5f0e-44a5-bd3f-fbaa87bef6f4','Vị trí: Senior Java Developer123\nCông ty: CÔNG TY CỔ PHẦN TẬP ĐOÀN KIM TÍN\nMức lương: 25000000\nKĩ năng yêu cầu: \nKinh nghiệm: NO_EXPERIENCE\nĐịa điểm: Thành phố Hồ Chí Minh\nNgành nghề: IT & Telecommunications\nMô tả: Chúng tôi đang tìm kiếm một Senior Java Developer có kinh nghiệm\n',NULL,'job','DONE',NULL,NULL,NULL),(17,'job',23,'b71aff08-84d3-42f4-a7ba-84301aa9fe50','Vị trí: React Native Developer\nCông ty: CÔNG TY CỔ PHẦN TẬP ĐOÀN KIM TÍN\nMức lương: 25000000\nKĩ năng yêu cầu: \nKinh nghiệm: ONE_TO_THREE_YEARS\nĐịa điểm: Thành phố Hồ Chí Minh\nNgành nghề: IT & Telecommunications\nMô tả: Phát triển ứng dụng mobile sử dụng React Native. Yêu cầu:\n- 2+ năm kinh nghiệm React Native\n- Thành thạo JavaScript/TypeScript\n- Kinh nghiệm với Redux, React Navigation\n- Hiểu biết về native modules\n',NULL,'job','DONE',NULL,NULL,NULL),(18,'job',24,'b301c8ad-1a92-481d-a544-6fdd90a89ef7','Vị trí: Cloud Solutions Architect\nCông ty: CÔNG TY CỔ PHẦN TẬP ĐOÀN KIM TÍN\nMức lương: 45000000\nKĩ năng yêu cầu: \nKinh nghiệm: THREE_TO_FIVE_YEARS\nĐịa điểm: Hà Nội\nNgành nghề: IT & Telecommunications\nMô tả: Phát triển và quản lý hệ thống cloud. Yêu cầu:\n- 3+ năm kinh nghiệm AWS\n- Chứng chỉ AWS Solutions Architect\n- Kinh nghiệm với Docker, Kubernetes\n- CI/CD pipeline\n',NULL,'job','DONE',NULL,NULL,NULL),(19,'job',25,'626d85bf-4948-45d8-be5f-7e8e56dc0bef','Vị trí: Blockchain Developer\nCông ty: CÔNG TY CỔ PHẦN TẬP ĐOÀN KIM TÍN\nMức lương: 35000000\nKĩ năng yêu cầu: \nKinh nghiệm: ONE_TO_THREE_YEARS\nĐịa điểm: Đà Nẵng\nNgành nghề: IT & Telecommunications\nMô tả: Phát triển ứng dụng blockchain. Yêu cầu:\n- 2+ năm kinh nghiệm Solidity\n- Hiểu biết về Smart Contracts\n- Kinh nghiệm với Web3.js\n- Background về cryptography\n',NULL,'job','DONE',NULL,NULL,NULL),(20,'job',26,'01ba260b-1842-4bff-9f77-737200ef2714','Vị trí: Unity Game Developer\nCông ty: Vingroup JSC\nMức lương: 40000000\nKĩ năng yêu cầu: \nKinh nghiệm: THREE_TO_FIVE_YEARS\nĐịa điểm: Thành phố Hồ Chí Minh\nNgành nghề: IT & Telecommunications\nMô tả: Phát triển game Unity. Yêu cầu:\n- 3+ năm kinh nghiệm Unity\n- Thành thạo C#\n- Kinh nghiệm với 3D modeling\n- Portfolio các game đã phát triển\n',NULL,'job','DONE',NULL,NULL,NULL),(21,'job',27,'cdab5a3e-c17a-4d6a-abcf-93ec28414c11','Vị trí: Machine Learning Engineer\nCông ty: Vingroup JSC\nMức lương: 50000000\nKĩ năng yêu cầu: \nKinh nghiệm: THREE_TO_FIVE_YEARS\nĐịa điểm: Hà Nội\nNgành nghề: IT & Telecommunications\nMô tả: Phát triển ML/AI. Yêu cầu:\n- Master/PhD trong ML/AI\n- Thành thạo Python, TensorFlow\n- Kinh nghiệm với Computer Vision\n- Research background\n',NULL,'job','DONE',NULL,NULL,NULL),(22,'job',28,'8bf03df7-ab50-4ff7-b99f-19039b55c406','Vị trí: Senior Product Manager - Fintech\nCông ty: CMC Corporation\nMức lương: 60000000\nKĩ năng yêu cầu: \nKinh nghiệm: FIVE_TO_TEN_YEARS\nĐịa điểm: Thành phố Hồ Chí Minh\nNgành nghề: Banking & Finance\nMô tả: Product Manager cho fintech app. Yêu cầu:\n- 5+ năm kinh nghiệm product management\n- Background về fintech\n- Kỹ năng phân tích data\n- Leadership skills\n',NULL,'job','DONE',NULL,NULL,NULL),(23,'job',29,'ee8cce36-3cf4-4515-9556-960f88db8e9d','Vị trí: Senior DevOps Engineer\nCông ty: CMC Corporation\nMức lương: 45000000\nKĩ năng yêu cầu: \nKinh nghiệm: THREE_TO_FIVE_YEARS\nĐịa điểm: Hà Nội\nNgành nghề: IT & Telecommunications\nMô tả: DevOps Engineer với kinh nghiệm về cloud. Yêu cầu:\n- 3+ năm kinh nghiệm DevOps\n- AWS/Azure certifications\n- Ansible, Terraform\n- Monitoring tools\n',NULL,'job','DONE',NULL,NULL,NULL),(24,'job',30,'17b9c191-379d-474d-8510-ae34bf3faa0e','Vị trí: Senior Data Engineer\nCông ty: MISA JSC\nMức lương: 40000000\nKĩ năng yêu cầu: \nKinh nghiệm: THREE_TO_FIVE_YEARS\nĐịa điểm: Đà Nẵng\nNgành nghề: IT & Telecommunications\nMô tả: Data Engineer với kinh nghiệm big data. Yêu cầu:\n- 4+ năm kinh nghiệm\n- Hadoop ecosystem\n- Spark, Kafka\n- SQL/NoSQL databases\n',NULL,'job','DONE',NULL,NULL,NULL),(25,'job',31,'b582c075-8f7f-4562-b740-07470032dc80','Vị trí: Frontend React Developer\nCông ty: Sendo JSC\nMức lương: 25000000\nKĩ năng yêu cầu: \nKinh nghiệm: ONE_TO_THREE_YEARS\nĐịa điểm: Thành phố Hồ Chí Minh\nNgành nghề: IT & Telecommunications\nMô tả: Frontend Developer với React. Yêu cầu:\n- 2+ năm kinh nghiệm React\n- TypeScript\n- State management\n- Testing\n',NULL,'job','DONE',NULL,NULL,NULL),(26,'job',32,'893c4856-f6be-4b1b-99be-264dc0a332da','Vị trí: Backend Node.js Developer\nCông ty: Lotte Data Communication Vietnam\nMức lương: 35000000\nKĩ năng yêu cầu: \nKinh nghiệm: THREE_TO_FIVE_YEARS\nĐịa điểm: Hà Nội\nNgành nghề: IT & Telecommunications\nMô tả: Backend Developer với Node.js. Yêu cầu:\n- 3+ năm kinh nghiệm Node.js\n- Express/NestJS\n- MongoDB\n- Microservices\n',NULL,'job','DONE',NULL,NULL,NULL),(27,'job',33,'5d109a30-2fa0-4348-bded-7bd29c7ac9a6','Vị trí: iOS Developer\nCông ty: Lotte Data Communication Vietnam\nMức lương: 40000000\nKĩ năng yêu cầu: \nKinh nghiệm: THREE_TO_FIVE_YEARS\nĐịa điểm: Thành phố Hồ Chí Minh\nNgành nghề: IT & Telecommunications\nMô tả: Mobile App Developer (iOS). Yêu cầu:\n- 3+ năm kinh nghiệm iOS development\n- Swift, SwiftUI\n- Kinh nghiệm với Apple guidelines\n- CI/CD cho iOS apps\n',NULL,'job','DONE',NULL,NULL,NULL),(28,'job',34,'54dc8ecd-8df3-4588-a7e2-69697afe4767','Vị trí: Security Engineer\nCông ty: NashTech Vietnam\nMức lương: 45000000\nKĩ năng yêu cầu: \nKinh nghiệm: THREE_TO_FIVE_YEARS\nĐịa điểm: Hà Nội\nNgành nghề: IT & Telecommunications\nMô tả: Security Engineer. Yêu cầu:\n- 4+ năm kinh nghiệm security\n- Penetration testing\n- Security compliance\n- Incident response\n',NULL,'job','DONE',NULL,NULL,NULL),(29,'job',35,'5010ade2-ffc8-4abf-9820-fdcedb57c80a','Vị trí: UX Researcher\nCông ty: TMA Solutions\nMức lương: 35000000\nKĩ năng yêu cầu: \nKinh nghiệm: THREE_TO_FIVE_YEARS\nĐịa điểm: Đà Nẵng\nNgành nghề: IT & Telecommunications\nMô tả: UX Researcher. Yêu cầu:\n- 3+ năm kinh nghiệm UX research\n- User testing\n- Data analysis\n- Research methodologies\n',NULL,'job','DONE',NULL,NULL,NULL),(30,'job',36,'08501038-02f8-4d41-a0f7-0eed4967bb58','Vị trí: Technical Project Manager\nCông ty: Sendo JSC\nMức lương: 50000000\nKĩ năng yêu cầu: \nKinh nghiệm: FIVE_TO_TEN_YEARS\nĐịa điểm: Thành phố Hồ Chí Minh\nNgành nghề: IT & Telecommunications\nMô tả: Technical Project Manager. Yêu cầu:\n- 5+ năm kinh nghiệm quản lý dự án\n- Agile/Scrum certification\n- Technical background\n- Leadership skills\n',NULL,'job','DONE',NULL,NULL,NULL),(31,'job',37,'921ed1fd-442d-417c-8a48-c838fc29b5c4','Vị trí: Senior DBA\nCông ty: Lotte Data Communication Vietnam\nMức lương: 40000000\nKĩ năng yêu cầu: \nKinh nghiệm: THREE_TO_FIVE_YEARS\nĐịa điểm: Hà Nội\nNgành nghề: IT & Telecommunications\nMô tả: Database Administrator. Yêu cầu:\n- 4+ năm kinh nghiệm DBA\n- MySQL, PostgreSQL\n- Performance tuning\n- Backup & recovery\n',NULL,'job','DONE',NULL,NULL,NULL),(32,'job',38,'fcc83ef3-30ef-45fb-b9a9-8bdbf0d696a2','Vị trí: Senior Android Developer\nCông ty: NashTech Vietnam\nMức lương: 35000000\nKĩ năng yêu cầu: \nKinh nghiệm: THREE_TO_FIVE_YEARS\nĐịa điểm: Đà Nẵng\nNgành nghề: IT & Telecommunications\nMô tả: Android Developer. Yêu cầu:\n- 3+ năm kinh nghiệm Android\n- Kotlin\n- MVVM architecture\n- Material Design\n',NULL,'job','DONE',NULL,NULL,NULL),(33,'job',39,'adac1cc2-afd8-4e07-a2b1-86d2bd212591','Vị trí: Senior Data Scientist\nCông ty: TMA Solutions\nMức lương: 55000000\nKĩ năng yêu cầu: \nKinh nghiệm: THREE_TO_FIVE_YEARS\nĐịa điểm: Hà Nội\nNgành nghề: IT & Telecommunications\nMô tả: Data Scientist. Yêu cầu:\n- Master/PhD trong Data Science/Statistics\n- Python, R\n- Machine Learning\n- Deep Learning\n- Big Data tools\n- Research experience\n',NULL,'job','DONE',NULL,NULL,NULL),(34,'job',40,'f74c2824-01b2-4a59-b0b8-407762fdcc03','Vị trí: Technical Lead\nCông ty: Sendo JSC\nMức lương: 70000000\nKĩ năng yêu cầu: \nKinh nghiệm: MORE_THAN_TEN_YEARS\nĐịa điểm: Thành phố Hồ Chí Minh\nNgành nghề: IT & Telecommunications\nMô tả: Technical Lead - Microservices. Yêu cầu:\n- 7+ năm kinh nghiệm development\n- Microservices Architecture\n- System Design\n- Team Management\n- Agile/Scrum\n',NULL,'job','DONE',NULL,NULL,NULL),(35,'job',41,'4176e8c7-c0d8-46cb-80b4-bc54c403335d','Vị trí: Digital Marketing Specialist\nCông ty: Lotte Data Communication Vietnam\nMức lương: 25000000\nKĩ năng yêu cầu: \nKinh nghiệm: THREE_TO_FIVE_YEARS\nĐịa điểm: Đà Nẵng\nNgành nghề: Banking & Finance\nMô tả: Digital Marketing Specialist. Yêu cầu:\n- 3+ năm kinh nghiệm digital marketing\n- Google Ads, Facebook Ads\n- SEO/SEM\n- Analytics\n- Content Strategy\n',NULL,'job','DONE',NULL,NULL,NULL),(36,'job',42,'0fe69494-9ea8-411b-b29b-09b9d87b3cc7','Vị trí: BI Analyst\nCông ty: NashTech Vietnam\nMức lương: 40000000\nKĩ năng yêu cầu: \nKinh nghiệm: THREE_TO_FIVE_YEARS\nĐịa điểm: Hà Nội\nNgành nghề: IT & Telecommunications\nMô tả: Business Intelligence Analyst. Yêu cầu:\n- 4+ năm kinh nghiệm BI\n- SQL\n- Power BI/Tableau\n- Data Warehousing\n- Statistical Analysis\n',NULL,'job','DONE',NULL,NULL,NULL),(37,'job',43,'c10508af-8019-4ed8-88d4-b0b349c8d203','Vị trí: Senior SRE\nCông ty: TMA Solutions\nMức lương: 60000000\nKĩ năng yêu cầu: \nKinh nghiệm: FIVE_TO_TEN_YEARS\nĐịa điểm: Thành phố Hồ Chí Minh\nNgành nghề: IT & Telecommunications\nMô tả: Site Reliability Engineer. Yêu cầu:\n- 5+ năm kinh nghiệm DevOps/SRE\n- Cloud Platforms (AWS/GCP)\n- Infrastructure as Code\n- Monitoring & Alerting\n- Performance Optimization\n',NULL,'job','DONE',NULL,NULL,NULL),(38,'job',44,'03938218-507e-433f-92a9-d7502f5714f7','Vị trí: Solution Architect\nCông ty: Sendo JSC\nMức lương: 80000000\nKĩ năng yêu cầu: \nKinh nghiệm: MORE_THAN_TEN_YEARS\nĐịa điểm: Hà Nội\nNgành nghề: IT & Telecommunications\nMô tả: Solution Architect. Yêu cầu:\n- 8+ năm kinh nghiệm development\n- System Architecture\n- Cloud Solutions\n- Enterprise Integration\n- Technical Leadership\n',NULL,'job','DONE',NULL,NULL,NULL),(39,'job',45,'be591e9f-a067-4c42-a849-6cee6a435df6','Vị trí: Senior Product Designer\nCông ty: TMA Solutions\nMức lương: 35000000\nKĩ năng yêu cầu: \nKinh nghiệm: THREE_TO_FIVE_YEARS\nĐịa điểm: Đà Nẵng\nNgành nghề: IT & Telecommunications\nMô tả: Product Designer. Yêu cầu:\n- 4+ năm kinh nghiệm product design\n- UI/UX Design\n- Design Systems\n- User Research\n- Prototyping Tools\n',NULL,'job','DONE',NULL,NULL,NULL),(40,'job',46,'7279dc80-dc67-4d16-acbb-c7b47779d707','Vị trí: InfoSec Manager\nCông ty: NashTech Vietnam\nMức lương: 70000000\nKĩ năng yêu cầu: \nKinh nghiệm: FIVE_TO_TEN_YEARS\nĐịa điểm: Thành phố Hồ Chí Minh\nNgành nghề: IT & Telecommunications\nMô tả: Information Security Manager. Yêu cầu:\n- 7+ năm kinh nghiệm security\n- Security Frameworks\n- Risk Management\n- Team Leadership\n- Security Certifications\n',NULL,'job','DONE',NULL,NULL,NULL),(41,'job',47,'a011c754-c993-428b-9f54-ea909a07feac','Vị trí: AI Research Engineer\nCông ty: Lotte Data Communication Vietnam\nMức lương: 65000000\nKĩ năng yêu cầu: \nKinh nghiệm: FIVE_TO_TEN_YEARS\nĐịa điểm: Hà Nội\nNgành nghề: IT & Telecommunications\nMô tả: AI Research Engineer. Yêu cầu:\n- PhD in AI/ML\n- Deep Learning\n- Computer Vision\n- NLP\n- Research Publications\n',NULL,'job','DONE',NULL,NULL,NULL),(42,'job',48,'c1741ae2-3507-476f-aa41-284646f6f738','Vị trí: Senior Embedded Engineer\nCông ty: Sendo JSC\nMức lương: 45000000\nKĩ năng yêu cầu: \nKinh nghiệm: FIVE_TO_TEN_YEARS\nĐịa điểm: Đà Nẵng\nNgành nghề: IT & Telecommunications\nMô tả: Embedded Systems Engineer. Yêu cầu:\n- 5+ năm kinh nghiệm embedded systems\n- C/C++\n- RTOS\n- Hardware Interfaces\n- IoT Protocols\n',NULL,'job','DONE',NULL,NULL,NULL),(43,'job',1,'e89f992d-45ff-4659-8ee7-145b068a6fa3','Vị trí: Nhân Viên Kỹ Thuật FPT Telecom - Q. Tân Bình\nCông ty: FPT Telecom\nMức lương: 10000000\nKĩ năng yêu cầu: Làm việc nhóm, Quản lý thời gian\nKinh nghiệm: ONE_TO_THREE_YEARS\nĐịa điểm: Thành phố Hồ Chí Minh\nNgành nghề: IT & Telecommunications\nMô tả: - Bảo trì, khắc phục lỗi kỹ thuật liên quan đến dịch vụ Internet, dịch vụ truyền hình FPT và các dịch vụ viễn thông tại nhà khách hàng.\n\n- Triển khai nâng cấp dịch vụ truyền hình FPT, hệ thống Wifi, Camera và các dịch vụ gia tăng khác trên đường truyền Internet tại nhà khách hàng.\n\n- Ghi nhận phản hồi trực tiếp từ khách hàng, phối hợp với các bộ phận liên quan trong việc nâng cao chất lượng dịch vụ của công ty.\n\n- Tư vấn, hướng dẫn sử dụng và cài đặt các dịch vụ đi kèm do FPT Telecom cung cấp cho khách hàng (Truyền hình FPT, Camera, thiết bị wifi...).\n\n- Hỗ trợ kỹ thuật tại nhà khách hàng.\n',NULL,'job','DONE',NULL,NULL,NULL),(44,'job',2,'5199485d-b4ce-46d7-96b2-053c4fb235a0','Vị trí: Chuyên Viên Kinh Doanh Kênh Phân Phối B2C\nCông ty: FPT Telecom\nMức lương: 20000000\nKĩ năng yêu cầu: Làm việc nhóm, Thuyết trình\nKinh nghiệm: ONE_TO_THREE_YEARS\nĐịa điểm: Thành phố Hồ Chí Minh\nNgành nghề: IT & Telecommunications\nMô tả: - Sản phẩm kinh doanh chính: FPT Smart Home, FPT Camera\n- Tìm kiếm các đơn vị để phân phối các sản phẩm FPT Smart Home, FPT Camera\n- Mở rộng kênh bán hàng tại khu vực TP. Hồ Chí Minh\n- Tổ chức Workshop, bán hàng cùng Brandshop, Nhà phân phối, Đại lý\n- Tìm kiếm các đơn vị nhượng quyền của FPT Smart Home để bán hàng FPT Smart Home\n- Mở rộng đại lý cấp 2 cho các Brandshop/Nhà phân phối đang hỗ trợ\n- Mở rộng các đối tác từ kênh bán hàng: Xây dựng, camera, nội thất, vật liệu xây dựng, nhà bếp, cửa cổng, thầu xây dựng, ...\n- Làm việc tại: 336 Huỳnh Tấn Phát, Quận 7, TPHCM.\n',NULL,'job','DONE',NULL,NULL,NULL),(45,'job',3,'a808ce25-f913-4450-9a33-68be6cdd7f52','Vị trí: Tuyển dụng Frontend Developer (React.js)\nCông ty: FPT Telecom\nMức lương: 15000000\nKĩ năng yêu cầu: Giao tiếp\nKinh nghiệm: ONE_TO_THREE_YEARS\nĐịa điểm: Thành phố Hà Nội\nNgành nghề: IT & Telecommunications\nMô tả: - Phát triển và duy trì các ứng dụng web sử dụng React.js\n- Tối ưu hóa hiệu suất và trải nghiệm người dùng\n- Làm việc với REST APIs và các công nghệ frontend hiện đại\n- Tham gia vào quá trình thiết kế và phát triển sản phẩm\n',NULL,'job','DONE',NULL,NULL,NULL),(46,'job',4,'b7868a37-5d0d-416c-a1cf-51b406e67080','Vị trí: Tuyển Business Analyst (BA)\nCông ty: FPT Telecom\nMức lương: 22000000\nKĩ năng yêu cầu: Tư duy phản biện\nKinh nghiệm: THREE_TO_FIVE_YEARS\nĐịa điểm: Thành phố Hà Nội\nNgành nghề: IT & Telecommunications\nMô tả: Mô tả công việc:\n- Phân tích và đề xuất giải pháp nghiệp vụ\n- Làm việc với stakeholders để thu thập yêu cầu\n- Viết tài liệu đặc tả kỹ thuật\n- Hỗ trợ team phát triển trong quá trình implement\n\nYêu cầu:\n- Tốt nghiệp đại học chuyên ngành CNTT/Kinh tế\n- 2-3 năm kinh nghiệm vị trí BA\n- Kỹ năng phân tích và giải quyết vấn đề tốt\n- Tiếng Anh giao tiếp tốt\n- Ưu tiên có kinh nghiệm trong lĩnh vực Fintech\n\nQuyền lợi:\n- Mức lương: 20-35 triệu\n- Review lương 2 lần/năm\n- Bảo hiểm sức khỏe cao cấp\n- Đào tạo chuyên môn\n- Làm việc từ xa 2 ngày/tuần\n',NULL,'job','DONE',NULL,NULL,NULL),(47,'job',5,'88647bbe-ed0d-4315-b9ee-82e60095c08b','Vị trí: Tuyển QA Engineer (Manual & Automation Testing)\nCông ty: Ngân Hàng TMCP Công Thương Việt Nam (VietinBank)\nMức lương: 15000000\nKĩ năng yêu cầu: Giao tiếp\nKinh nghiệm: ONE_TO_THREE_YEARS\nĐịa điểm: Thành phố Hà Nội\nNgành nghề: IT & Telecommunications\nMô tả: Mô tả công việc:\n- Lập kế hoạch và thực hiện kiểm thử phần mềm\n- Viết test cases và test scenarios\n- Thực hiện automation test với Selenium/Cypress\n- Báo cáo và theo dõi bugs\n\nYêu cầu:\n- 2+ năm kinh nghiệm QA\n- Kinh nghiệm với Selenium hoặc Cypress\n- Hiểu biết về quy trình Agile/Scrum\n- Kỹ năng viết tài liệu tốt\n- Tiếng Anh đọc hiểu tốt\n\nQuyền lợi:\n- Mức lương: 15-25 triệu\n- Thưởng project\n- Bảo hiểm theo luật\n- Đào tạo chuyên môn\n- Teambuilding hàng quý\n',NULL,'job','DONE',NULL,NULL,NULL),(48,'job',6,'29c951ca-a7b6-4f47-8a83-cb3ca87b9bab','Vị trí: Business Analyst (BA) - Fintech\nCông ty: Ngân Hàng TMCP Công Thương Việt Nam (VietinBank)\nMức lương: 30000000\nKĩ năng yêu cầu: Quản lý thời gian\nKinh nghiệm: ONE_TO_THREE_YEARS\nĐịa điểm: Thành phố Hà Nội\nNgành nghề: IT & Telecommunications\nMô tả: Mô tả công việc:\n- Phân tích và đề xuất giải pháp nghiệp vụ cho các dự án Fintech\n- Thu thập yêu cầu từ stakeholders và chuyển thành tài liệu kỹ thuật\n- Làm việc với team phát triển để đảm bảo triển khai đúng yêu cầu\n- Quản lý và theo dõi tiến độ dự án\n\nYêu cầu:\n- Tốt nghiệp đại học chuyên ngành CNTT/Kinh tế\n- 2-3 năm kinh nghiệm vị trí BA\n- Hiểu biết về quy trình phát triển phần mềm Agile/Scrum\n- Kỹ năng phân tích và giải quyết vấn đề tốt\n- Tiếng Anh giao tiếp tốt\n\nQuyền lợi:\n- Mức lương hấp dẫn theo năng lực\n- Review lương 2 lần/năm\n- Được đào tạo chuyên môn\n- Chế độ bảo hiểm đầy đủ\n- Môi trường làm việc chuyên nghiệp\n',NULL,'job','DONE',NULL,NULL,NULL),(49,'job',7,'2b959b43-5272-4ff6-a48d-b9b065c2c212','Vị trí: Senior Java Developer (Spring Boot)\nCông ty: Ngân Hàng TMCP Công Thương Việt Nam (VietinBank)\nMức lương: 40000000\nKĩ năng yêu cầu: Làm việc nhóm, Quản lý thời gian\nKinh nghiệm: THREE_TO_FIVE_YEARS\nĐịa điểm: Thành phố Hà Nội\nNgành nghề: IT & Telecommunications\nMô tả: Mô tả công việc:\n- Phát triển và tối ưu hóa các ứng dụng backend sử dụng Java/Spring Boot\n- Thiết kế và xây dựng RESTful APIs\n- Làm việc với cơ sở dữ liệu SQL và NoSQL\n- Tham gia vào quá trình review code và mentoring\n\nYêu cầu:\n- 4+ năm kinh nghiệm phát triển Java\n- Thành thạo Spring Framework, Spring Boot, Spring Security\n- Kinh nghiệm với MySQL, MongoDB, Redis\n- Hiểu biết về microservices architecture\n- Kỹ năng debug và xử lý vấn đề tốt\n\nQuyền lợi:\n- Mức lương: 35-50 triệu (theo năng lực)\n- 13 tháng lương + thưởng dự án\n- Bảo hiểm sức khỏe cao cấp\n- Chế độ nghỉ phép linh hoạt\n- Cơ hội thăng tiến rõ ràng\n',NULL,'job','DONE',NULL,NULL,NULL),(50,'job',8,'a581b169-3277-4945-9ebb-bab7f81a4338','Vị trí: UI/UX Designer (Fintech/Banking)\nCông ty: Ngân Hàng TMCP Công Thương Việt Nam (VietinBank)\nMức lương: 25000000\nKĩ năng yêu cầu: Giải quyết vấn đề\nKinh nghiệm: ONE_TO_THREE_YEARS\nĐịa điểm: Thành phố Hà Nội\nNgành nghề: IT & Telecommunications\nMô tả: Mô tả công việc:\n- Thiết kế giao diện người dùng cho các ứng dụng web và mobile\n- Tạo wireframes, prototypes và thiết kế chi tiết\n- Thực hiện nghiên cứu người dùng và phân tích UX\n- Làm việc chặt chẽ với team product và development\n\nYêu cầu:\n- 3+ năm kinh nghiệm UI/UX Design\n- Thành thạo Figma, Adobe XD\n- Portfolio thể hiện các dự án đã thực hiện\n- Hiểu biết về design system và design principles\n- Kinh nghiệm trong lĩnh vực Fintech là một lợi thế\n\nQuyền lợi:\n- Mức lương cạnh tranh theo năng lực\n- Được trang bị MacBook Pro và các công cụ design\n- Bảo hiểm sức khỏe cho nhân viên và người thân\n- Nghỉ phép 12 ngày/năm\n- Môi trường làm việc sáng tạo\n',NULL,'job','DONE',NULL,NULL,NULL),(51,'job',9,'4a2b8b84-9ddb-4c9d-9842-0dd983d253bf','Vị trí: Senior Frontend Developer (ReactJS)\nCông ty: CÔNG TY CỔ PHẦN CÔNG NGHỆ THỰC PHẨM CHÂU Á (AFOTECH)\nMức lương: 15000000\nKĩ năng yêu cầu: Làm việc nhóm\nKinh nghiệm: THREE_TO_FIVE_YEARS\nĐịa điểm: Thành phố Hà Nội\nNgành nghề: IT & Telecommunications\nMô tả: Mô tả: \n- Phát triển và duy trì các ứng dụng web sử dụng ReactJS\n- Tối ưu hóa hiệu suất và trải nghiệm người dùng\n- Code review và mentoring cho các thành viên junior\n- Làm việc với các API và tích hợp backend\n\nYêu cầu:\n- 3+ năm kinh nghiệm với ReactJS\n- Thành thạo JavaScript/TypeScript, HTML5, CSS3\n- Kinh nghiệm với Redux, React Router\n- Hiểu biết về RESTful APIs\n- Kỹ năng tối ưu hóa hiệu suất website\n\nQuyền lợi:\n- Lương: 30-45 triệu\n- Review lương 2 lần/năm\n- Bảo hiểm full package\n- 12 ngày phép/năm\n- Thưởng dự án, thưởng năm\n',NULL,'job','DONE',NULL,NULL,NULL),(52,'job',10,'857919a2-8398-48d3-88b8-d407e300cd2c','Vị trí: QA Engineer (Manual & Automation Testing)\nCông ty: CÔNG TY CỔ PHẦN CÔNG NGHỆ THỰC PHẨM CHÂU Á (AFOTECH)\nMức lương: 15200000\nKĩ năng yêu cầu: Làm việc nhóm, Tư duy phản biện, Thuyết trình\nKinh nghiệm: ONE_TO_THREE_YEARS\nĐịa điểm: Thành phố Hà Nội\nNgành nghề: IT & Telecommunications\nMô tả: Mô tả:\n- Lập kế hoạch và thực hiện kiểm thử phần mềm\n- Viết test cases và test scenarios\n- Thực hiện automation test với Selenium/Cypress\n- Báo cáo và theo dõi bugs\n\nYêu cầu:\n- 2+ năm kinh nghiệm QA\n- Kinh nghiệm với Selenium/Cypress\n- Kiến thức về quy trình Agile/Scrum\n- Kỹ năng viết tài liệu test tốt\n\nQuyền lợi:\n- Lương: 18-25 triệu\n- Môi trường chuyên nghiệp\n- Cơ hội học hỏi công nghệ mới\n- Chế độ phúc lợi đầy đủ\n',NULL,'job','DONE',NULL,NULL,NULL),(53,'job',11,'55499a4a-c2a4-41fb-a5ae-dbe3a2eaa110','Vị trí: Digital Marketing Manager\nCông ty: CÔNG TY CỔ PHẦN CÔNG NGHỆ THỰC PHẨM CHÂU Á (AFOTECH)\nMức lương: 20000000\nKĩ năng yêu cầu: Làm việc nhóm, Giao tiếp, Giải quyết vấn đề, Tư duy phản biện\nKinh nghiệm: THREE_TO_FIVE_YEARS\nĐịa điểm: Thành phố Hà Nội\nNgành nghề: Banking & Finance\nMô tả: Mô tả:\n- Xây dựng và triển khai chiến lược marketing online\n- Quản lý các chiến dịch quảng cáo Facebook, Google Ads\n- Phân tích data và tối ưu hiệu quả marketing\n- Quản lý team marketing và ngân sách\n\nYêu cầu:\n- 3+ năm kinh nghiệm Digital Marketing\n- Thành thạo Facebook Ads, Google Ads\n- Kỹ năng phân tích data marketing\n- Khả năng quản lý dự án và team\n- Tiếng Anh tốt\n\nQuyền lợi:\n- Lương: 25-35 triệu\n- Thưởng theo doanh số\n- Môi trường năng động, sáng tạo\n- Đào tạo chuyên sâu\n- Bảo hiểm sức khỏe cho nhân viên và người thân\n',NULL,'job','DONE',NULL,NULL,NULL),(54,'job',16,'8cecd1a7-f596-4758-b08c-1202a7dd3ace','Vị trí: Senior Full Stack Developer\nCông ty: CÔNG TY CỔ PHẦN TẬP ĐOÀN KIM TÍN\nMức lương: 35000000\nKĩ năng yêu cầu: Làm việc nhóm, Giải quyết vấn đề\nKinh nghiệm: THREE_TO_FIVE_YEARS\nĐịa điểm: Thành phố Hồ Chí Minh\nNgành nghề: IT & Telecommunications\nMô tả: Chúng tôi đang tìm kiếm Senior Full Stack Developer với kinh nghiệm:\n- Thành thạo Java Spring Boot và ReactJS\n- Có ít nhất 5 năm kinh nghiệm phát triển web\n- Có kinh nghiệm với microservices và cloud platforms\n- Kỹ năng tối ưu hiệu suất và bảo mật ứng dụng\n',NULL,'job','DONE',NULL,NULL,NULL),(55,'job',17,'bee424c8-ba38-49f8-9c15-ed6803399428','Vị trí: Chuyên viên Phân tích Tài chính\nCông ty: CÔNG TY CỔ PHẦN TẬP ĐOÀN KIM TÍN\nMức lương: 15000000\nKĩ năng yêu cầu: Đàm phán\nKinh nghiệm: ONE_TO_THREE_YEARS\nĐịa điểm: Thành phố Hồ Chí Minh\nNgành nghề: Banking & Finance\nMô tả: Yêu cầu:\n- Tốt nghiệp Tài chính/Kế toán/Kinh tế\n- 3 năm kinh nghiệm phân tích tài chính\n- Thành thạo Excel và các công cụ phân tích\n- Chứng chỉ CFA là một lợi thế\n',NULL,'job','DONE',NULL,NULL,NULL),(56,'job',18,'390eb128-2ba3-4c72-a2a6-460ee23a253f','Vị trí: Chuyên viên Phát triển Chương trình Đào tạo\nCông ty: CÔNG TY CỔ PHẦN TẬP ĐOÀN KIM TÍN\nMức lương: 10000000\nKĩ năng yêu cầu: Làm việc nhóm, Tư duy phản biện\nKinh nghiệm: ONE_TO_THREE_YEARS\nĐịa điểm: Thành phố Hồ Chí Minh\nNgành nghề: Education & Training\nMô tả: Mô tả công việc:\n- Thiết kế và phát triển giáo trình\n- Đánh giá hiệu quả đào tạo\n- Cập nhật nội dung theo xu hướng mới\n- Yêu cầu: Kinh nghiệm trong giáo dục 3 năm\n',NULL,'job','DONE',NULL,NULL,NULL),(57,'job',21,'a357014c-dcd0-4c7f-94ac-e79c4556b211','Vị trí: Senior Java Developer\nCông ty: CÔNG TY CỔ PHẦN TẬP ĐOÀN KIM TÍN\nMức lương: 25000000\nKĩ năng yêu cầu: \nKinh nghiệm: NO_EXPERIENCE\nĐịa điểm: Thành phố Hồ Chí Minh\nNgành nghề: IT & Telecommunications\nMô tả: Chúng tôi đang tìm kiếm một Senior Java Developer có kinh nghiệm\n',NULL,'job','DONE',NULL,NULL,NULL),(58,'job',22,'b86c95e0-5bd0-4e80-90b1-5ae96f6af5d7','Vị trí: Senior Java Developer123\nCông ty: CÔNG TY CỔ PHẦN TẬP ĐOÀN KIM TÍN\nMức lương: 25000000\nKĩ năng yêu cầu: \nKinh nghiệm: NO_EXPERIENCE\nĐịa điểm: Thành phố Hồ Chí Minh\nNgành nghề: IT & Telecommunications\nMô tả: Chúng tôi đang tìm kiếm một Senior Java Developer có kinh nghiệm\n',NULL,'job','DONE',NULL,NULL,NULL),(59,'job',23,'b112886a-ec92-4bb3-95af-b7c7c9b5f22a','Vị trí: React Native Developer\nCông ty: CÔNG TY CỔ PHẦN TẬP ĐOÀN KIM TÍN\nMức lương: 25000000\nKĩ năng yêu cầu: \nKinh nghiệm: ONE_TO_THREE_YEARS\nĐịa điểm: Thành phố Hồ Chí Minh\nNgành nghề: IT & Telecommunications\nMô tả: Phát triển ứng dụng mobile sử dụng React Native. Yêu cầu:\n- 2+ năm kinh nghiệm React Native\n- Thành thạo JavaScript/TypeScript\n- Kinh nghiệm với Redux, React Navigation\n- Hiểu biết về native modules\n',NULL,'job','DONE',NULL,NULL,NULL),(60,'job',24,'f26c6d2e-d293-4659-a965-82a36673d79f','Vị trí: Cloud Solutions Architect\nCông ty: CÔNG TY CỔ PHẦN TẬP ĐOÀN KIM TÍN\nMức lương: 45000000\nKĩ năng yêu cầu: \nKinh nghiệm: THREE_TO_FIVE_YEARS\nĐịa điểm: Hà Nội\nNgành nghề: IT & Telecommunications\nMô tả: Phát triển và quản lý hệ thống cloud. Yêu cầu:\n- 3+ năm kinh nghiệm AWS\n- Chứng chỉ AWS Solutions Architect\n- Kinh nghiệm với Docker, Kubernetes\n- CI/CD pipeline\n',NULL,'job','DONE',NULL,NULL,NULL),(61,'job',25,'155af44a-ea1e-4985-b43e-aec8e9dc4276','Vị trí: Blockchain Developer\nCông ty: CÔNG TY CỔ PHẦN TẬP ĐOÀN KIM TÍN\nMức lương: 35000000\nKĩ năng yêu cầu: \nKinh nghiệm: ONE_TO_THREE_YEARS\nĐịa điểm: Đà Nẵng\nNgành nghề: IT & Telecommunications\nMô tả: Phát triển ứng dụng blockchain. Yêu cầu:\n- 2+ năm kinh nghiệm Solidity\n- Hiểu biết về Smart Contracts\n- Kinh nghiệm với Web3.js\n- Background về cryptography\n',NULL,'job','DONE',NULL,NULL,NULL),(62,'job',26,'b5ad63fd-730a-4ffc-addb-8dc4521e4238','Vị trí: Unity Game Developer\nCông ty: Vingroup JSC\nMức lương: 40000000\nKĩ năng yêu cầu: \nKinh nghiệm: THREE_TO_FIVE_YEARS\nĐịa điểm: Thành phố Hồ Chí Minh\nNgành nghề: IT & Telecommunications\nMô tả: Phát triển game Unity. Yêu cầu:\n- 3+ năm kinh nghiệm Unity\n- Thành thạo C#\n- Kinh nghiệm với 3D modeling\n- Portfolio các game đã phát triển\n',NULL,'job','DONE',NULL,NULL,NULL),(63,'job',27,'4f14f8cf-994c-45c2-aab8-a88e6a957b29','Vị trí: Machine Learning Engineer\nCông ty: Vingroup JSC\nMức lương: 50000000\nKĩ năng yêu cầu: \nKinh nghiệm: THREE_TO_FIVE_YEARS\nĐịa điểm: Hà Nội\nNgành nghề: IT & Telecommunications\nMô tả: Phát triển ML/AI. Yêu cầu:\n- Master/PhD trong ML/AI\n- Thành thạo Python, TensorFlow\n- Kinh nghiệm với Computer Vision\n- Research background\n',NULL,'job','DONE',NULL,NULL,NULL),(64,'job',28,'2e1b55b6-7e14-4496-9c42-2302c665233f','Vị trí: Senior Product Manager - Fintech\nCông ty: CMC Corporation\nMức lương: 60000000\nKĩ năng yêu cầu: \nKinh nghiệm: FIVE_TO_TEN_YEARS\nĐịa điểm: Thành phố Hồ Chí Minh\nNgành nghề: Banking & Finance\nMô tả: Product Manager cho fintech app. Yêu cầu:\n- 5+ năm kinh nghiệm product management\n- Background về fintech\n- Kỹ năng phân tích data\n- Leadership skills\n',NULL,'job','DONE',NULL,NULL,NULL),(65,'job',29,'0df94020-0e37-4aaf-acf6-97b0c0723b11','Vị trí: Senior DevOps Engineer\nCông ty: CMC Corporation\nMức lương: 45000000\nKĩ năng yêu cầu: \nKinh nghiệm: THREE_TO_FIVE_YEARS\nĐịa điểm: Hà Nội\nNgành nghề: IT & Telecommunications\nMô tả: DevOps Engineer với kinh nghiệm về cloud. Yêu cầu:\n- 3+ năm kinh nghiệm DevOps\n- AWS/Azure certifications\n- Ansible, Terraform\n- Monitoring tools\n',NULL,'job','DONE',NULL,NULL,NULL),(66,'job',30,'a7dd48de-eac1-43a6-bd3d-c8ed32b5e9b1','Vị trí: Senior Data Engineer\nCông ty: MISA JSC\nMức lương: 40000000\nKĩ năng yêu cầu: \nKinh nghiệm: THREE_TO_FIVE_YEARS\nĐịa điểm: Đà Nẵng\nNgành nghề: IT & Telecommunications\nMô tả: Data Engineer với kinh nghiệm big data. Yêu cầu:\n- 4+ năm kinh nghiệm\n- Hadoop ecosystem\n- Spark, Kafka\n- SQL/NoSQL databases\n',NULL,'job','DONE',NULL,NULL,NULL),(67,'job',31,'70af5a25-11ce-452c-904f-f5600bee0a90','Vị trí: Frontend React Developer\nCông ty: Sendo JSC\nMức lương: 25000000\nKĩ năng yêu cầu: \nKinh nghiệm: ONE_TO_THREE_YEARS\nĐịa điểm: Thành phố Hồ Chí Minh\nNgành nghề: IT & Telecommunications\nMô tả: Frontend Developer với React. Yêu cầu:\n- 2+ năm kinh nghiệm React\n- TypeScript\n- State management\n- Testing\n',NULL,'job','DONE',NULL,NULL,NULL),(68,'job',32,'a70000ca-bae0-4860-b274-2e5a6f3a70ad','Vị trí: Backend Node.js Developer\nCông ty: Lotte Data Communication Vietnam\nMức lương: 35000000\nKĩ năng yêu cầu: \nKinh nghiệm: THREE_TO_FIVE_YEARS\nĐịa điểm: Hà Nội\nNgành nghề: IT & Telecommunications\nMô tả: Backend Developer với Node.js. Yêu cầu:\n- 3+ năm kinh nghiệm Node.js\n- Express/NestJS\n- MongoDB\n- Microservices\n',NULL,'job','DONE',NULL,NULL,NULL),(69,'job',33,'2a0a662b-a341-4d49-8d8f-d8e9d51dbc68','Vị trí: iOS Developer\nCông ty: Lotte Data Communication Vietnam\nMức lương: 40000000\nKĩ năng yêu cầu: \nKinh nghiệm: THREE_TO_FIVE_YEARS\nĐịa điểm: Thành phố Hồ Chí Minh\nNgành nghề: IT & Telecommunications\nMô tả: Mobile App Developer (iOS). Yêu cầu:\n- 3+ năm kinh nghiệm iOS development\n- Swift, SwiftUI\n- Kinh nghiệm với Apple guidelines\n- CI/CD cho iOS apps\n',NULL,'job','DONE',NULL,NULL,NULL),(70,'job',34,'fb5a34a0-c284-46b1-bc61-2ef2ea5e6cdf','Vị trí: Security Engineer\nCông ty: NashTech Vietnam\nMức lương: 45000000\nKĩ năng yêu cầu: \nKinh nghiệm: THREE_TO_FIVE_YEARS\nĐịa điểm: Hà Nội\nNgành nghề: IT & Telecommunications\nMô tả: Security Engineer. Yêu cầu:\n- 4+ năm kinh nghiệm security\n- Penetration testing\n- Security compliance\n- Incident response\n',NULL,'job','DONE',NULL,NULL,NULL),(71,'job',35,'cdf31c66-cc4b-4a21-911f-f1dc14dfbdf3','Vị trí: UX Researcher\nCông ty: TMA Solutions\nMức lương: 35000000\nKĩ năng yêu cầu: \nKinh nghiệm: THREE_TO_FIVE_YEARS\nĐịa điểm: Đà Nẵng\nNgành nghề: IT & Telecommunications\nMô tả: UX Researcher. Yêu cầu:\n- 3+ năm kinh nghiệm UX research\n- User testing\n- Data analysis\n- Research methodologies\n',NULL,'job','DONE',NULL,NULL,NULL),(72,'job',36,'0c804efb-53c9-4b68-be77-909900b80d56','Vị trí: Technical Project Manager\nCông ty: Sendo JSC\nMức lương: 50000000\nKĩ năng yêu cầu: \nKinh nghiệm: FIVE_TO_TEN_YEARS\nĐịa điểm: Thành phố Hồ Chí Minh\nNgành nghề: IT & Telecommunications\nMô tả: Technical Project Manager. Yêu cầu:\n- 5+ năm kinh nghiệm quản lý dự án\n- Agile/Scrum certification\n- Technical background\n- Leadership skills\n',NULL,'job','DONE',NULL,NULL,NULL),(73,'job',37,'02499d02-f8d7-45ac-9b78-f1e461132b3a','Vị trí: Senior DBA\nCông ty: Lotte Data Communication Vietnam\nMức lương: 40000000\nKĩ năng yêu cầu: \nKinh nghiệm: THREE_TO_FIVE_YEARS\nĐịa điểm: Hà Nội\nNgành nghề: IT & Telecommunications\nMô tả: Database Administrator. Yêu cầu:\n- 4+ năm kinh nghiệm DBA\n- MySQL, PostgreSQL\n- Performance tuning\n- Backup & recovery\n',NULL,'job','DONE',NULL,NULL,NULL),(74,'job',38,'c81f9951-dc64-4a94-9885-63b60b44b288','Vị trí: Senior Android Developer\nCông ty: NashTech Vietnam\nMức lương: 35000000\nKĩ năng yêu cầu: \nKinh nghiệm: THREE_TO_FIVE_YEARS\nĐịa điểm: Đà Nẵng\nNgành nghề: IT & Telecommunications\nMô tả: Android Developer. Yêu cầu:\n- 3+ năm kinh nghiệm Android\n- Kotlin\n- MVVM architecture\n- Material Design\n',NULL,'job','DONE',NULL,NULL,NULL),(75,'job',39,'5baac791-38f3-4051-a6c1-77a176afa769','Vị trí: Senior Data Scientist\nCông ty: TMA Solutions\nMức lương: 55000000\nKĩ năng yêu cầu: \nKinh nghiệm: THREE_TO_FIVE_YEARS\nĐịa điểm: Hà Nội\nNgành nghề: IT & Telecommunications\nMô tả: Data Scientist. Yêu cầu:\n- Master/PhD trong Data Science/Statistics\n- Python, R\n- Machine Learning\n- Deep Learning\n- Big Data tools\n- Research experience\n',NULL,'job','DONE',NULL,NULL,NULL),(76,'job',40,'82406670-c8ec-48f4-9622-5db3c54cb2ac','Vị trí: Technical Lead\nCông ty: Sendo JSC\nMức lương: 70000000\nKĩ năng yêu cầu: \nKinh nghiệm: MORE_THAN_TEN_YEARS\nĐịa điểm: Thành phố Hồ Chí Minh\nNgành nghề: IT & Telecommunications\nMô tả: Technical Lead - Microservices. Yêu cầu:\n- 7+ năm kinh nghiệm development\n- Microservices Architecture\n- System Design\n- Team Management\n- Agile/Scrum\n',NULL,'job','DONE',NULL,NULL,NULL),(77,'job',41,'19830c08-d13a-42df-81fd-6818365f8918','Vị trí: Digital Marketing Specialist\nCông ty: Lotte Data Communication Vietnam\nMức lương: 25000000\nKĩ năng yêu cầu: \nKinh nghiệm: THREE_TO_FIVE_YEARS\nĐịa điểm: Đà Nẵng\nNgành nghề: Banking & Finance\nMô tả: Digital Marketing Specialist. Yêu cầu:\n- 3+ năm kinh nghiệm digital marketing\n- Google Ads, Facebook Ads\n- SEO/SEM\n- Analytics\n- Content Strategy\n',NULL,'job','DONE',NULL,NULL,NULL),(78,'job',42,'2d904fd5-adab-4ee5-8ed2-a693d1c219ad','Vị trí: BI Analyst\nCông ty: NashTech Vietnam\nMức lương: 40000000\nKĩ năng yêu cầu: \nKinh nghiệm: THREE_TO_FIVE_YEARS\nĐịa điểm: Hà Nội\nNgành nghề: IT & Telecommunications\nMô tả: Business Intelligence Analyst. Yêu cầu:\n- 4+ năm kinh nghiệm BI\n- SQL\n- Power BI/Tableau\n- Data Warehousing\n- Statistical Analysis\n',NULL,'job','DONE',NULL,NULL,NULL),(79,'job',43,'29ec3896-26f2-4a57-a5dd-5480f5ff8013','Vị trí: Senior SRE\nCông ty: TMA Solutions\nMức lương: 60000000\nKĩ năng yêu cầu: \nKinh nghiệm: FIVE_TO_TEN_YEARS\nĐịa điểm: Thành phố Hồ Chí Minh\nNgành nghề: IT & Telecommunications\nMô tả: Site Reliability Engineer. Yêu cầu:\n- 5+ năm kinh nghiệm DevOps/SRE\n- Cloud Platforms (AWS/GCP)\n- Infrastructure as Code\n- Monitoring & Alerting\n- Performance Optimization\n',NULL,'job','DONE',NULL,NULL,NULL),(80,'job',44,'3c4bc35a-0b37-4b68-9195-4c80e9fcac6c','Vị trí: Solution Architect\nCông ty: Sendo JSC\nMức lương: 80000000\nKĩ năng yêu cầu: \nKinh nghiệm: MORE_THAN_TEN_YEARS\nĐịa điểm: Hà Nội\nNgành nghề: IT & Telecommunications\nMô tả: Solution Architect. Yêu cầu:\n- 8+ năm kinh nghiệm development\n- System Architecture\n- Cloud Solutions\n- Enterprise Integration\n- Technical Leadership\n',NULL,'job','DONE',NULL,NULL,NULL),(81,'job',45,'f1735fc0-1cde-49bd-b8bd-87617eb50e27','Vị trí: Senior Product Designer\nCông ty: TMA Solutions\nMức lương: 35000000\nKĩ năng yêu cầu: \nKinh nghiệm: THREE_TO_FIVE_YEARS\nĐịa điểm: Đà Nẵng\nNgành nghề: IT & Telecommunications\nMô tả: Product Designer. Yêu cầu:\n- 4+ năm kinh nghiệm product design\n- UI/UX Design\n- Design Systems\n- User Research\n- Prototyping Tools\n',NULL,'job','DONE',NULL,NULL,NULL),(82,'job',46,'e2dc8a7b-aabd-436f-8e85-853868737fb4','Vị trí: InfoSec Manager\nCông ty: NashTech Vietnam\nMức lương: 70000000\nKĩ năng yêu cầu: \nKinh nghiệm: FIVE_TO_TEN_YEARS\nĐịa điểm: Thành phố Hồ Chí Minh\nNgành nghề: IT & Telecommunications\nMô tả: Information Security Manager. Yêu cầu:\n- 7+ năm kinh nghiệm security\n- Security Frameworks\n- Risk Management\n- Team Leadership\n- Security Certifications\n',NULL,'job','DONE',NULL,NULL,NULL),(83,'job',47,'322fc7fc-ed2f-4c14-8b3c-f081ba4510dc','Vị trí: AI Research Engineer\nCông ty: Lotte Data Communication Vietnam\nMức lương: 65000000\nKĩ năng yêu cầu: \nKinh nghiệm: FIVE_TO_TEN_YEARS\nĐịa điểm: Hà Nội\nNgành nghề: IT & Telecommunications\nMô tả: AI Research Engineer. Yêu cầu:\n- PhD in AI/ML\n- Deep Learning\n- Computer Vision\n- NLP\n- Research Publications\n',NULL,'job','DONE',NULL,NULL,NULL),(84,'job',48,'a89b36d0-048d-4eda-a009-dcebb80e1457','Vị trí: Senior Embedded Engineer\nCông ty: Sendo JSC\nMức lương: 45000000\nKĩ năng yêu cầu: \nKinh nghiệm: FIVE_TO_TEN_YEARS\nĐịa điểm: Đà Nẵng\nNgành nghề: IT & Telecommunications\nMô tả: Embedded Systems Engineer. Yêu cầu:\n- 5+ năm kinh nghiệm embedded systems\n- C/C++\n- RTOS\n- Hardware Interfaces\n- IoT Protocols\n',NULL,'job','DONE',NULL,NULL,NULL),(109,'job',1,'7309150d-df16-4211-824a-60dbe3f0112b','Vị trí: Nhân Viên Kỹ Thuật FPT Telecom - Q. Tân Bình\nCông ty: FPT Telecom\nMức lương: 10000000\nKĩ năng yêu cầu: Làm việc nhóm, Quản lý thời gian\nKinh nghiệm: ONE_TO_THREE_YEARS\nĐịa điểm: Thành phố Hồ Chí Minh\nNgành nghề: IT & Telecommunications\nMô tả: - Bảo trì, khắc phục lỗi kỹ thuật liên quan đến dịch vụ Internet, dịch vụ truyền hình FPT và các dịch vụ viễn thông tại nhà khách hàng.\n\n- Triển khai nâng cấp dịch vụ truyền hình FPT, hệ thống Wifi, Camera và các dịch vụ gia tăng khác trên đường truyền Internet tại nhà khách hàng.\n\n- Ghi nhận phản hồi trực tiếp từ khách hàng, phối hợp với các bộ phận liên quan trong việc nâng cao chất lượng dịch vụ của công ty.\n\n- Tư vấn, hướng dẫn sử dụng và cài đặt các dịch vụ đi kèm do FPT Telecom cung cấp cho khách hàng (Truyền hình FPT, Camera, thiết bị wifi...).\n\n- Hỗ trợ kỹ thuật tại nhà khách hàng.\n',NULL,'job','DONE',NULL,NULL,NULL),(110,'job',2,'956268f3-15c2-446b-9d3d-f5d8f210d833','Vị trí: Chuyên Viên Kinh Doanh Kênh Phân Phối B2C\nCông ty: FPT Telecom\nMức lương: 20000000\nKĩ năng yêu cầu: Làm việc nhóm, Thuyết trình\nKinh nghiệm: ONE_TO_THREE_YEARS\nĐịa điểm: Thành phố Hồ Chí Minh\nNgành nghề: IT & Telecommunications\nMô tả: - Sản phẩm kinh doanh chính: FPT Smart Home, FPT Camera\n- Tìm kiếm các đơn vị để phân phối các sản phẩm FPT Smart Home, FPT Camera\n- Mở rộng kênh bán hàng tại khu vực TP. Hồ Chí Minh\n- Tổ chức Workshop, bán hàng cùng Brandshop, Nhà phân phối, Đại lý\n- Tìm kiếm các đơn vị nhượng quyền của FPT Smart Home để bán hàng FPT Smart Home\n- Mở rộng đại lý cấp 2 cho các Brandshop/Nhà phân phối đang hỗ trợ\n- Mở rộng các đối tác từ kênh bán hàng: Xây dựng, camera, nội thất, vật liệu xây dựng, nhà bếp, cửa cổng, thầu xây dựng, ...\n- Làm việc tại: 336 Huỳnh Tấn Phát, Quận 7, TPHCM.\n',NULL,'job','DONE',NULL,NULL,NULL),(111,'job',3,'0a98d9c4-3e2c-4e1c-a187-6b2f43322c49','Vị trí: Tuyển dụng Frontend Developer (React.js)\nCông ty: FPT Telecom\nMức lương: 15000000\nKĩ năng yêu cầu: Giao tiếp\nKinh nghiệm: ONE_TO_THREE_YEARS\nĐịa điểm: Thành phố Hà Nội\nNgành nghề: IT & Telecommunications\nMô tả: - Phát triển và duy trì các ứng dụng web sử dụng React.js\n- Tối ưu hóa hiệu suất và trải nghiệm người dùng\n- Làm việc với REST APIs và các công nghệ frontend hiện đại\n- Tham gia vào quá trình thiết kế và phát triển sản phẩm\n',NULL,'job','DONE',NULL,NULL,NULL),(112,'job',4,'a2942d1b-1051-4146-a97c-72e5fef54f57','Vị trí: Tuyển Business Analyst (BA)\nCông ty: FPT Telecom\nMức lương: 22000000\nKĩ năng yêu cầu: Tư duy phản biện\nKinh nghiệm: THREE_TO_FIVE_YEARS\nĐịa điểm: Thành phố Hà Nội\nNgành nghề: IT & Telecommunications\nMô tả: Mô tả công việc:\n- Phân tích và đề xuất giải pháp nghiệp vụ\n- Làm việc với stakeholders để thu thập yêu cầu\n- Viết tài liệu đặc tả kỹ thuật\n- Hỗ trợ team phát triển trong quá trình implement\n\nYêu cầu:\n- Tốt nghiệp đại học chuyên ngành CNTT/Kinh tế\n- 2-3 năm kinh nghiệm vị trí BA\n- Kỹ năng phân tích và giải quyết vấn đề tốt\n- Tiếng Anh giao tiếp tốt\n- Ưu tiên có kinh nghiệm trong lĩnh vực Fintech\n\nQuyền lợi:\n- Mức lương: 20-35 triệu\n- Review lương 2 lần/năm\n- Bảo hiểm sức khỏe cao cấp\n- Đào tạo chuyên môn\n- Làm việc từ xa 2 ngày/tuần\n',NULL,'job','DONE',NULL,NULL,NULL),(113,'job',5,'754842ab-6d55-45ce-b68f-1775e7e26659','Vị trí: Tuyển QA Engineer (Manual & Automation Testing)\nCông ty: Ngân Hàng TMCP Công Thương Việt Nam (VietinBank)\nMức lương: 15000000\nKĩ năng yêu cầu: Giao tiếp\nKinh nghiệm: ONE_TO_THREE_YEARS\nĐịa điểm: Thành phố Hà Nội\nNgành nghề: IT & Telecommunications\nMô tả: Mô tả công việc:\n- Lập kế hoạch và thực hiện kiểm thử phần mềm\n- Viết test cases và test scenarios\n- Thực hiện automation test với Selenium/Cypress\n- Báo cáo và theo dõi bugs\n\nYêu cầu:\n- 2+ năm kinh nghiệm QA\n- Kinh nghiệm với Selenium hoặc Cypress\n- Hiểu biết về quy trình Agile/Scrum\n- Kỹ năng viết tài liệu tốt\n- Tiếng Anh đọc hiểu tốt\n\nQuyền lợi:\n- Mức lương: 15-25 triệu\n- Thưởng project\n- Bảo hiểm theo luật\n- Đào tạo chuyên môn\n- Teambuilding hàng quý\n',NULL,'job','DONE',NULL,NULL,NULL),(114,'job',6,'bad5b058-e2d1-4086-ac0d-34906f131710','Vị trí: Business Analyst (BA) - Fintech\nCông ty: Ngân Hàng TMCP Công Thương Việt Nam (VietinBank)\nMức lương: 30000000\nKĩ năng yêu cầu: Quản lý thời gian\nKinh nghiệm: ONE_TO_THREE_YEARS\nĐịa điểm: Thành phố Hà Nội\nNgành nghề: IT & Telecommunications\nMô tả: Mô tả công việc:\n- Phân tích và đề xuất giải pháp nghiệp vụ cho các dự án Fintech\n- Thu thập yêu cầu từ stakeholders và chuyển thành tài liệu kỹ thuật\n- Làm việc với team phát triển để đảm bảo triển khai đúng yêu cầu\n- Quản lý và theo dõi tiến độ dự án\n\nYêu cầu:\n- Tốt nghiệp đại học chuyên ngành CNTT/Kinh tế\n- 2-3 năm kinh nghiệm vị trí BA\n- Hiểu biết về quy trình phát triển phần mềm Agile/Scrum\n- Kỹ năng phân tích và giải quyết vấn đề tốt\n- Tiếng Anh giao tiếp tốt\n\nQuyền lợi:\n- Mức lương hấp dẫn theo năng lực\n- Review lương 2 lần/năm\n- Được đào tạo chuyên môn\n- Chế độ bảo hiểm đầy đủ\n- Môi trường làm việc chuyên nghiệp\n',NULL,'job','DONE',NULL,NULL,NULL),(115,'job',7,'a554681f-8df4-4375-b4b8-8c5d9f8adc8f','Vị trí: Senior Java Developer (Spring Boot)\nCông ty: Ngân Hàng TMCP Công Thương Việt Nam (VietinBank)\nMức lương: 40000000\nKĩ năng yêu cầu: Làm việc nhóm, Quản lý thời gian\nKinh nghiệm: THREE_TO_FIVE_YEARS\nĐịa điểm: Thành phố Hà Nội\nNgành nghề: IT & Telecommunications\nMô tả: Mô tả công việc:\n- Phát triển và tối ưu hóa các ứng dụng backend sử dụng Java/Spring Boot\n- Thiết kế và xây dựng RESTful APIs\n- Làm việc với cơ sở dữ liệu SQL và NoSQL\n- Tham gia vào quá trình review code và mentoring\n\nYêu cầu:\n- 4+ năm kinh nghiệm phát triển Java\n- Thành thạo Spring Framework, Spring Boot, Spring Security\n- Kinh nghiệm với MySQL, MongoDB, Redis\n- Hiểu biết về microservices architecture\n- Kỹ năng debug và xử lý vấn đề tốt\n\nQuyền lợi:\n- Mức lương: 35-50 triệu (theo năng lực)\n- 13 tháng lương + thưởng dự án\n- Bảo hiểm sức khỏe cao cấp\n- Chế độ nghỉ phép linh hoạt\n- Cơ hội thăng tiến rõ ràng\n',NULL,'job','DONE',NULL,NULL,NULL),(116,'job',8,'a6e72bee-165c-4d52-91b4-f233a76aecba','Vị trí: UI/UX Designer (Fintech/Banking)\nCông ty: Ngân Hàng TMCP Công Thương Việt Nam (VietinBank)\nMức lương: 25000000\nKĩ năng yêu cầu: Giải quyết vấn đề\nKinh nghiệm: ONE_TO_THREE_YEARS\nĐịa điểm: Thành phố Hà Nội\nNgành nghề: IT & Telecommunications\nMô tả: Mô tả công việc:\n- Thiết kế giao diện người dùng cho các ứng dụng web và mobile\n- Tạo wireframes, prototypes và thiết kế chi tiết\n- Thực hiện nghiên cứu người dùng và phân tích UX\n- Làm việc chặt chẽ với team product và development\n\nYêu cầu:\n- 3+ năm kinh nghiệm UI/UX Design\n- Thành thạo Figma, Adobe XD\n- Portfolio thể hiện các dự án đã thực hiện\n- Hiểu biết về design system và design principles\n- Kinh nghiệm trong lĩnh vực Fintech là một lợi thế\n\nQuyền lợi:\n- Mức lương cạnh tranh theo năng lực\n- Được trang bị MacBook Pro và các công cụ design\n- Bảo hiểm sức khỏe cho nhân viên và người thân\n- Nghỉ phép 12 ngày/năm\n- Môi trường làm việc sáng tạo\n',NULL,'job','DONE',NULL,NULL,NULL),(117,'job',9,'06e59c52-560c-4844-8c03-f8cc4697279d','Vị trí: Senior Frontend Developer (ReactJS)\nCông ty: CÔNG TY CỔ PHẦN CÔNG NGHỆ THỰC PHẨM CHÂU Á (AFOTECH)\nMức lương: 15000000\nKĩ năng yêu cầu: Làm việc nhóm\nKinh nghiệm: THREE_TO_FIVE_YEARS\nĐịa điểm: Thành phố Hà Nội\nNgành nghề: IT & Telecommunications\nMô tả: Mô tả: \n- Phát triển và duy trì các ứng dụng web sử dụng ReactJS\n- Tối ưu hóa hiệu suất và trải nghiệm người dùng\n- Code review và mentoring cho các thành viên junior\n- Làm việc với các API và tích hợp backend\n\nYêu cầu:\n- 3+ năm kinh nghiệm với ReactJS\n- Thành thạo JavaScript/TypeScript, HTML5, CSS3\n- Kinh nghiệm với Redux, React Router\n- Hiểu biết về RESTful APIs\n- Kỹ năng tối ưu hóa hiệu suất website\n\nQuyền lợi:\n- Lương: 30-45 triệu\n- Review lương 2 lần/năm\n- Bảo hiểm full package\n- 12 ngày phép/năm\n- Thưởng dự án, thưởng năm\n',NULL,'job','DONE',NULL,NULL,NULL),(118,'job',10,'ff447f98-03d2-4c18-b461-5ff2dcc762a5','Vị trí: QA Engineer (Manual & Automation Testing)\nCông ty: CÔNG TY CỔ PHẦN CÔNG NGHỆ THỰC PHẨM CHÂU Á (AFOTECH)\nMức lương: 15200000\nKĩ năng yêu cầu: Làm việc nhóm, Tư duy phản biện, Thuyết trình\nKinh nghiệm: ONE_TO_THREE_YEARS\nĐịa điểm: Thành phố Hà Nội\nNgành nghề: IT & Telecommunications\nMô tả: Mô tả:\n- Lập kế hoạch và thực hiện kiểm thử phần mềm\n- Viết test cases và test scenarios\n- Thực hiện automation test với Selenium/Cypress\n- Báo cáo và theo dõi bugs\n\nYêu cầu:\n- 2+ năm kinh nghiệm QA\n- Kinh nghiệm với Selenium/Cypress\n- Kiến thức về quy trình Agile/Scrum\n- Kỹ năng viết tài liệu test tốt\n\nQuyền lợi:\n- Lương: 18-25 triệu\n- Môi trường chuyên nghiệp\n- Cơ hội học hỏi công nghệ mới\n- Chế độ phúc lợi đầy đủ\n',NULL,'job','DONE',NULL,NULL,NULL),(119,'job',11,'19e29134-46e8-471f-8dec-a6b9b516a946','Vị trí: Digital Marketing Manager\nCông ty: CÔNG TY CỔ PHẦN CÔNG NGHỆ THỰC PHẨM CHÂU Á (AFOTECH)\nMức lương: 20000000\nKĩ năng yêu cầu: Làm việc nhóm, Giao tiếp, Giải quyết vấn đề, Tư duy phản biện\nKinh nghiệm: THREE_TO_FIVE_YEARS\nĐịa điểm: Thành phố Hà Nội\nNgành nghề: Banking & Finance\nMô tả: Mô tả:\n- Xây dựng và triển khai chiến lược marketing online\n- Quản lý các chiến dịch quảng cáo Facebook, Google Ads\n- Phân tích data và tối ưu hiệu quả marketing\n- Quản lý team marketing và ngân sách\n\nYêu cầu:\n- 3+ năm kinh nghiệm Digital Marketing\n- Thành thạo Facebook Ads, Google Ads\n- Kỹ năng phân tích data marketing\n- Khả năng quản lý dự án và team\n- Tiếng Anh tốt\n\nQuyền lợi:\n- Lương: 25-35 triệu\n- Thưởng theo doanh số\n- Môi trường năng động, sáng tạo\n- Đào tạo chuyên sâu\n- Bảo hiểm sức khỏe cho nhân viên và người thân\n',NULL,'job','DONE',NULL,NULL,NULL),(120,'job',16,'f42b55c8-86e2-4450-a7e5-628ad7592093','Vị trí: Senior Full Stack Developer\nCông ty: CÔNG TY CỔ PHẦN TẬP ĐOÀN KIM TÍN\nMức lương: 35000000\nKĩ năng yêu cầu: Làm việc nhóm, Giải quyết vấn đề\nKinh nghiệm: THREE_TO_FIVE_YEARS\nĐịa điểm: Thành phố Hồ Chí Minh\nNgành nghề: IT & Telecommunications\nMô tả: Chúng tôi đang tìm kiếm Senior Full Stack Developer với kinh nghiệm:\n- Thành thạo Java Spring Boot và ReactJS\n- Có ít nhất 5 năm kinh nghiệm phát triển web\n- Có kinh nghiệm với microservices và cloud platforms\n- Kỹ năng tối ưu hiệu suất và bảo mật ứng dụng\n',NULL,'job','DONE',NULL,NULL,NULL),(121,'job',17,'caf44e9c-b573-48ac-a9b1-f1ebfe399477','Vị trí: Chuyên viên Phân tích Tài chính\nCông ty: CÔNG TY CỔ PHẦN TẬP ĐOÀN KIM TÍN\nMức lương: 15000000\nKĩ năng yêu cầu: Đàm phán\nKinh nghiệm: ONE_TO_THREE_YEARS\nĐịa điểm: Thành phố Hồ Chí Minh\nNgành nghề: Banking & Finance\nMô tả: Yêu cầu:\n- Tốt nghiệp Tài chính/Kế toán/Kinh tế\n- 3 năm kinh nghiệm phân tích tài chính\n- Thành thạo Excel và các công cụ phân tích\n- Chứng chỉ CFA là một lợi thế\n',NULL,'job','DONE',NULL,NULL,NULL),(122,'job',18,'d617b841-d5ab-4a3f-8d30-f228523f33b9','Vị trí: Chuyên viên Phát triển Chương trình Đào tạo\nCông ty: CÔNG TY CỔ PHẦN TẬP ĐOÀN KIM TÍN\nMức lương: 10000000\nKĩ năng yêu cầu: Làm việc nhóm, Tư duy phản biện\nKinh nghiệm: ONE_TO_THREE_YEARS\nĐịa điểm: Thành phố Hồ Chí Minh\nNgành nghề: Education & Training\nMô tả: Mô tả công việc:\n- Thiết kế và phát triển giáo trình\n- Đánh giá hiệu quả đào tạo\n- Cập nhật nội dung theo xu hướng mới\n- Yêu cầu: Kinh nghiệm trong giáo dục 3 năm\n',NULL,'job','DONE',NULL,NULL,NULL),(123,'job',21,'a5c80af8-4d19-41c0-9fbf-484b3a55b17c','Vị trí: Senior Java Developer\nCông ty: CÔNG TY CỔ PHẦN TẬP ĐOÀN KIM TÍN\nMức lương: 25000000\nKĩ năng yêu cầu: \nKinh nghiệm: NO_EXPERIENCE\nĐịa điểm: Thành phố Hồ Chí Minh\nNgành nghề: IT & Telecommunications\nMô tả: Chúng tôi đang tìm kiếm một Senior Java Developer có kinh nghiệm\n',NULL,'job','DONE',NULL,NULL,NULL),(124,'job',22,'3196ed36-3787-4b8f-8c59-0afc4f757e7f','Vị trí: Senior Java Developer123\nCông ty: CÔNG TY CỔ PHẦN TẬP ĐOÀN KIM TÍN\nMức lương: 25000000\nKĩ năng yêu cầu: \nKinh nghiệm: NO_EXPERIENCE\nĐịa điểm: Thành phố Hồ Chí Minh\nNgành nghề: IT & Telecommunications\nMô tả: Chúng tôi đang tìm kiếm một Senior Java Developer có kinh nghiệm\n',NULL,'job','DONE',NULL,NULL,NULL),(125,'job',23,'0ec6f1fd-4c73-4c52-9d96-50e8012e86b6','Vị trí: React Native Developer\nCông ty: CÔNG TY CỔ PHẦN TẬP ĐOÀN KIM TÍN\nMức lương: 25000000\nKĩ năng yêu cầu: \nKinh nghiệm: ONE_TO_THREE_YEARS\nĐịa điểm: Thành phố Hồ Chí Minh\nNgành nghề: IT & Telecommunications\nMô tả: Phát triển ứng dụng mobile sử dụng React Native. Yêu cầu:\n- 2+ năm kinh nghiệm React Native\n- Thành thạo JavaScript/TypeScript\n- Kinh nghiệm với Redux, React Navigation\n- Hiểu biết về native modules\n',NULL,'job','DONE',NULL,NULL,NULL),(126,'job',24,'c4becffb-0851-4f5f-80d9-16b83868bcd1','Vị trí: Cloud Solutions Architect\nCông ty: CÔNG TY CỔ PHẦN TẬP ĐOÀN KIM TÍN\nMức lương: 45000000\nKĩ năng yêu cầu: \nKinh nghiệm: THREE_TO_FIVE_YEARS\nĐịa điểm: Hà Nội\nNgành nghề: IT & Telecommunications\nMô tả: Phát triển và quản lý hệ thống cloud. Yêu cầu:\n- 3+ năm kinh nghiệm AWS\n- Chứng chỉ AWS Solutions Architect\n- Kinh nghiệm với Docker, Kubernetes\n- CI/CD pipeline\n',NULL,'job','DONE',NULL,NULL,NULL),(127,'job',25,'06ca3f77-06ca-4a5c-bf34-163815c07fae','Vị trí: Blockchain Developer\nCông ty: CÔNG TY CỔ PHẦN TẬP ĐOÀN KIM TÍN\nMức lương: 35000000\nKĩ năng yêu cầu: \nKinh nghiệm: ONE_TO_THREE_YEARS\nĐịa điểm: Đà Nẵng\nNgành nghề: IT & Telecommunications\nMô tả: Phát triển ứng dụng blockchain. Yêu cầu:\n- 2+ năm kinh nghiệm Solidity\n- Hiểu biết về Smart Contracts\n- Kinh nghiệm với Web3.js\n- Background về cryptography\n',NULL,'job','DONE',NULL,NULL,NULL),(128,'job',26,'09dc68c2-4b90-44ef-86f2-6584da5cb3b9','Vị trí: Unity Game Developer\nCông ty: Vingroup JSC\nMức lương: 40000000\nKĩ năng yêu cầu: \nKinh nghiệm: THREE_TO_FIVE_YEARS\nĐịa điểm: Thành phố Hồ Chí Minh\nNgành nghề: IT & Telecommunications\nMô tả: Phát triển game Unity. Yêu cầu:\n- 3+ năm kinh nghiệm Unity\n- Thành thạo C#\n- Kinh nghiệm với 3D modeling\n- Portfolio các game đã phát triển\n',NULL,'job','DONE',NULL,NULL,NULL),(129,'job',27,'fd2f3695-7560-44c4-a2f1-34bbd566c384','Vị trí: Machine Learning Engineer\nCông ty: Vingroup JSC\nMức lương: 50000000\nKĩ năng yêu cầu: \nKinh nghiệm: THREE_TO_FIVE_YEARS\nĐịa điểm: Hà Nội\nNgành nghề: IT & Telecommunications\nMô tả: Phát triển ML/AI. Yêu cầu:\n- Master/PhD trong ML/AI\n- Thành thạo Python, TensorFlow\n- Kinh nghiệm với Computer Vision\n- Research background\n',NULL,'job','DONE',NULL,NULL,NULL),(130,'job',28,'6602c167-96b8-46b9-865f-d2477e50e059','Vị trí: Senior Product Manager - Fintech\nCông ty: CMC Corporation\nMức lương: 60000000\nKĩ năng yêu cầu: \nKinh nghiệm: FIVE_TO_TEN_YEARS\nĐịa điểm: Thành phố Hồ Chí Minh\nNgành nghề: Banking & Finance\nMô tả: Product Manager cho fintech app. Yêu cầu:\n- 5+ năm kinh nghiệm product management\n- Background về fintech\n- Kỹ năng phân tích data\n- Leadership skills\n',NULL,'job','DONE',NULL,NULL,NULL),(131,'job',29,'46c8fb37-642f-4fba-bd32-7ad2bc69f637','Vị trí: Senior DevOps Engineer\nCông ty: CMC Corporation\nMức lương: 45000000\nKĩ năng yêu cầu: \nKinh nghiệm: THREE_TO_FIVE_YEARS\nĐịa điểm: Hà Nội\nNgành nghề: IT & Telecommunications\nMô tả: DevOps Engineer với kinh nghiệm về cloud. Yêu cầu:\n- 3+ năm kinh nghiệm DevOps\n- AWS/Azure certifications\n- Ansible, Terraform\n- Monitoring tools\n',NULL,'job','DONE',NULL,NULL,NULL),(132,'job',30,'7aadb07e-0124-4d60-bdd1-9973bc2fd405','Vị trí: Senior Data Engineer\nCông ty: MISA JSC\nMức lương: 40000000\nKĩ năng yêu cầu: \nKinh nghiệm: THREE_TO_FIVE_YEARS\nĐịa điểm: Đà Nẵng\nNgành nghề: IT & Telecommunications\nMô tả: Data Engineer với kinh nghiệm big data. Yêu cầu:\n- 4+ năm kinh nghiệm\n- Hadoop ecosystem\n- Spark, Kafka\n- SQL/NoSQL databases\n',NULL,'job','DONE',NULL,NULL,NULL),(133,'job',31,'fe3c0976-7ac8-4f6c-917b-928096deb84f','Vị trí: Frontend React Developer\nCông ty: Sendo JSC\nMức lương: 25000000\nKĩ năng yêu cầu: \nKinh nghiệm: ONE_TO_THREE_YEARS\nĐịa điểm: Thành phố Hồ Chí Minh\nNgành nghề: IT & Telecommunications\nMô tả: Frontend Developer với React. Yêu cầu:\n- 2+ năm kinh nghiệm React\n- TypeScript\n- State management\n- Testing\n',NULL,'job','DONE',NULL,NULL,NULL),(134,'job',32,'78ebdf18-d24d-4363-b563-dd6550682d9e','Vị trí: Backend Node.js Developer\nCông ty: Lotte Data Communication Vietnam\nMức lương: 35000000\nKĩ năng yêu cầu: \nKinh nghiệm: THREE_TO_FIVE_YEARS\nĐịa điểm: Hà Nội\nNgành nghề: IT & Telecommunications\nMô tả: Backend Developer với Node.js. Yêu cầu:\n- 3+ năm kinh nghiệm Node.js\n- Express/NestJS\n- MongoDB\n- Microservices\n',NULL,'job','DONE',NULL,NULL,NULL),(135,'job',33,'1b7ae346-18c2-49f8-9772-c7378a359a2d','Vị trí: iOS Developer\nCông ty: Lotte Data Communication Vietnam\nMức lương: 40000000\nKĩ năng yêu cầu: \nKinh nghiệm: THREE_TO_FIVE_YEARS\nĐịa điểm: Thành phố Hồ Chí Minh\nNgành nghề: IT & Telecommunications\nMô tả: Mobile App Developer (iOS). Yêu cầu:\n- 3+ năm kinh nghiệm iOS development\n- Swift, SwiftUI\n- Kinh nghiệm với Apple guidelines\n- CI/CD cho iOS apps\n',NULL,'job','DONE',NULL,NULL,NULL),(136,'job',34,'2d8af52f-2330-4676-a8d0-4303eb300ba0','Vị trí: Security Engineer\nCông ty: NashTech Vietnam\nMức lương: 45000000\nKĩ năng yêu cầu: \nKinh nghiệm: THREE_TO_FIVE_YEARS\nĐịa điểm: Hà Nội\nNgành nghề: IT & Telecommunications\nMô tả: Security Engineer. Yêu cầu:\n- 4+ năm kinh nghiệm security\n- Penetration testing\n- Security compliance\n- Incident response\n',NULL,'job','DONE',NULL,NULL,NULL),(137,'job',35,'e1a4fb60-4d96-4650-bbc7-fc5d44347f0b','Vị trí: UX Researcher\nCông ty: TMA Solutions\nMức lương: 35000000\nKĩ năng yêu cầu: \nKinh nghiệm: THREE_TO_FIVE_YEARS\nĐịa điểm: Đà Nẵng\nNgành nghề: IT & Telecommunications\nMô tả: UX Researcher. Yêu cầu:\n- 3+ năm kinh nghiệm UX research\n- User testing\n- Data analysis\n- Research methodologies\n',NULL,'job','DONE',NULL,NULL,NULL),(138,'job',36,'e7ebe8ca-59db-4b5f-8031-5dc9076ae219','Vị trí: Technical Project Manager\nCông ty: Sendo JSC\nMức lương: 50000000\nKĩ năng yêu cầu: \nKinh nghiệm: FIVE_TO_TEN_YEARS\nĐịa điểm: Thành phố Hồ Chí Minh\nNgành nghề: IT & Telecommunications\nMô tả: Technical Project Manager. Yêu cầu:\n- 5+ năm kinh nghiệm quản lý dự án\n- Agile/Scrum certification\n- Technical background\n- Leadership skills\n',NULL,'job','DONE',NULL,NULL,NULL),(139,'job',37,'2bd1edd7-5a28-4958-9c9c-a5f135b9ca1f','Vị trí: Senior DBA\nCông ty: Lotte Data Communication Vietnam\nMức lương: 40000000\nKĩ năng yêu cầu: \nKinh nghiệm: THREE_TO_FIVE_YEARS\nĐịa điểm: Hà Nội\nNgành nghề: IT & Telecommunications\nMô tả: Database Administrator. Yêu cầu:\n- 4+ năm kinh nghiệm DBA\n- MySQL, PostgreSQL\n- Performance tuning\n- Backup & recovery\n',NULL,'job','DONE',NULL,NULL,NULL),(140,'job',38,'02598fce-c75a-432c-bab5-31ece62ae4d4','Vị trí: Senior Android Developer\nCông ty: NashTech Vietnam\nMức lương: 35000000\nKĩ năng yêu cầu: \nKinh nghiệm: THREE_TO_FIVE_YEARS\nĐịa điểm: Đà Nẵng\nNgành nghề: IT & Telecommunications\nMô tả: Android Developer. Yêu cầu:\n- 3+ năm kinh nghiệm Android\n- Kotlin\n- MVVM architecture\n- Material Design\n',NULL,'job','DONE',NULL,NULL,NULL),(141,'job',39,'b6d79aba-6c28-42c7-94f1-2215e9a3960b','Vị trí: Senior Data Scientist\nCông ty: TMA Solutions\nMức lương: 55000000\nKĩ năng yêu cầu: \nKinh nghiệm: THREE_TO_FIVE_YEARS\nĐịa điểm: Hà Nội\nNgành nghề: IT & Telecommunications\nMô tả: Data Scientist. Yêu cầu:\n- Master/PhD trong Data Science/Statistics\n- Python, R\n- Machine Learning\n- Deep Learning\n- Big Data tools\n- Research experience\n',NULL,'job','DONE',NULL,NULL,NULL),(142,'job',40,'7d81afc1-7566-4e13-88a1-251b6e554d27','Vị trí: Technical Lead\nCông ty: Sendo JSC\nMức lương: 70000000\nKĩ năng yêu cầu: \nKinh nghiệm: MORE_THAN_TEN_YEARS\nĐịa điểm: Thành phố Hồ Chí Minh\nNgành nghề: IT & Telecommunications\nMô tả: Technical Lead - Microservices. Yêu cầu:\n- 7+ năm kinh nghiệm development\n- Microservices Architecture\n- System Design\n- Team Management\n- Agile/Scrum\n',NULL,'job','DONE',NULL,NULL,NULL),(143,'job',41,'5876fb3c-58f3-42db-a656-9e6ee4f1e17a','Vị trí: Digital Marketing Specialist\nCông ty: Lotte Data Communication Vietnam\nMức lương: 25000000\nKĩ năng yêu cầu: \nKinh nghiệm: THREE_TO_FIVE_YEARS\nĐịa điểm: Đà Nẵng\nNgành nghề: Banking & Finance\nMô tả: Digital Marketing Specialist. Yêu cầu:\n- 3+ năm kinh nghiệm digital marketing\n- Google Ads, Facebook Ads\n- SEO/SEM\n- Analytics\n- Content Strategy\n',NULL,'job','DONE',NULL,NULL,NULL),(144,'job',42,'8b27c5e8-d20b-400f-851d-200a0446938a','Vị trí: BI Analyst\nCông ty: NashTech Vietnam\nMức lương: 40000000\nKĩ năng yêu cầu: \nKinh nghiệm: THREE_TO_FIVE_YEARS\nĐịa điểm: Hà Nội\nNgành nghề: IT & Telecommunications\nMô tả: Business Intelligence Analyst. Yêu cầu:\n- 4+ năm kinh nghiệm BI\n- SQL\n- Power BI/Tableau\n- Data Warehousing\n- Statistical Analysis\n',NULL,'job','DONE',NULL,NULL,NULL),(145,'job',43,'9fc00925-11be-41e9-a659-b5076239bf7e','Vị trí: Senior SRE\nCông ty: TMA Solutions\nMức lương: 60000000\nKĩ năng yêu cầu: \nKinh nghiệm: FIVE_TO_TEN_YEARS\nĐịa điểm: Thành phố Hồ Chí Minh\nNgành nghề: IT & Telecommunications\nMô tả: Site Reliability Engineer. Yêu cầu:\n- 5+ năm kinh nghiệm DevOps/SRE\n- Cloud Platforms (AWS/GCP)\n- Infrastructure as Code\n- Monitoring & Alerting\n- Performance Optimization\n',NULL,'job','DONE',NULL,NULL,NULL),(146,'job',44,'3b3b175c-09ad-4172-a469-7e9cd09b49f1','Vị trí: Solution Architect\nCông ty: Sendo JSC\nMức lương: 80000000\nKĩ năng yêu cầu: \nKinh nghiệm: MORE_THAN_TEN_YEARS\nĐịa điểm: Hà Nội\nNgành nghề: IT & Telecommunications\nMô tả: Solution Architect. Yêu cầu:\n- 8+ năm kinh nghiệm development\n- System Architecture\n- Cloud Solutions\n- Enterprise Integration\n- Technical Leadership\n',NULL,'job','DONE',NULL,NULL,NULL),(147,'job',45,'f9b12077-f30e-4ef9-89c5-880e906d5972','Vị trí: Senior Product Designer\nCông ty: TMA Solutions\nMức lương: 35000000\nKĩ năng yêu cầu: \nKinh nghiệm: THREE_TO_FIVE_YEARS\nĐịa điểm: Đà Nẵng\nNgành nghề: IT & Telecommunications\nMô tả: Product Designer. Yêu cầu:\n- 4+ năm kinh nghiệm product design\n- UI/UX Design\n- Design Systems\n- User Research\n- Prototyping Tools\n',NULL,'job','DONE',NULL,NULL,NULL),(148,'job',46,'e0fc9ced-a8c7-4641-b5d8-c3a410c2d008','Vị trí: InfoSec Manager\nCông ty: NashTech Vietnam\nMức lương: 70000000\nKĩ năng yêu cầu: \nKinh nghiệm: FIVE_TO_TEN_YEARS\nĐịa điểm: Thành phố Hồ Chí Minh\nNgành nghề: IT & Telecommunications\nMô tả: Information Security Manager. Yêu cầu:\n- 7+ năm kinh nghiệm security\n- Security Frameworks\n- Risk Management\n- Team Leadership\n- Security Certifications\n',NULL,'job','DONE',NULL,NULL,NULL),(149,'job',47,'f98db711-24b2-4aee-ae6a-6ca7a0670cff','Vị trí: AI Research Engineer\nCông ty: Lotte Data Communication Vietnam\nMức lương: 65000000\nKĩ năng yêu cầu: \nKinh nghiệm: FIVE_TO_TEN_YEARS\nĐịa điểm: Hà Nội\nNgành nghề: IT & Telecommunications\nMô tả: AI Research Engineer. Yêu cầu:\n- PhD in AI/ML\n- Deep Learning\n- Computer Vision\n- NLP\n- Research Publications\n',NULL,'job','DONE',NULL,NULL,NULL),(150,'job',48,'40c5dc88-8be6-4634-a91a-94686d32ad55','Vị trí: Senior Embedded Engineer\nCông ty: Sendo JSC\nMức lương: 45000000\nKĩ năng yêu cầu: \nKinh nghiệm: FIVE_TO_TEN_YEARS\nĐịa điểm: Đà Nẵng\nNgành nghề: IT & Telecommunications\nMô tả: Embedded Systems Engineer. Yêu cầu:\n- 5+ năm kinh nghiệm embedded systems\n- C/C++\n- RTOS\n- Hardware Interfaces\n- IoT Protocols\n',NULL,'job','DONE',NULL,NULL,NULL),(151,'job',1,'49b56405-f0a7-4ff9-934a-3dcb148cd10a','Vị trí: Nhân Viên Kỹ Thuật FPT Telecom - Q. Tân Bình\nCông ty: FPT Telecom\nMức lương: 10000000\nKĩ năng yêu cầu: Làm việc nhóm, Quản lý thời gian\nKinh nghiệm: ONE_TO_THREE_YEARS\nĐịa điểm: Thành phố Hồ Chí Minh\nNgành nghề: IT & Telecommunications\nMô tả: - Bảo trì, khắc phục lỗi kỹ thuật liên quan đến dịch vụ Internet, dịch vụ truyền hình FPT và các dịch vụ viễn thông tại nhà khách hàng.\n\n- Triển khai nâng cấp dịch vụ truyền hình FPT, hệ thống Wifi, Camera và các dịch vụ gia tăng khác trên đường truyền Internet tại nhà khách hàng.\n\n- Ghi nhận phản hồi trực tiếp từ khách hàng, phối hợp với các bộ phận liên quan trong việc nâng cao chất lượng dịch vụ của công ty.\n\n- Tư vấn, hướng dẫn sử dụng và cài đặt các dịch vụ đi kèm do FPT Telecom cung cấp cho khách hàng (Truyền hình FPT, Camera, thiết bị wifi...).\n\n- Hỗ trợ kỹ thuật tại nhà khách hàng.\n',NULL,'job','DONE',NULL,NULL,NULL),(152,'job',2,'308fcb75-6379-4da2-b290-2d9344ae4309','Vị trí: Chuyên Viên Kinh Doanh Kênh Phân Phối B2C\nCông ty: FPT Telecom\nMức lương: 20000000\nKĩ năng yêu cầu: Làm việc nhóm, Thuyết trình\nKinh nghiệm: ONE_TO_THREE_YEARS\nĐịa điểm: Thành phố Hồ Chí Minh\nNgành nghề: IT & Telecommunications\nMô tả: - Sản phẩm kinh doanh chính: FPT Smart Home, FPT Camera\n- Tìm kiếm các đơn vị để phân phối các sản phẩm FPT Smart Home, FPT Camera\n- Mở rộng kênh bán hàng tại khu vực TP. Hồ Chí Minh\n- Tổ chức Workshop, bán hàng cùng Brandshop, Nhà phân phối, Đại lý\n- Tìm kiếm các đơn vị nhượng quyền của FPT Smart Home để bán hàng FPT Smart Home\n- Mở rộng đại lý cấp 2 cho các Brandshop/Nhà phân phối đang hỗ trợ\n- Mở rộng các đối tác từ kênh bán hàng: Xây dựng, camera, nội thất, vật liệu xây dựng, nhà bếp, cửa cổng, thầu xây dựng, ...\n- Làm việc tại: 336 Huỳnh Tấn Phát, Quận 7, TPHCM.\n',NULL,'job','DONE',NULL,NULL,NULL),(153,'job',3,'0ead906c-541d-4b3f-a948-989b35a14cec','Vị trí: Tuyển dụng Frontend Developer (React.js)\nCông ty: FPT Telecom\nMức lương: 15000000\nKĩ năng yêu cầu: Giao tiếp\nKinh nghiệm: ONE_TO_THREE_YEARS\nĐịa điểm: Thành phố Hà Nội\nNgành nghề: IT & Telecommunications\nMô tả: - Phát triển và duy trì các ứng dụng web sử dụng React.js\n- Tối ưu hóa hiệu suất và trải nghiệm người dùng\n- Làm việc với REST APIs và các công nghệ frontend hiện đại\n- Tham gia vào quá trình thiết kế và phát triển sản phẩm\n',NULL,'job','DONE',NULL,NULL,NULL),(154,'job',4,'3c312663-5044-4656-9302-3d8e3375cd91','Vị trí: Tuyển Business Analyst (BA)\nCông ty: FPT Telecom\nMức lương: 22000000\nKĩ năng yêu cầu: Tư duy phản biện\nKinh nghiệm: THREE_TO_FIVE_YEARS\nĐịa điểm: Thành phố Hà Nội\nNgành nghề: IT & Telecommunications\nMô tả: Mô tả công việc:\n- Phân tích và đề xuất giải pháp nghiệp vụ\n- Làm việc với stakeholders để thu thập yêu cầu\n- Viết tài liệu đặc tả kỹ thuật\n- Hỗ trợ team phát triển trong quá trình implement\n\nYêu cầu:\n- Tốt nghiệp đại học chuyên ngành CNTT/Kinh tế\n- 2-3 năm kinh nghiệm vị trí BA\n- Kỹ năng phân tích và giải quyết vấn đề tốt\n- Tiếng Anh giao tiếp tốt\n- Ưu tiên có kinh nghiệm trong lĩnh vực Fintech\n\nQuyền lợi:\n- Mức lương: 20-35 triệu\n- Review lương 2 lần/năm\n- Bảo hiểm sức khỏe cao cấp\n- Đào tạo chuyên môn\n- Làm việc từ xa 2 ngày/tuần\n',NULL,'job','DONE',NULL,NULL,NULL),(155,'job',5,'2531c97f-8423-4ab6-a898-4ea973f2073c','Vị trí: Tuyển QA Engineer (Manual & Automation Testing)\nCông ty: Ngân Hàng TMCP Công Thương Việt Nam (VietinBank)\nMức lương: 15000000\nKĩ năng yêu cầu: Giao tiếp\nKinh nghiệm: ONE_TO_THREE_YEARS\nĐịa điểm: Thành phố Hà Nội\nNgành nghề: IT & Telecommunications\nMô tả: Mô tả công việc:\n- Lập kế hoạch và thực hiện kiểm thử phần mềm\n- Viết test cases và test scenarios\n- Thực hiện automation test với Selenium/Cypress\n- Báo cáo và theo dõi bugs\n\nYêu cầu:\n- 2+ năm kinh nghiệm QA\n- Kinh nghiệm với Selenium hoặc Cypress\n- Hiểu biết về quy trình Agile/Scrum\n- Kỹ năng viết tài liệu tốt\n- Tiếng Anh đọc hiểu tốt\n\nQuyền lợi:\n- Mức lương: 15-25 triệu\n- Thưởng project\n- Bảo hiểm theo luật\n- Đào tạo chuyên môn\n- Teambuilding hàng quý\n',NULL,'job','DONE',NULL,NULL,NULL),(156,'job',6,'493c78c8-1c44-473f-a7a3-421df895d2f3','Vị trí: Business Analyst (BA) - Fintech\nCông ty: Ngân Hàng TMCP Công Thương Việt Nam (VietinBank)\nMức lương: 30000000\nKĩ năng yêu cầu: Quản lý thời gian\nKinh nghiệm: ONE_TO_THREE_YEARS\nĐịa điểm: Thành phố Hà Nội\nNgành nghề: IT & Telecommunications\nMô tả: Mô tả công việc:\n- Phân tích và đề xuất giải pháp nghiệp vụ cho các dự án Fintech\n- Thu thập yêu cầu từ stakeholders và chuyển thành tài liệu kỹ thuật\n- Làm việc với team phát triển để đảm bảo triển khai đúng yêu cầu\n- Quản lý và theo dõi tiến độ dự án\n\nYêu cầu:\n- Tốt nghiệp đại học chuyên ngành CNTT/Kinh tế\n- 2-3 năm kinh nghiệm vị trí BA\n- Hiểu biết về quy trình phát triển phần mềm Agile/Scrum\n- Kỹ năng phân tích và giải quyết vấn đề tốt\n- Tiếng Anh giao tiếp tốt\n\nQuyền lợi:\n- Mức lương hấp dẫn theo năng lực\n- Review lương 2 lần/năm\n- Được đào tạo chuyên môn\n- Chế độ bảo hiểm đầy đủ\n- Môi trường làm việc chuyên nghiệp\n',NULL,'job','DONE',NULL,NULL,NULL),(157,'job',7,'e304c050-ccd4-4145-9f89-fa0ee0637b4c','Vị trí: Senior Java Developer (Spring Boot)\nCông ty: Ngân Hàng TMCP Công Thương Việt Nam (VietinBank)\nMức lương: 40000000\nKĩ năng yêu cầu: Làm việc nhóm, Quản lý thời gian\nKinh nghiệm: THREE_TO_FIVE_YEARS\nĐịa điểm: Thành phố Hà Nội\nNgành nghề: IT & Telecommunications\nMô tả: Mô tả công việc:\n- Phát triển và tối ưu hóa các ứng dụng backend sử dụng Java/Spring Boot\n- Thiết kế và xây dựng RESTful APIs\n- Làm việc với cơ sở dữ liệu SQL và NoSQL\n- Tham gia vào quá trình review code và mentoring\n\nYêu cầu:\n- 4+ năm kinh nghiệm phát triển Java\n- Thành thạo Spring Framework, Spring Boot, Spring Security\n- Kinh nghiệm với MySQL, MongoDB, Redis\n- Hiểu biết về microservices architecture\n- Kỹ năng debug và xử lý vấn đề tốt\n\nQuyền lợi:\n- Mức lương: 35-50 triệu (theo năng lực)\n- 13 tháng lương + thưởng dự án\n- Bảo hiểm sức khỏe cao cấp\n- Chế độ nghỉ phép linh hoạt\n- Cơ hội thăng tiến rõ ràng\n',NULL,'job','DONE',NULL,NULL,NULL),(158,'job',8,'dde8d64d-dfde-44e1-b299-0b7fc6af4da2','Vị trí: UI/UX Designer (Fintech/Banking)\nCông ty: Ngân Hàng TMCP Công Thương Việt Nam (VietinBank)\nMức lương: 25000000\nKĩ năng yêu cầu: Giải quyết vấn đề\nKinh nghiệm: ONE_TO_THREE_YEARS\nĐịa điểm: Thành phố Hà Nội\nNgành nghề: IT & Telecommunications\nMô tả: Mô tả công việc:\n- Thiết kế giao diện người dùng cho các ứng dụng web và mobile\n- Tạo wireframes, prototypes và thiết kế chi tiết\n- Thực hiện nghiên cứu người dùng và phân tích UX\n- Làm việc chặt chẽ với team product và development\n\nYêu cầu:\n- 3+ năm kinh nghiệm UI/UX Design\n- Thành thạo Figma, Adobe XD\n- Portfolio thể hiện các dự án đã thực hiện\n- Hiểu biết về design system và design principles\n- Kinh nghiệm trong lĩnh vực Fintech là một lợi thế\n\nQuyền lợi:\n- Mức lương cạnh tranh theo năng lực\n- Được trang bị MacBook Pro và các công cụ design\n- Bảo hiểm sức khỏe cho nhân viên và người thân\n- Nghỉ phép 12 ngày/năm\n- Môi trường làm việc sáng tạo\n',NULL,'job','DONE',NULL,NULL,NULL),(159,'job',9,'49956b3d-e0a1-427f-ac6b-a471f306f828','Vị trí: Senior Frontend Developer (ReactJS)\nCông ty: CÔNG TY CỔ PHẦN CÔNG NGHỆ THỰC PHẨM CHÂU Á (AFOTECH)\nMức lương: 15000000\nKĩ năng yêu cầu: Làm việc nhóm\nKinh nghiệm: THREE_TO_FIVE_YEARS\nĐịa điểm: Thành phố Hà Nội\nNgành nghề: IT & Telecommunications\nMô tả: Mô tả: \n- Phát triển và duy trì các ứng dụng web sử dụng ReactJS\n- Tối ưu hóa hiệu suất và trải nghiệm người dùng\n- Code review và mentoring cho các thành viên junior\n- Làm việc với các API và tích hợp backend\n\nYêu cầu:\n- 3+ năm kinh nghiệm với ReactJS\n- Thành thạo JavaScript/TypeScript, HTML5, CSS3\n- Kinh nghiệm với Redux, React Router\n- Hiểu biết về RESTful APIs\n- Kỹ năng tối ưu hóa hiệu suất website\n\nQuyền lợi:\n- Lương: 30-45 triệu\n- Review lương 2 lần/năm\n- Bảo hiểm full package\n- 12 ngày phép/năm\n- Thưởng dự án, thưởng năm\n',NULL,'job','DONE',NULL,NULL,NULL),(160,'job',10,'ed5ea7b3-f001-4b0d-917d-8ce1faebaff4','Vị trí: QA Engineer (Manual & Automation Testing)\nCông ty: CÔNG TY CỔ PHẦN CÔNG NGHỆ THỰC PHẨM CHÂU Á (AFOTECH)\nMức lương: 15200000\nKĩ năng yêu cầu: Làm việc nhóm, Tư duy phản biện, Thuyết trình\nKinh nghiệm: ONE_TO_THREE_YEARS\nĐịa điểm: Thành phố Hà Nội\nNgành nghề: IT & Telecommunications\nMô tả: Mô tả:\n- Lập kế hoạch và thực hiện kiểm thử phần mềm\n- Viết test cases và test scenarios\n- Thực hiện automation test với Selenium/Cypress\n- Báo cáo và theo dõi bugs\n\nYêu cầu:\n- 2+ năm kinh nghiệm QA\n- Kinh nghiệm với Selenium/Cypress\n- Kiến thức về quy trình Agile/Scrum\n- Kỹ năng viết tài liệu test tốt\n\nQuyền lợi:\n- Lương: 18-25 triệu\n- Môi trường chuyên nghiệp\n- Cơ hội học hỏi công nghệ mới\n- Chế độ phúc lợi đầy đủ\n',NULL,'job','DONE',NULL,NULL,NULL),(161,'job',11,'c2840452-67a5-44ec-a128-8935a371b0c2','Vị trí: Digital Marketing Manager\nCông ty: CÔNG TY CỔ PHẦN CÔNG NGHỆ THỰC PHẨM CHÂU Á (AFOTECH)\nMức lương: 20000000\nKĩ năng yêu cầu: Làm việc nhóm, Giao tiếp, Giải quyết vấn đề, Tư duy phản biện\nKinh nghiệm: THREE_TO_FIVE_YEARS\nĐịa điểm: Thành phố Hà Nội\nNgành nghề: Banking & Finance\nMô tả: Mô tả:\n- Xây dựng và triển khai chiến lược marketing online\n- Quản lý các chiến dịch quảng cáo Facebook, Google Ads\n- Phân tích data và tối ưu hiệu quả marketing\n- Quản lý team marketing và ngân sách\n\nYêu cầu:\n- 3+ năm kinh nghiệm Digital Marketing\n- Thành thạo Facebook Ads, Google Ads\n- Kỹ năng phân tích data marketing\n- Khả năng quản lý dự án và team\n- Tiếng Anh tốt\n\nQuyền lợi:\n- Lương: 25-35 triệu\n- Thưởng theo doanh số\n- Môi trường năng động, sáng tạo\n- Đào tạo chuyên sâu\n- Bảo hiểm sức khỏe cho nhân viên và người thân\n',NULL,'job','DONE',NULL,NULL,NULL),(162,'job',16,'6361950f-2370-462a-8d0f-ebe53bf56e55','Vị trí: Senior Full Stack Developer\nCông ty: CÔNG TY CỔ PHẦN TẬP ĐOÀN KIM TÍN\nMức lương: 35000000\nKĩ năng yêu cầu: Làm việc nhóm, Giải quyết vấn đề\nKinh nghiệm: THREE_TO_FIVE_YEARS\nĐịa điểm: Thành phố Hồ Chí Minh\nNgành nghề: IT & Telecommunications\nMô tả: Chúng tôi đang tìm kiếm Senior Full Stack Developer với kinh nghiệm:\n- Thành thạo Java Spring Boot và ReactJS\n- Có ít nhất 5 năm kinh nghiệm phát triển web\n- Có kinh nghiệm với microservices và cloud platforms\n- Kỹ năng tối ưu hiệu suất và bảo mật ứng dụng\n',NULL,'job','DONE',NULL,NULL,NULL),(163,'job',17,'5580a0f1-312c-4a13-8ef9-f75b0d335e98','Vị trí: Chuyên viên Phân tích Tài chính\nCông ty: CÔNG TY CỔ PHẦN TẬP ĐOÀN KIM TÍN\nMức lương: 15000000\nKĩ năng yêu cầu: Đàm phán\nKinh nghiệm: ONE_TO_THREE_YEARS\nĐịa điểm: Thành phố Hồ Chí Minh\nNgành nghề: Banking & Finance\nMô tả: Yêu cầu:\n- Tốt nghiệp Tài chính/Kế toán/Kinh tế\n- 3 năm kinh nghiệm phân tích tài chính\n- Thành thạo Excel và các công cụ phân tích\n- Chứng chỉ CFA là một lợi thế\n',NULL,'job','DONE',NULL,NULL,NULL),(164,'job',18,'0711b6fc-f736-4f2b-bfde-5a226ff1fce7','Vị trí: Chuyên viên Phát triển Chương trình Đào tạo\nCông ty: CÔNG TY CỔ PHẦN TẬP ĐOÀN KIM TÍN\nMức lương: 10000000\nKĩ năng yêu cầu: Làm việc nhóm, Tư duy phản biện\nKinh nghiệm: ONE_TO_THREE_YEARS\nĐịa điểm: Thành phố Hồ Chí Minh\nNgành nghề: Education & Training\nMô tả: Mô tả công việc:\n- Thiết kế và phát triển giáo trình\n- Đánh giá hiệu quả đào tạo\n- Cập nhật nội dung theo xu hướng mới\n- Yêu cầu: Kinh nghiệm trong giáo dục 3 năm\n',NULL,'job','DONE',NULL,NULL,NULL),(165,'job',21,'3b3314a2-be90-460f-93cc-f051e0fe52e6','Vị trí: Senior Java Developer\nCông ty: CÔNG TY CỔ PHẦN TẬP ĐOÀN KIM TÍN\nMức lương: 25000000\nKĩ năng yêu cầu: \nKinh nghiệm: NO_EXPERIENCE\nĐịa điểm: Thành phố Hồ Chí Minh\nNgành nghề: IT & Telecommunications\nMô tả: Chúng tôi đang tìm kiếm một Senior Java Developer có kinh nghiệm\n',NULL,'job','DONE',NULL,NULL,NULL),(166,'job',22,'9d865038-fbf0-43cf-bc62-8ebd8a9a2ee1','Vị trí: Senior Java Developer123\nCông ty: CÔNG TY CỔ PHẦN TẬP ĐOÀN KIM TÍN\nMức lương: 25000000\nKĩ năng yêu cầu: \nKinh nghiệm: NO_EXPERIENCE\nĐịa điểm: Thành phố Hồ Chí Minh\nNgành nghề: IT & Telecommunications\nMô tả: Chúng tôi đang tìm kiếm một Senior Java Developer có kinh nghiệm\n',NULL,'job','DONE',NULL,NULL,NULL),(167,'job',23,'dfcde219-2fc1-4441-a13b-a4f6aaddc014','Vị trí: React Native Developer\nCông ty: CÔNG TY CỔ PHẦN TẬP ĐOÀN KIM TÍN\nMức lương: 25000000\nKĩ năng yêu cầu: \nKinh nghiệm: ONE_TO_THREE_YEARS\nĐịa điểm: Thành phố Hồ Chí Minh\nNgành nghề: IT & Telecommunications\nMô tả: Phát triển ứng dụng mobile sử dụng React Native. Yêu cầu:\n- 2+ năm kinh nghiệm React Native\n- Thành thạo JavaScript/TypeScript\n- Kinh nghiệm với Redux, React Navigation\n- Hiểu biết về native modules\n',NULL,'job','DONE',NULL,NULL,NULL),(168,'job',24,'068f6bb9-1fcc-4ffd-a45d-95a6e20e9134','Vị trí: Cloud Solutions Architect\nCông ty: CÔNG TY CỔ PHẦN TẬP ĐOÀN KIM TÍN\nMức lương: 45000000\nKĩ năng yêu cầu: \nKinh nghiệm: THREE_TO_FIVE_YEARS\nĐịa điểm: Hà Nội\nNgành nghề: IT & Telecommunications\nMô tả: Phát triển và quản lý hệ thống cloud. Yêu cầu:\n- 3+ năm kinh nghiệm AWS\n- Chứng chỉ AWS Solutions Architect\n- Kinh nghiệm với Docker, Kubernetes\n- CI/CD pipeline\n',NULL,'job','DONE',NULL,NULL,NULL),(169,'job',25,'5575cd73-5719-4447-9281-f621ce16e319','Vị trí: Blockchain Developer\nCông ty: CÔNG TY CỔ PHẦN TẬP ĐOÀN KIM TÍN\nMức lương: 35000000\nKĩ năng yêu cầu: \nKinh nghiệm: ONE_TO_THREE_YEARS\nĐịa điểm: Đà Nẵng\nNgành nghề: IT & Telecommunications\nMô tả: Phát triển ứng dụng blockchain. Yêu cầu:\n- 2+ năm kinh nghiệm Solidity\n- Hiểu biết về Smart Contracts\n- Kinh nghiệm với Web3.js\n- Background về cryptography\n',NULL,'job','DONE',NULL,NULL,NULL),(170,'job',26,'38e25233-dc0b-48f6-835e-c3183734a003','Vị trí: Unity Game Developer\nCông ty: Vingroup JSC\nMức lương: 40000000\nKĩ năng yêu cầu: \nKinh nghiệm: THREE_TO_FIVE_YEARS\nĐịa điểm: Thành phố Hồ Chí Minh\nNgành nghề: IT & Telecommunications\nMô tả: Phát triển game Unity. Yêu cầu:\n- 3+ năm kinh nghiệm Unity\n- Thành thạo C#\n- Kinh nghiệm với 3D modeling\n- Portfolio các game đã phát triển\n',NULL,'job','DONE',NULL,NULL,NULL),(171,'job',27,'5a339df2-decd-4a1b-8cff-7be22192eff9','Vị trí: Machine Learning Engineer\nCông ty: Vingroup JSC\nMức lương: 50000000\nKĩ năng yêu cầu: \nKinh nghiệm: THREE_TO_FIVE_YEARS\nĐịa điểm: Hà Nội\nNgành nghề: IT & Telecommunications\nMô tả: Phát triển ML/AI. Yêu cầu:\n- Master/PhD trong ML/AI\n- Thành thạo Python, TensorFlow\n- Kinh nghiệm với Computer Vision\n- Research background\n',NULL,'job','DONE',NULL,NULL,NULL),(172,'job',28,'497189cf-cec2-473b-909f-d9026ce81fa7','Vị trí: Senior Product Manager - Fintech\nCông ty: CMC Corporation\nMức lương: 60000000\nKĩ năng yêu cầu: \nKinh nghiệm: FIVE_TO_TEN_YEARS\nĐịa điểm: Thành phố Hồ Chí Minh\nNgành nghề: Banking & Finance\nMô tả: Product Manager cho fintech app. Yêu cầu:\n- 5+ năm kinh nghiệm product management\n- Background về fintech\n- Kỹ năng phân tích data\n- Leadership skills\n',NULL,'job','DONE',NULL,NULL,NULL),(173,'job',29,'096c2b3c-b30c-4d45-921e-fad7e162a775','Vị trí: Senior DevOps Engineer\nCông ty: CMC Corporation\nMức lương: 45000000\nKĩ năng yêu cầu: \nKinh nghiệm: THREE_TO_FIVE_YEARS\nĐịa điểm: Hà Nội\nNgành nghề: IT & Telecommunications\nMô tả: DevOps Engineer với kinh nghiệm về cloud. Yêu cầu:\n- 3+ năm kinh nghiệm DevOps\n- AWS/Azure certifications\n- Ansible, Terraform\n- Monitoring tools\n',NULL,'job','DONE',NULL,NULL,NULL),(174,'job',30,'e4870189-2983-4315-b543-cb5663005327','Vị trí: Senior Data Engineer\nCông ty: MISA JSC\nMức lương: 40000000\nKĩ năng yêu cầu: \nKinh nghiệm: THREE_TO_FIVE_YEARS\nĐịa điểm: Đà Nẵng\nNgành nghề: IT & Telecommunications\nMô tả: Data Engineer với kinh nghiệm big data. Yêu cầu:\n- 4+ năm kinh nghiệm\n- Hadoop ecosystem\n- Spark, Kafka\n- SQL/NoSQL databases\n',NULL,'job','DONE',NULL,NULL,NULL),(175,'job',31,'134cd3a9-bfb2-4b7c-81a2-d1de90d0483f','Vị trí: Frontend React Developer\nCông ty: Sendo JSC\nMức lương: 25000000\nKĩ năng yêu cầu: \nKinh nghiệm: ONE_TO_THREE_YEARS\nĐịa điểm: Thành phố Hồ Chí Minh\nNgành nghề: IT & Telecommunications\nMô tả: Frontend Developer với React. Yêu cầu:\n- 2+ năm kinh nghiệm React\n- TypeScript\n- State management\n- Testing\n',NULL,'job','DONE',NULL,NULL,NULL),(176,'job',32,'19ef6bdf-ee4d-4032-887b-412025d4bb41','Vị trí: Backend Node.js Developer\nCông ty: Lotte Data Communication Vietnam\nMức lương: 35000000\nKĩ năng yêu cầu: \nKinh nghiệm: THREE_TO_FIVE_YEARS\nĐịa điểm: Hà Nội\nNgành nghề: IT & Telecommunications\nMô tả: Backend Developer với Node.js. Yêu cầu:\n- 3+ năm kinh nghiệm Node.js\n- Express/NestJS\n- MongoDB\n- Microservices\n',NULL,'job','DONE',NULL,NULL,NULL),(177,'job',33,'fadddee5-487e-4c94-a42c-af2aeb6744c0','Vị trí: iOS Developer\nCông ty: Lotte Data Communication Vietnam\nMức lương: 40000000\nKĩ năng yêu cầu: \nKinh nghiệm: THREE_TO_FIVE_YEARS\nĐịa điểm: Thành phố Hồ Chí Minh\nNgành nghề: IT & Telecommunications\nMô tả: Mobile App Developer (iOS). Yêu cầu:\n- 3+ năm kinh nghiệm iOS development\n- Swift, SwiftUI\n- Kinh nghiệm với Apple guidelines\n- CI/CD cho iOS apps\n',NULL,'job','DONE',NULL,NULL,NULL),(178,'job',34,'1fc1aa31-8471-4bd5-9913-cb0a52593b59','Vị trí: Security Engineer\nCông ty: NashTech Vietnam\nMức lương: 45000000\nKĩ năng yêu cầu: \nKinh nghiệm: THREE_TO_FIVE_YEARS\nĐịa điểm: Hà Nội\nNgành nghề: IT & Telecommunications\nMô tả: Security Engineer. Yêu cầu:\n- 4+ năm kinh nghiệm security\n- Penetration testing\n- Security compliance\n- Incident response\n',NULL,'job','DONE',NULL,NULL,NULL),(179,'job',35,'a6a9a7b1-c64d-47f5-b2d3-52e24a1af6f7','Vị trí: UX Researcher\nCông ty: TMA Solutions\nMức lương: 35000000\nKĩ năng yêu cầu: \nKinh nghiệm: THREE_TO_FIVE_YEARS\nĐịa điểm: Đà Nẵng\nNgành nghề: IT & Telecommunications\nMô tả: UX Researcher. Yêu cầu:\n- 3+ năm kinh nghiệm UX research\n- User testing\n- Data analysis\n- Research methodologies\n',NULL,'job','DONE',NULL,NULL,NULL),(180,'job',36,'cc6d5964-1ae1-45d7-ba69-e6257fb1147f','Vị trí: Technical Project Manager\nCông ty: Sendo JSC\nMức lương: 50000000\nKĩ năng yêu cầu: \nKinh nghiệm: FIVE_TO_TEN_YEARS\nĐịa điểm: Thành phố Hồ Chí Minh\nNgành nghề: IT & Telecommunications\nMô tả: Technical Project Manager. Yêu cầu:\n- 5+ năm kinh nghiệm quản lý dự án\n- Agile/Scrum certification\n- Technical background\n- Leadership skills\n',NULL,'job','DONE',NULL,NULL,NULL),(181,'job',37,'9fac559a-03ca-4437-80f2-faa143cecf7e','Vị trí: Senior DBA\nCông ty: Lotte Data Communication Vietnam\nMức lương: 40000000\nKĩ năng yêu cầu: \nKinh nghiệm: THREE_TO_FIVE_YEARS\nĐịa điểm: Hà Nội\nNgành nghề: IT & Telecommunications\nMô tả: Database Administrator. Yêu cầu:\n- 4+ năm kinh nghiệm DBA\n- MySQL, PostgreSQL\n- Performance tuning\n- Backup & recovery\n',NULL,'job','DONE',NULL,NULL,NULL),(182,'job',38,'f3a2c489-6b26-4e59-92ab-ae1e1de09203','Vị trí: Senior Android Developer\nCông ty: NashTech Vietnam\nMức lương: 35000000\nKĩ năng yêu cầu: \nKinh nghiệm: THREE_TO_FIVE_YEARS\nĐịa điểm: Đà Nẵng\nNgành nghề: IT & Telecommunications\nMô tả: Android Developer. Yêu cầu:\n- 3+ năm kinh nghiệm Android\n- Kotlin\n- MVVM architecture\n- Material Design\n',NULL,'job','DONE',NULL,NULL,NULL),(183,'job',39,'308ec75b-f839-458f-9293-665b2fb593c2','Vị trí: Senior Data Scientist\nCông ty: TMA Solutions\nMức lương: 55000000\nKĩ năng yêu cầu: \nKinh nghiệm: THREE_TO_FIVE_YEARS\nĐịa điểm: Hà Nội\nNgành nghề: IT & Telecommunications\nMô tả: Data Scientist. Yêu cầu:\n- Master/PhD trong Data Science/Statistics\n- Python, R\n- Machine Learning\n- Deep Learning\n- Big Data tools\n- Research experience\n',NULL,'job','DONE',NULL,NULL,NULL),(184,'job',40,'beecac3c-6f91-4f4d-8857-b8e95abe22e2','Vị trí: Technical Lead\nCông ty: Sendo JSC\nMức lương: 70000000\nKĩ năng yêu cầu: \nKinh nghiệm: MORE_THAN_TEN_YEARS\nĐịa điểm: Thành phố Hồ Chí Minh\nNgành nghề: IT & Telecommunications\nMô tả: Technical Lead - Microservices. Yêu cầu:\n- 7+ năm kinh nghiệm development\n- Microservices Architecture\n- System Design\n- Team Management\n- Agile/Scrum\n',NULL,'job','DONE',NULL,NULL,NULL),(185,'job',41,'1bebddfc-76fc-4bb0-8b65-5df06f22a1b6','Vị trí: Digital Marketing Specialist\nCông ty: Lotte Data Communication Vietnam\nMức lương: 25000000\nKĩ năng yêu cầu: \nKinh nghiệm: THREE_TO_FIVE_YEARS\nĐịa điểm: Đà Nẵng\nNgành nghề: Banking & Finance\nMô tả: Digital Marketing Specialist. Yêu cầu:\n- 3+ năm kinh nghiệm digital marketing\n- Google Ads, Facebook Ads\n- SEO/SEM\n- Analytics\n- Content Strategy\n',NULL,'job','DONE',NULL,NULL,NULL),(186,'job',42,'f0a5856a-67b1-4ce0-9255-6f4a35ffd927','Vị trí: BI Analyst\nCông ty: NashTech Vietnam\nMức lương: 40000000\nKĩ năng yêu cầu: \nKinh nghiệm: THREE_TO_FIVE_YEARS\nĐịa điểm: Hà Nội\nNgành nghề: IT & Telecommunications\nMô tả: Business Intelligence Analyst. Yêu cầu:\n- 4+ năm kinh nghiệm BI\n- SQL\n- Power BI/Tableau\n- Data Warehousing\n- Statistical Analysis\n',NULL,'job','DONE',NULL,NULL,NULL),(187,'job',43,'f8b3def9-4e2c-43f5-9d37-d25bc9ad138a','Vị trí: Senior SRE\nCông ty: TMA Solutions\nMức lương: 60000000\nKĩ năng yêu cầu: \nKinh nghiệm: FIVE_TO_TEN_YEARS\nĐịa điểm: Thành phố Hồ Chí Minh\nNgành nghề: IT & Telecommunications\nMô tả: Site Reliability Engineer. Yêu cầu:\n- 5+ năm kinh nghiệm DevOps/SRE\n- Cloud Platforms (AWS/GCP)\n- Infrastructure as Code\n- Monitoring & Alerting\n- Performance Optimization\n',NULL,'job','DONE',NULL,NULL,NULL),(188,'job',44,'926229e2-f17f-44f6-a5e9-ff0f6111be9b','Vị trí: Solution Architect\nCông ty: Sendo JSC\nMức lương: 80000000\nKĩ năng yêu cầu: \nKinh nghiệm: MORE_THAN_TEN_YEARS\nĐịa điểm: Hà Nội\nNgành nghề: IT & Telecommunications\nMô tả: Solution Architect. Yêu cầu:\n- 8+ năm kinh nghiệm development\n- System Architecture\n- Cloud Solutions\n- Enterprise Integration\n- Technical Leadership\n',NULL,'job','DONE',NULL,NULL,NULL),(189,'job',45,'f8f82654-cc91-4946-96c5-c32ad2112e4c','Vị trí: Senior Product Designer\nCông ty: TMA Solutions\nMức lương: 35000000\nKĩ năng yêu cầu: \nKinh nghiệm: THREE_TO_FIVE_YEARS\nĐịa điểm: Đà Nẵng\nNgành nghề: IT & Telecommunications\nMô tả: Product Designer. Yêu cầu:\n- 4+ năm kinh nghiệm product design\n- UI/UX Design\n- Design Systems\n- User Research\n- Prototyping Tools\n',NULL,'job','DONE',NULL,NULL,NULL),(190,'job',46,'982b024a-eb1a-427a-9925-d27e7d8da04c','Vị trí: InfoSec Manager\nCông ty: NashTech Vietnam\nMức lương: 70000000\nKĩ năng yêu cầu: \nKinh nghiệm: FIVE_TO_TEN_YEARS\nĐịa điểm: Thành phố Hồ Chí Minh\nNgành nghề: IT & Telecommunications\nMô tả: Information Security Manager. Yêu cầu:\n- 7+ năm kinh nghiệm security\n- Security Frameworks\n- Risk Management\n- Team Leadership\n- Security Certifications\n',NULL,'job','DONE',NULL,NULL,NULL),(191,'job',47,'91e14b92-021c-47de-95fe-b4e354f1b3cf','Vị trí: AI Research Engineer\nCông ty: Lotte Data Communication Vietnam\nMức lương: 65000000\nKĩ năng yêu cầu: \nKinh nghiệm: FIVE_TO_TEN_YEARS\nĐịa điểm: Hà Nội\nNgành nghề: IT & Telecommunications\nMô tả: AI Research Engineer. Yêu cầu:\n- PhD in AI/ML\n- Deep Learning\n- Computer Vision\n- NLP\n- Research Publications\n',NULL,'job','DONE',NULL,NULL,NULL),(192,'job',48,'89ff3867-0bbf-4538-8c8f-4354ec6a8e15','Vị trí: Senior Embedded Engineer\nCông ty: Sendo JSC\nMức lương: 45000000\nKĩ năng yêu cầu: \nKinh nghiệm: FIVE_TO_TEN_YEARS\nĐịa điểm: Đà Nẵng\nNgành nghề: IT & Telecommunications\nMô tả: Embedded Systems Engineer. Yêu cầu:\n- 5+ năm kinh nghiệm embedded systems\n- C/C++\n- RTOS\n- Hardware Interfaces\n- IoT Protocols\n',NULL,'job','DONE',NULL,NULL,NULL),(193,'job',53,'da6f0bbb-bd2e-4a42-8b59-a9787dab4cc7','Vị trí: Tuyển dụng Senior Java Backend Developer\nCông ty: Công ty TNHH Phần mềm Alpha (Alpha Software Solutions)\nMức lương: 15000000\nKĩ năng yêu cầu: \nKinh nghiệm: ONE_TO_THREE_YEARS\nĐịa điểm: Thành phố Hồ Chí Minh\nNgành nghề: IT & Telecommunications\nMô tả: Thiết kế, phát triển và duy trì các dịch vụ backend hiệu suất cao bằng Java/Spring Boot.\n\nTham gia vào việc đánh giá và tối ưu hóa kiến trúc Microservices, đảm bảo khả năng mở rộng (scalability) và độ tin cậy của hệ thống.\n\nLàm việc với các hệ thống cơ sở dữ liệu (PostgreSQL/MongoDB) và các giải pháp Caching (Redis).\n\nĐảm bảo chất lượng mã thông qua Code Review, viết Unit Test và Integration Test.\n\nHợp tác chặt chẽ với đội ngũ DevOps để triển khai ứng dụng sử dụng Docker và Kubernetes.\n',NULL,'job','DONE',NULL,NULL,NULL),(194,'job',1,'3a5d6ce9-00b6-4364-af00-9d04f58b9b99','Vị trí: Nhân Viên Kỹ Thuật FPT Telecom - Q. Tân Bình\nCông ty: FPT Telecom\nMức lương: 10000000\nKĩ năng yêu cầu: Làm việc nhóm, Quản lý thời gian\nKinh nghiệm: ONE_TO_THREE_YEARS\nĐịa điểm: Thành phố Hồ Chí Minh\nNgành nghề: IT & Telecommunications\nMô tả: - Bảo trì, khắc phục lỗi kỹ thuật liên quan đến dịch vụ Internet, dịch vụ truyền hình FPT và các dịch vụ viễn thông tại nhà khách hàng.\n\n- Triển khai nâng cấp dịch vụ truyền hình FPT, hệ thống Wifi, Camera và các dịch vụ gia tăng khác trên đường truyền Internet tại nhà khách hàng.\n\n- Ghi nhận phản hồi trực tiếp từ khách hàng, phối hợp với các bộ phận liên quan trong việc nâng cao chất lượng dịch vụ của công ty.\n\n- Tư vấn, hướng dẫn sử dụng và cài đặt các dịch vụ đi kèm do FPT Telecom cung cấp cho khách hàng (Truyền hình FPT, Camera, thiết bị wifi...).\n\n- Hỗ trợ kỹ thuật tại nhà khách hàng.\n',NULL,'job','DONE',NULL,NULL,NULL),(195,'job',2,'67a36330-0228-4456-99a3-1b3b903efe9e','Vị trí: Chuyên Viên Kinh Doanh Kênh Phân Phối B2C\nCông ty: FPT Telecom\nMức lương: 20000000\nKĩ năng yêu cầu: Làm việc nhóm, Thuyết trình\nKinh nghiệm: ONE_TO_THREE_YEARS\nĐịa điểm: Thành phố Hồ Chí Minh\nNgành nghề: IT & Telecommunications\nMô tả: - Sản phẩm kinh doanh chính: FPT Smart Home, FPT Camera\n- Tìm kiếm các đơn vị để phân phối các sản phẩm FPT Smart Home, FPT Camera\n- Mở rộng kênh bán hàng tại khu vực TP. Hồ Chí Minh\n- Tổ chức Workshop, bán hàng cùng Brandshop, Nhà phân phối, Đại lý\n- Tìm kiếm các đơn vị nhượng quyền của FPT Smart Home để bán hàng FPT Smart Home\n- Mở rộng đại lý cấp 2 cho các Brandshop/Nhà phân phối đang hỗ trợ\n- Mở rộng các đối tác từ kênh bán hàng: Xây dựng, camera, nội thất, vật liệu xây dựng, nhà bếp, cửa cổng, thầu xây dựng, ...\n- Làm việc tại: 336 Huỳnh Tấn Phát, Quận 7, TPHCM.\n',NULL,'job','DONE',NULL,NULL,NULL),(196,'job',3,'4afb6b3c-9a53-481b-9f41-57d17ce170e0','Vị trí: Tuyển dụng Frontend Developer (React.js)\nCông ty: FPT Telecom\nMức lương: 15000000\nKĩ năng yêu cầu: Giao tiếp\nKinh nghiệm: ONE_TO_THREE_YEARS\nĐịa điểm: Thành phố Hà Nội\nNgành nghề: IT & Telecommunications\nMô tả: - Phát triển và duy trì các ứng dụng web sử dụng React.js\n- Tối ưu hóa hiệu suất và trải nghiệm người dùng\n- Làm việc với REST APIs và các công nghệ frontend hiện đại\n- Tham gia vào quá trình thiết kế và phát triển sản phẩm\n',NULL,'job','DONE',NULL,NULL,NULL),(197,'job',4,'b426895a-1402-427b-a9fb-8df267cf82de','Vị trí: Tuyển Business Analyst (BA)\nCông ty: FPT Telecom\nMức lương: 22000000\nKĩ năng yêu cầu: Tư duy phản biện\nKinh nghiệm: THREE_TO_FIVE_YEARS\nĐịa điểm: Thành phố Hà Nội\nNgành nghề: IT & Telecommunications\nMô tả: Mô tả công việc:\n- Phân tích và đề xuất giải pháp nghiệp vụ\n- Làm việc với stakeholders để thu thập yêu cầu\n- Viết tài liệu đặc tả kỹ thuật\n- Hỗ trợ team phát triển trong quá trình implement\n\nYêu cầu:\n- Tốt nghiệp đại học chuyên ngành CNTT/Kinh tế\n- 2-3 năm kinh nghiệm vị trí BA\n- Kỹ năng phân tích và giải quyết vấn đề tốt\n- Tiếng Anh giao tiếp tốt\n- Ưu tiên có kinh nghiệm trong lĩnh vực Fintech\n\nQuyền lợi:\n- Mức lương: 20-35 triệu\n- Review lương 2 lần/năm\n- Bảo hiểm sức khỏe cao cấp\n- Đào tạo chuyên môn\n- Làm việc từ xa 2 ngày/tuần\n',NULL,'job','DONE',NULL,NULL,NULL),(198,'job',5,'97bf3a4e-b930-489d-a8b7-5875fa95c168','Vị trí: Tuyển QA Engineer (Manual & Automation Testing)\nCông ty: Ngân Hàng TMCP Công Thương Việt Nam (VietinBank)\nMức lương: 15000000\nKĩ năng yêu cầu: Giao tiếp\nKinh nghiệm: ONE_TO_THREE_YEARS\nĐịa điểm: Thành phố Hà Nội\nNgành nghề: IT & Telecommunications\nMô tả: Mô tả công việc:\n- Lập kế hoạch và thực hiện kiểm thử phần mềm\n- Viết test cases và test scenarios\n- Thực hiện automation test với Selenium/Cypress\n- Báo cáo và theo dõi bugs\n\nYêu cầu:\n- 2+ năm kinh nghiệm QA\n- Kinh nghiệm với Selenium hoặc Cypress\n- Hiểu biết về quy trình Agile/Scrum\n- Kỹ năng viết tài liệu tốt\n- Tiếng Anh đọc hiểu tốt\n\nQuyền lợi:\n- Mức lương: 15-25 triệu\n- Thưởng project\n- Bảo hiểm theo luật\n- Đào tạo chuyên môn\n- Teambuilding hàng quý\n',NULL,'job','DONE',NULL,NULL,NULL),(199,'job',6,'82584a30-6d3c-49bb-b9c1-5e5453848356','Vị trí: Business Analyst (BA) - Fintech\nCông ty: Ngân Hàng TMCP Công Thương Việt Nam (VietinBank)\nMức lương: 30000000\nKĩ năng yêu cầu: Quản lý thời gian\nKinh nghiệm: ONE_TO_THREE_YEARS\nĐịa điểm: Thành phố Hà Nội\nNgành nghề: IT & Telecommunications\nMô tả: Mô tả công việc:\n- Phân tích và đề xuất giải pháp nghiệp vụ cho các dự án Fintech\n- Thu thập yêu cầu từ stakeholders và chuyển thành tài liệu kỹ thuật\n- Làm việc với team phát triển để đảm bảo triển khai đúng yêu cầu\n- Quản lý và theo dõi tiến độ dự án\n\nYêu cầu:\n- Tốt nghiệp đại học chuyên ngành CNTT/Kinh tế\n- 2-3 năm kinh nghiệm vị trí BA\n- Hiểu biết về quy trình phát triển phần mềm Agile/Scrum\n- Kỹ năng phân tích và giải quyết vấn đề tốt\n- Tiếng Anh giao tiếp tốt\n\nQuyền lợi:\n- Mức lương hấp dẫn theo năng lực\n- Review lương 2 lần/năm\n- Được đào tạo chuyên môn\n- Chế độ bảo hiểm đầy đủ\n- Môi trường làm việc chuyên nghiệp\n',NULL,'job','DONE',NULL,NULL,NULL),(200,'job',7,'a07dd440-2756-4bd6-b9b6-66d8a1d74ce6','Vị trí: Senior Java Developer (Spring Boot)\nCông ty: Ngân Hàng TMCP Công Thương Việt Nam (VietinBank)\nMức lương: 40000000\nKĩ năng yêu cầu: Làm việc nhóm, Quản lý thời gian\nKinh nghiệm: THREE_TO_FIVE_YEARS\nĐịa điểm: Thành phố Hà Nội\nNgành nghề: IT & Telecommunications\nMô tả: Mô tả công việc:\n- Phát triển và tối ưu hóa các ứng dụng backend sử dụng Java/Spring Boot\n- Thiết kế và xây dựng RESTful APIs\n- Làm việc với cơ sở dữ liệu SQL và NoSQL\n- Tham gia vào quá trình review code và mentoring\n\nYêu cầu:\n- 4+ năm kinh nghiệm phát triển Java\n- Thành thạo Spring Framework, Spring Boot, Spring Security\n- Kinh nghiệm với MySQL, MongoDB, Redis\n- Hiểu biết về microservices architecture\n- Kỹ năng debug và xử lý vấn đề tốt\n\nQuyền lợi:\n- Mức lương: 35-50 triệu (theo năng lực)\n- 13 tháng lương + thưởng dự án\n- Bảo hiểm sức khỏe cao cấp\n- Chế độ nghỉ phép linh hoạt\n- Cơ hội thăng tiến rõ ràng\n',NULL,'job','DONE',NULL,NULL,NULL),(201,'job',8,'f5bc38a8-6d64-49d9-8b96-12aa8d795052','Vị trí: UI/UX Designer (Fintech/Banking)\nCông ty: Ngân Hàng TMCP Công Thương Việt Nam (VietinBank)\nMức lương: 25000000\nKĩ năng yêu cầu: Giải quyết vấn đề\nKinh nghiệm: ONE_TO_THREE_YEARS\nĐịa điểm: Thành phố Hà Nội\nNgành nghề: IT & Telecommunications\nMô tả: Mô tả công việc:\n- Thiết kế giao diện người dùng cho các ứng dụng web và mobile\n- Tạo wireframes, prototypes và thiết kế chi tiết\n- Thực hiện nghiên cứu người dùng và phân tích UX\n- Làm việc chặt chẽ với team product và development\n\nYêu cầu:\n- 3+ năm kinh nghiệm UI/UX Design\n- Thành thạo Figma, Adobe XD\n- Portfolio thể hiện các dự án đã thực hiện\n- Hiểu biết về design system và design principles\n- Kinh nghiệm trong lĩnh vực Fintech là một lợi thế\n\nQuyền lợi:\n- Mức lương cạnh tranh theo năng lực\n- Được trang bị MacBook Pro và các công cụ design\n- Bảo hiểm sức khỏe cho nhân viên và người thân\n- Nghỉ phép 12 ngày/năm\n- Môi trường làm việc sáng tạo\n',NULL,'job','DONE',NULL,NULL,NULL),(202,'job',9,'2f569a2a-f5d4-4392-a136-eacbfd6cda74','Vị trí: Senior Frontend Developer (ReactJS)\nCông ty: CÔNG TY CỔ PHẦN CÔNG NGHỆ THỰC PHẨM CHÂU Á (AFOTECH)\nMức lương: 15000000\nKĩ năng yêu cầu: Làm việc nhóm\nKinh nghiệm: THREE_TO_FIVE_YEARS\nĐịa điểm: Thành phố Hà Nội\nNgành nghề: IT & Telecommunications\nMô tả: Mô tả: \n- Phát triển và duy trì các ứng dụng web sử dụng ReactJS\n- Tối ưu hóa hiệu suất và trải nghiệm người dùng\n- Code review và mentoring cho các thành viên junior\n- Làm việc với các API và tích hợp backend\n\nYêu cầu:\n- 3+ năm kinh nghiệm với ReactJS\n- Thành thạo JavaScript/TypeScript, HTML5, CSS3\n- Kinh nghiệm với Redux, React Router\n- Hiểu biết về RESTful APIs\n- Kỹ năng tối ưu hóa hiệu suất website\n\nQuyền lợi:\n- Lương: 30-45 triệu\n- Review lương 2 lần/năm\n- Bảo hiểm full package\n- 12 ngày phép/năm\n- Thưởng dự án, thưởng năm\n',NULL,'job','DONE',NULL,NULL,NULL),(203,'job',10,'8cdd6d96-ee41-4eeb-b8ca-ae94e158f97b','Vị trí: QA Engineer (Manual & Automation Testing)\nCông ty: CÔNG TY CỔ PHẦN CÔNG NGHỆ THỰC PHẨM CHÂU Á (AFOTECH)\nMức lương: 15200000\nKĩ năng yêu cầu: Làm việc nhóm, Tư duy phản biện, Thuyết trình\nKinh nghiệm: ONE_TO_THREE_YEARS\nĐịa điểm: Thành phố Hà Nội\nNgành nghề: IT & Telecommunications\nMô tả: Mô tả:\n- Lập kế hoạch và thực hiện kiểm thử phần mềm\n- Viết test cases và test scenarios\n- Thực hiện automation test với Selenium/Cypress\n- Báo cáo và theo dõi bugs\n\nYêu cầu:\n- 2+ năm kinh nghiệm QA\n- Kinh nghiệm với Selenium/Cypress\n- Kiến thức về quy trình Agile/Scrum\n- Kỹ năng viết tài liệu test tốt\n\nQuyền lợi:\n- Lương: 18-25 triệu\n- Môi trường chuyên nghiệp\n- Cơ hội học hỏi công nghệ mới\n- Chế độ phúc lợi đầy đủ\n',NULL,'job','DONE',NULL,NULL,NULL),(204,'job',11,'342bc233-8c70-4256-8129-1666c0e616e9','Vị trí: Digital Marketing Manager\nCông ty: CÔNG TY CỔ PHẦN CÔNG NGHỆ THỰC PHẨM CHÂU Á (AFOTECH)\nMức lương: 20000000\nKĩ năng yêu cầu: Làm việc nhóm, Giao tiếp, Giải quyết vấn đề, Tư duy phản biện\nKinh nghiệm: THREE_TO_FIVE_YEARS\nĐịa điểm: Thành phố Hà Nội\nNgành nghề: Banking & Finance\nMô tả: Mô tả:\n- Xây dựng và triển khai chiến lược marketing online\n- Quản lý các chiến dịch quảng cáo Facebook, Google Ads\n- Phân tích data và tối ưu hiệu quả marketing\n- Quản lý team marketing và ngân sách\n\nYêu cầu:\n- 3+ năm kinh nghiệm Digital Marketing\n- Thành thạo Facebook Ads, Google Ads\n- Kỹ năng phân tích data marketing\n- Khả năng quản lý dự án và team\n- Tiếng Anh tốt\n\nQuyền lợi:\n- Lương: 25-35 triệu\n- Thưởng theo doanh số\n- Môi trường năng động, sáng tạo\n- Đào tạo chuyên sâu\n- Bảo hiểm sức khỏe cho nhân viên và người thân\n',NULL,'job','DONE',NULL,NULL,NULL),(205,'job',16,'e061b0b0-9c9f-4d28-bde4-f322bc86c03f','Vị trí: Senior Full Stack Developer\nCông ty: CÔNG TY CỔ PHẦN TẬP ĐOÀN KIM TÍN\nMức lương: 35000000\nKĩ năng yêu cầu: Làm việc nhóm, Giải quyết vấn đề\nKinh nghiệm: THREE_TO_FIVE_YEARS\nĐịa điểm: Thành phố Hồ Chí Minh\nNgành nghề: IT & Telecommunications\nMô tả: Chúng tôi đang tìm kiếm Senior Full Stack Developer với kinh nghiệm:\n- Thành thạo Java Spring Boot và ReactJS\n- Có ít nhất 5 năm kinh nghiệm phát triển web\n- Có kinh nghiệm với microservices và cloud platforms\n- Kỹ năng tối ưu hiệu suất và bảo mật ứng dụng\n',NULL,'job','DONE',NULL,NULL,NULL),(206,'job',17,'96651c8f-b08d-4ed3-9d37-d650ca281526','Vị trí: Chuyên viên Phân tích Tài chính\nCông ty: CÔNG TY CỔ PHẦN TẬP ĐOÀN KIM TÍN\nMức lương: 15000000\nKĩ năng yêu cầu: Đàm phán\nKinh nghiệm: ONE_TO_THREE_YEARS\nĐịa điểm: Thành phố Hồ Chí Minh\nNgành nghề: Banking & Finance\nMô tả: Yêu cầu:\n- Tốt nghiệp Tài chính/Kế toán/Kinh tế\n- 3 năm kinh nghiệm phân tích tài chính\n- Thành thạo Excel và các công cụ phân tích\n- Chứng chỉ CFA là một lợi thế\n',NULL,'job','DONE',NULL,NULL,NULL),(207,'job',18,'4f9f24a9-5410-4504-be28-3c0faef1ed81','Vị trí: Chuyên viên Phát triển Chương trình Đào tạo\nCông ty: CÔNG TY CỔ PHẦN TẬP ĐOÀN KIM TÍN\nMức lương: 10000000\nKĩ năng yêu cầu: Làm việc nhóm, Tư duy phản biện\nKinh nghiệm: ONE_TO_THREE_YEARS\nĐịa điểm: Thành phố Hồ Chí Minh\nNgành nghề: Education & Training\nMô tả: Mô tả công việc:\n- Thiết kế và phát triển giáo trình\n- Đánh giá hiệu quả đào tạo\n- Cập nhật nội dung theo xu hướng mới\n- Yêu cầu: Kinh nghiệm trong giáo dục 3 năm\n',NULL,'job','DONE',NULL,NULL,NULL),(208,'job',21,'345147ea-aa46-4004-8082-dfd9962d48b5','Vị trí: Senior Java Developer\nCông ty: CÔNG TY CỔ PHẦN TẬP ĐOÀN KIM TÍN\nMức lương: 25000000\nKĩ năng yêu cầu: \nKinh nghiệm: NO_EXPERIENCE\nĐịa điểm: Thành phố Hồ Chí Minh\nNgành nghề: IT & Telecommunications\nMô tả: Chúng tôi đang tìm kiếm một Senior Java Developer có kinh nghiệm\n',NULL,'job','DONE',NULL,NULL,NULL),(209,'job',22,'d64eba50-e6f5-443a-a48a-7153064f9514','Vị trí: Senior Java Developer123\nCông ty: CÔNG TY CỔ PHẦN TẬP ĐOÀN KIM TÍN\nMức lương: 25000000\nKĩ năng yêu cầu: \nKinh nghiệm: NO_EXPERIENCE\nĐịa điểm: Thành phố Hồ Chí Minh\nNgành nghề: IT & Telecommunications\nMô tả: Chúng tôi đang tìm kiếm một Senior Java Developer có kinh nghiệm\n',NULL,'job','DONE',NULL,NULL,NULL),(210,'job',23,'f100a470-8520-4d0a-b69f-5a1a469b6aa5','Vị trí: React Native Developer\nCông ty: CÔNG TY CỔ PHẦN TẬP ĐOÀN KIM TÍN\nMức lương: 25000000\nKĩ năng yêu cầu: \nKinh nghiệm: ONE_TO_THREE_YEARS\nĐịa điểm: Thành phố Hồ Chí Minh\nNgành nghề: IT & Telecommunications\nMô tả: Phát triển ứng dụng mobile sử dụng React Native. Yêu cầu:\n- 2+ năm kinh nghiệm React Native\n- Thành thạo JavaScript/TypeScript\n- Kinh nghiệm với Redux, React Navigation\n- Hiểu biết về native modules\n',NULL,'job','DONE',NULL,NULL,NULL),(211,'job',24,'a4f0326d-4cf0-496c-9bfa-4e6013bffceb','Vị trí: Cloud Solutions Architect\nCông ty: CÔNG TY CỔ PHẦN TẬP ĐOÀN KIM TÍN\nMức lương: 45000000\nKĩ năng yêu cầu: \nKinh nghiệm: THREE_TO_FIVE_YEARS\nĐịa điểm: Hà Nội\nNgành nghề: IT & Telecommunications\nMô tả: Phát triển và quản lý hệ thống cloud. Yêu cầu:\n- 3+ năm kinh nghiệm AWS\n- Chứng chỉ AWS Solutions Architect\n- Kinh nghiệm với Docker, Kubernetes\n- CI/CD pipeline\n',NULL,'job','DONE',NULL,NULL,NULL),(212,'job',25,'d89233fb-a2e8-43c9-b825-d475f85954c9','Vị trí: Blockchain Developer\nCông ty: CÔNG TY CỔ PHẦN TẬP ĐOÀN KIM TÍN\nMức lương: 35000000\nKĩ năng yêu cầu: \nKinh nghiệm: ONE_TO_THREE_YEARS\nĐịa điểm: Đà Nẵng\nNgành nghề: IT & Telecommunications\nMô tả: Phát triển ứng dụng blockchain. Yêu cầu:\n- 2+ năm kinh nghiệm Solidity\n- Hiểu biết về Smart Contracts\n- Kinh nghiệm với Web3.js\n- Background về cryptography\n',NULL,'job','DONE',NULL,NULL,NULL),(213,'job',26,'9a853701-4ddb-4059-b251-bbf1ee18cfbe','Vị trí: Unity Game Developer\nCông ty: Vingroup JSC\nMức lương: 40000000\nKĩ năng yêu cầu: \nKinh nghiệm: THREE_TO_FIVE_YEARS\nĐịa điểm: Thành phố Hồ Chí Minh\nNgành nghề: IT & Telecommunications\nMô tả: Phát triển game Unity. Yêu cầu:\n- 3+ năm kinh nghiệm Unity\n- Thành thạo C#\n- Kinh nghiệm với 3D modeling\n- Portfolio các game đã phát triển\n',NULL,'job','DONE',NULL,NULL,NULL),(214,'job',27,'6acbcf3f-7e10-4afb-a890-42c5e29d0613','Vị trí: Machine Learning Engineer\nCông ty: Vingroup JSC\nMức lương: 50000000\nKĩ năng yêu cầu: \nKinh nghiệm: THREE_TO_FIVE_YEARS\nĐịa điểm: Hà Nội\nNgành nghề: IT & Telecommunications\nMô tả: Phát triển ML/AI. Yêu cầu:\n- Master/PhD trong ML/AI\n- Thành thạo Python, TensorFlow\n- Kinh nghiệm với Computer Vision\n- Research background\n',NULL,'job','DONE',NULL,NULL,NULL),(215,'job',28,'dca924c9-846e-4d47-a37e-ca77d7e99489','Vị trí: Senior Product Manager - Fintech\nCông ty: CMC Corporation\nMức lương: 60000000\nKĩ năng yêu cầu: \nKinh nghiệm: FIVE_TO_TEN_YEARS\nĐịa điểm: Thành phố Hồ Chí Minh\nNgành nghề: Banking & Finance\nMô tả: Product Manager cho fintech app. Yêu cầu:\n- 5+ năm kinh nghiệm product management\n- Background về fintech\n- Kỹ năng phân tích data\n- Leadership skills\n',NULL,'job','DONE',NULL,NULL,NULL),(216,'job',29,'7bd9ff97-bfef-416e-8b87-97686e0d295c','Vị trí: Senior DevOps Engineer\nCông ty: CMC Corporation\nMức lương: 45000000\nKĩ năng yêu cầu: \nKinh nghiệm: THREE_TO_FIVE_YEARS\nĐịa điểm: Hà Nội\nNgành nghề: IT & Telecommunications\nMô tả: DevOps Engineer với kinh nghiệm về cloud. Yêu cầu:\n- 3+ năm kinh nghiệm DevOps\n- AWS/Azure certifications\n- Ansible, Terraform\n- Monitoring tools\n',NULL,'job','DONE',NULL,NULL,NULL),(217,'job',30,'142d9755-67d3-4cb6-b7c2-f3b8772cd740','Vị trí: Senior Data Engineer\nCông ty: MISA JSC\nMức lương: 40000000\nKĩ năng yêu cầu: \nKinh nghiệm: THREE_TO_FIVE_YEARS\nĐịa điểm: Đà Nẵng\nNgành nghề: IT & Telecommunications\nMô tả: Data Engineer với kinh nghiệm big data. Yêu cầu:\n- 4+ năm kinh nghiệm\n- Hadoop ecosystem\n- Spark, Kafka\n- SQL/NoSQL databases\n',NULL,'job','DONE',NULL,NULL,NULL),(218,'job',31,'730c06c4-e7f5-4609-8dfd-5e9733a1de73','Vị trí: Frontend React Developer\nCông ty: Sendo JSC\nMức lương: 25000000\nKĩ năng yêu cầu: \nKinh nghiệm: ONE_TO_THREE_YEARS\nĐịa điểm: Thành phố Hồ Chí Minh\nNgành nghề: IT & Telecommunications\nMô tả: Frontend Developer với React. Yêu cầu:\n- 2+ năm kinh nghiệm React\n- TypeScript\n- State management\n- Testing\n',NULL,'job','DONE',NULL,NULL,NULL),(219,'job',32,'cf34757c-b78b-42f5-94a4-c358859bed0f','Vị trí: Backend Node.js Developer\nCông ty: Lotte Data Communication Vietnam\nMức lương: 35000000\nKĩ năng yêu cầu: \nKinh nghiệm: THREE_TO_FIVE_YEARS\nĐịa điểm: Hà Nội\nNgành nghề: IT & Telecommunications\nMô tả: Backend Developer với Node.js. Yêu cầu:\n- 3+ năm kinh nghiệm Node.js\n- Express/NestJS\n- MongoDB\n- Microservices\n',NULL,'job','DONE',NULL,NULL,NULL),(220,'job',33,'48a3a5a0-fdc2-4ea7-970f-0d663c9ab6a5','Vị trí: iOS Developer\nCông ty: Lotte Data Communication Vietnam\nMức lương: 40000000\nKĩ năng yêu cầu: \nKinh nghiệm: THREE_TO_FIVE_YEARS\nĐịa điểm: Thành phố Hồ Chí Minh\nNgành nghề: IT & Telecommunications\nMô tả: Mobile App Developer (iOS). Yêu cầu:\n- 3+ năm kinh nghiệm iOS development\n- Swift, SwiftUI\n- Kinh nghiệm với Apple guidelines\n- CI/CD cho iOS apps\n',NULL,'job','DONE',NULL,NULL,NULL),(221,'job',34,'a0c3ba5a-fddb-4c15-a72d-551be7fe4d23','Vị trí: Security Engineer\nCông ty: NashTech Vietnam\nMức lương: 45000000\nKĩ năng yêu cầu: \nKinh nghiệm: THREE_TO_FIVE_YEARS\nĐịa điểm: Hà Nội\nNgành nghề: IT & Telecommunications\nMô tả: Security Engineer. Yêu cầu:\n- 4+ năm kinh nghiệm security\n- Penetration testing\n- Security compliance\n- Incident response\n',NULL,'job','DONE',NULL,NULL,NULL),(222,'job',35,'f8201f9e-d90e-4d4d-996b-c310fede061f','Vị trí: UX Researcher\nCông ty: TMA Solutions\nMức lương: 35000000\nKĩ năng yêu cầu: \nKinh nghiệm: THREE_TO_FIVE_YEARS\nĐịa điểm: Đà Nẵng\nNgành nghề: IT & Telecommunications\nMô tả: UX Researcher. Yêu cầu:\n- 3+ năm kinh nghiệm UX research\n- User testing\n- Data analysis\n- Research methodologies\n',NULL,'job','DONE',NULL,NULL,NULL),(223,'job',36,'b84f43c1-8f65-4436-9f7f-b27784d05f06','Vị trí: Technical Project Manager\nCông ty: Sendo JSC\nMức lương: 50000000\nKĩ năng yêu cầu: \nKinh nghiệm: FIVE_TO_TEN_YEARS\nĐịa điểm: Thành phố Hồ Chí Minh\nNgành nghề: IT & Telecommunications\nMô tả: Technical Project Manager. Yêu cầu:\n- 5+ năm kinh nghiệm quản lý dự án\n- Agile/Scrum certification\n- Technical background\n- Leadership skills\n',NULL,'job','DONE',NULL,NULL,NULL),(224,'job',37,'d40efb99-7217-40e6-b633-35abb55f5444','Vị trí: Senior DBA\nCông ty: Lotte Data Communication Vietnam\nMức lương: 40000000\nKĩ năng yêu cầu: \nKinh nghiệm: THREE_TO_FIVE_YEARS\nĐịa điểm: Hà Nội\nNgành nghề: IT & Telecommunications\nMô tả: Database Administrator. Yêu cầu:\n- 4+ năm kinh nghiệm DBA\n- MySQL, PostgreSQL\n- Performance tuning\n- Backup & recovery\n',NULL,'job','DONE',NULL,NULL,NULL),(225,'job',38,'fb96fa6d-08fd-466b-a1dc-df98f68bc30a','Vị trí: Senior Android Developer\nCông ty: NashTech Vietnam\nMức lương: 35000000\nKĩ năng yêu cầu: \nKinh nghiệm: THREE_TO_FIVE_YEARS\nĐịa điểm: Đà Nẵng\nNgành nghề: IT & Telecommunications\nMô tả: Android Developer. Yêu cầu:\n- 3+ năm kinh nghiệm Android\n- Kotlin\n- MVVM architecture\n- Material Design\n',NULL,'job','DONE',NULL,NULL,NULL),(226,'job',39,'ee084362-1d85-4fa7-b271-6f50ebc95b0b','Vị trí: Senior Data Scientist\nCông ty: TMA Solutions\nMức lương: 55000000\nKĩ năng yêu cầu: \nKinh nghiệm: THREE_TO_FIVE_YEARS\nĐịa điểm: Hà Nội\nNgành nghề: IT & Telecommunications\nMô tả: Data Scientist. Yêu cầu:\n- Master/PhD trong Data Science/Statistics\n- Python, R\n- Machine Learning\n- Deep Learning\n- Big Data tools\n- Research experience\n',NULL,'job','DONE',NULL,NULL,NULL),(227,'job',40,'124529cc-f1c2-4c03-819b-9c17510596c0','Vị trí: Technical Lead\nCông ty: Sendo JSC\nMức lương: 70000000\nKĩ năng yêu cầu: \nKinh nghiệm: MORE_THAN_TEN_YEARS\nĐịa điểm: Thành phố Hồ Chí Minh\nNgành nghề: IT & Telecommunications\nMô tả: Technical Lead - Microservices. Yêu cầu:\n- 7+ năm kinh nghiệm development\n- Microservices Architecture\n- System Design\n- Team Management\n- Agile/Scrum\n',NULL,'job','DONE',NULL,NULL,NULL),(228,'job',41,'b76b328b-0733-4dce-92c8-a6aa7b94e0a6','Vị trí: Digital Marketing Specialist\nCông ty: Lotte Data Communication Vietnam\nMức lương: 25000000\nKĩ năng yêu cầu: \nKinh nghiệm: THREE_TO_FIVE_YEARS\nĐịa điểm: Đà Nẵng\nNgành nghề: Banking & Finance\nMô tả: Digital Marketing Specialist. Yêu cầu:\n- 3+ năm kinh nghiệm digital marketing\n- Google Ads, Facebook Ads\n- SEO/SEM\n- Analytics\n- Content Strategy\n',NULL,'job','DONE',NULL,NULL,NULL),(229,'job',42,'49a4297c-0491-48de-9b4f-84f38177af70','Vị trí: BI Analyst\nCông ty: NashTech Vietnam\nMức lương: 40000000\nKĩ năng yêu cầu: \nKinh nghiệm: THREE_TO_FIVE_YEARS\nĐịa điểm: Hà Nội\nNgành nghề: IT & Telecommunications\nMô tả: Business Intelligence Analyst. Yêu cầu:\n- 4+ năm kinh nghiệm BI\n- SQL\n- Power BI/Tableau\n- Data Warehousing\n- Statistical Analysis\n',NULL,'job','DONE',NULL,NULL,NULL),(230,'job',43,'bc34ed88-4491-4e81-9aea-c96dae560472','Vị trí: Senior SRE\nCông ty: TMA Solutions\nMức lương: 60000000\nKĩ năng yêu cầu: \nKinh nghiệm: FIVE_TO_TEN_YEARS\nĐịa điểm: Thành phố Hồ Chí Minh\nNgành nghề: IT & Telecommunications\nMô tả: Site Reliability Engineer. Yêu cầu:\n- 5+ năm kinh nghiệm DevOps/SRE\n- Cloud Platforms (AWS/GCP)\n- Infrastructure as Code\n- Monitoring & Alerting\n- Performance Optimization\n',NULL,'job','DONE',NULL,NULL,NULL),(231,'job',44,'13a0cc55-c49c-4f30-9259-b567e7c09a1a','Vị trí: Solution Architect\nCông ty: Sendo JSC\nMức lương: 80000000\nKĩ năng yêu cầu: \nKinh nghiệm: MORE_THAN_TEN_YEARS\nĐịa điểm: Hà Nội\nNgành nghề: IT & Telecommunications\nMô tả: Solution Architect. Yêu cầu:\n- 8+ năm kinh nghiệm development\n- System Architecture\n- Cloud Solutions\n- Enterprise Integration\n- Technical Leadership\n',NULL,'job','DONE',NULL,NULL,NULL),(232,'job',45,'ffdb9645-1be4-4a7e-b2cd-930c190baf49','Vị trí: Senior Product Designer\nCông ty: TMA Solutions\nMức lương: 35000000\nKĩ năng yêu cầu: \nKinh nghiệm: THREE_TO_FIVE_YEARS\nĐịa điểm: Đà Nẵng\nNgành nghề: IT & Telecommunications\nMô tả: Product Designer. Yêu cầu:\n- 4+ năm kinh nghiệm product design\n- UI/UX Design\n- Design Systems\n- User Research\n- Prototyping Tools\n',NULL,'job','DONE',NULL,NULL,NULL),(233,'job',46,'92f52b24-dd6f-4f93-b7ce-785e956a5407','Vị trí: InfoSec Manager\nCông ty: NashTech Vietnam\nMức lương: 70000000\nKĩ năng yêu cầu: \nKinh nghiệm: FIVE_TO_TEN_YEARS\nĐịa điểm: Thành phố Hồ Chí Minh\nNgành nghề: IT & Telecommunications\nMô tả: Information Security Manager. Yêu cầu:\n- 7+ năm kinh nghiệm security\n- Security Frameworks\n- Risk Management\n- Team Leadership\n- Security Certifications\n',NULL,'job','DONE',NULL,NULL,NULL),(234,'job',47,'bbc77285-39ae-4c43-bdd7-bc2759352711','Vị trí: AI Research Engineer\nCông ty: Lotte Data Communication Vietnam\nMức lương: 65000000\nKĩ năng yêu cầu: \nKinh nghiệm: FIVE_TO_TEN_YEARS\nĐịa điểm: Hà Nội\nNgành nghề: IT & Telecommunications\nMô tả: AI Research Engineer. Yêu cầu:\n- PhD in AI/ML\n- Deep Learning\n- Computer Vision\n- NLP\n- Research Publications\n',NULL,'job','DONE',NULL,NULL,NULL),(235,'job',48,'85f35678-75a1-4863-9423-e24e3e58d331','Vị trí: Senior Embedded Engineer\nCông ty: Sendo JSC\nMức lương: 45000000\nKĩ năng yêu cầu: \nKinh nghiệm: FIVE_TO_TEN_YEARS\nĐịa điểm: Đà Nẵng\nNgành nghề: IT & Telecommunications\nMô tả: Embedded Systems Engineer. Yêu cầu:\n- 5+ năm kinh nghiệm embedded systems\n- C/C++\n- RTOS\n- Hardware Interfaces\n- IoT Protocols\n',NULL,'job','DONE',NULL,NULL,NULL),(236,'job',53,'6206ddc2-71a3-481b-9289-199256d4b735','Vị trí: Tuyển dụng Senior Java Backend Developer\nCông ty: Công ty TNHH Phần mềm Alpha (Alpha Software Solutions)\nMức lương: 15000000\nKĩ năng yêu cầu: \nKinh nghiệm: ONE_TO_THREE_YEARS\nĐịa điểm: Thành phố Hồ Chí Minh\nNgành nghề: IT & Telecommunications\nMô tả: Thiết kế, phát triển và duy trì các dịch vụ backend hiệu suất cao bằng Java/Spring Boot.\n\nTham gia vào việc đánh giá và tối ưu hóa kiến trúc Microservices, đảm bảo khả năng mở rộng (scalability) và độ tin cậy của hệ thống.\n\nLàm việc với các hệ thống cơ sở dữ liệu (PostgreSQL/MongoDB) và các giải pháp Caching (Redis).\n\nĐảm bảo chất lượng mã thông qua Code Review, viết Unit Test và Integration Test.\n\nHợp tác chặt chẽ với đội ngũ DevOps để triển khai ứng dụng sử dụng Docker và Kubernetes.\n',NULL,'job','DONE',NULL,NULL,NULL),(237,'job',5,'5751982a-dc03-46a9-b3e5-72e49bf7082c','Vị trí: Tuyển QA Engineer (Manual & Automation Testing)\nCông ty: Ngân Hàng TMCP Công Thương Việt Nam (VietinBank)\nMức lương: 15000000\nKĩ năng yêu cầu: Giao tiếp\nKinh nghiệm: ONE_TO_THREE_YEARS\nĐịa điểm: Thành phố Hà Nội\nNgành nghề: IT & Telecommunications\nMô tả: Mô tả công việc:\n- Lập kế hoạch và thực hiện kiểm thử phần mềm\n- Viết test cases và test scenarios\n- Thực hiện automation test với Selenium/Cypress\n- Báo cáo và theo dõi bugs\n\nYêu cầu:\n- 2+ năm kinh nghiệm QA\n- Kinh nghiệm với Selenium hoặc Cypress\n- Hiểu biết về quy trình Agile/Scrum\n- Kỹ năng viết tài liệu tốt\n- Tiếng Anh đọc hiểu tốt\n\nQuyền lợi:\n- Mức lương: 15-25 triệu\n- Thưởng project\n- Bảo hiểm theo luật\n- Đào tạo chuyên môn\n- Teambuilding hàng quý\n',NULL,'job','DONE',NULL,NULL,NULL),(238,'job',53,'a9883ef2-4d6a-41b7-9f45-b9aa047383f6','Vị trí: Tuyển dụng Senior Java Backend Developer\nCông ty: Công ty TNHH Phần mềm Alpha (Alpha Software Solutions)\nMức lương: 15000000\nKĩ năng yêu cầu: \nKinh nghiệm: ONE_TO_THREE_YEARS\nĐịa điểm: Thành phố Hồ Chí Minh\nNgành nghề: IT & Telecommunications\nMô tả: Thiết kế, phát triển và duy trì các dịch vụ backend hiệu suất cao bằng Java/Spring Boot.\n\nTham gia vào việc đánh giá và tối ưu hóa kiến trúc Microservices, đảm bảo khả năng mở rộng (scalability) và độ tin cậy của hệ thống.\n\nLàm việc với các hệ thống cơ sở dữ liệu (PostgreSQL/MongoDB) và các giải pháp Caching (Redis).\n\nĐảm bảo chất lượng mã thông qua Code Review, viết Unit Test và Integration Test.\n\nHợp tác chặt chẽ với đội ngũ DevOps để triển khai ứng dụng sử dụng Docker và Kubernetes.\n',NULL,'job','DONE',NULL,NULL,NULL),(239,'job',1,'ec5e9735-9eef-48ed-b155-fb60e66d6a0e','Vị trí: Nhân Viên Kỹ Thuật FPT Telecom - Q. Tân Bình\nCông ty: FPT Telecom\nMức lương: 10000000\nKĩ năng yêu cầu: Làm việc nhóm, Quản lý thời gian\nKinh nghiệm: ONE_TO_THREE_YEARS\nĐịa điểm: Thành phố Hồ Chí Minh\nNgành nghề: IT & Telecommunications\nMô tả: - Bảo trì, khắc phục lỗi kỹ thuật liên quan đến dịch vụ Internet, dịch vụ truyền hình FPT và các dịch vụ viễn thông tại nhà khách hàng.\n\n- Triển khai nâng cấp dịch vụ truyền hình FPT, hệ thống Wifi, Camera và các dịch vụ gia tăng khác trên đường truyền Internet tại nhà khách hàng.\n\n- Ghi nhận phản hồi trực tiếp từ khách hàng, phối hợp với các bộ phận liên quan trong việc nâng cao chất lượng dịch vụ của công ty.\n\n- Tư vấn, hướng dẫn sử dụng và cài đặt các dịch vụ đi kèm do FPT Telecom cung cấp cho khách hàng (Truyền hình FPT, Camera, thiết bị wifi...).\n\n- Hỗ trợ kỹ thuật tại nhà khách hàng.\n',NULL,'job','DONE',NULL,NULL,NULL),(240,'job',2,'a3748c6f-73be-4056-8d12-c63435c735c7','Vị trí: Chuyên Viên Kinh Doanh Kênh Phân Phối B2C\nCông ty: FPT Telecom\nMức lương: 20000000\nKĩ năng yêu cầu: Làm việc nhóm, Thuyết trình\nKinh nghiệm: ONE_TO_THREE_YEARS\nĐịa điểm: Thành phố Hồ Chí Minh\nNgành nghề: IT & Telecommunications\nMô tả: - Sản phẩm kinh doanh chính: FPT Smart Home, FPT Camera\n- Tìm kiếm các đơn vị để phân phối các sản phẩm FPT Smart Home, FPT Camera\n- Mở rộng kênh bán hàng tại khu vực TP. Hồ Chí Minh\n- Tổ chức Workshop, bán hàng cùng Brandshop, Nhà phân phối, Đại lý\n- Tìm kiếm các đơn vị nhượng quyền của FPT Smart Home để bán hàng FPT Smart Home\n- Mở rộng đại lý cấp 2 cho các Brandshop/Nhà phân phối đang hỗ trợ\n- Mở rộng các đối tác từ kênh bán hàng: Xây dựng, camera, nội thất, vật liệu xây dựng, nhà bếp, cửa cổng, thầu xây dựng, ...\n- Làm việc tại: 336 Huỳnh Tấn Phát, Quận 7, TPHCM.\n',NULL,'job','DONE',NULL,NULL,NULL),(241,'job',3,'0c249d69-7b66-420e-87b6-213889ad4c60','Vị trí: Tuyển dụng Frontend Developer (React.js)\nCông ty: FPT Telecom\nMức lương: 15000000\nKĩ năng yêu cầu: Giao tiếp\nKinh nghiệm: ONE_TO_THREE_YEARS\nĐịa điểm: Thành phố Hà Nội\nNgành nghề: IT & Telecommunications\nMô tả: - Phát triển và duy trì các ứng dụng web sử dụng React.js\n- Tối ưu hóa hiệu suất và trải nghiệm người dùng\n- Làm việc với REST APIs và các công nghệ frontend hiện đại\n- Tham gia vào quá trình thiết kế và phát triển sản phẩm\n',NULL,'job','DONE',NULL,NULL,NULL),(242,'job',4,'a77c4f09-cc6d-4fe5-8554-45f21ac30614','Vị trí: Tuyển Business Analyst (BA)\nCông ty: FPT Telecom\nMức lương: 22000000\nKĩ năng yêu cầu: Tư duy phản biện\nKinh nghiệm: THREE_TO_FIVE_YEARS\nĐịa điểm: Thành phố Hà Nội\nNgành nghề: IT & Telecommunications\nMô tả: Mô tả công việc:\n- Phân tích và đề xuất giải pháp nghiệp vụ\n- Làm việc với stakeholders để thu thập yêu cầu\n- Viết tài liệu đặc tả kỹ thuật\n- Hỗ trợ team phát triển trong quá trình implement\n\nYêu cầu:\n- Tốt nghiệp đại học chuyên ngành CNTT/Kinh tế\n- 2-3 năm kinh nghiệm vị trí BA\n- Kỹ năng phân tích và giải quyết vấn đề tốt\n- Tiếng Anh giao tiếp tốt\n- Ưu tiên có kinh nghiệm trong lĩnh vực Fintech\n\nQuyền lợi:\n- Mức lương: 20-35 triệu\n- Review lương 2 lần/năm\n- Bảo hiểm sức khỏe cao cấp\n- Đào tạo chuyên môn\n- Làm việc từ xa 2 ngày/tuần\n',NULL,'job','DONE',NULL,NULL,NULL),(243,'job',5,'c156f5da-c4f4-4df9-8f5d-edb13771cc8b','Vị trí: Tuyển QA Engineer (Manual & Automation Testing)\nCông ty: Ngân Hàng TMCP Công Thương Việt Nam (VietinBank)\nMức lương: 15000000\nKĩ năng yêu cầu: Giao tiếp\nKinh nghiệm: ONE_TO_THREE_YEARS\nĐịa điểm: Thành phố Hà Nội\nNgành nghề: IT & Telecommunications\nMô tả: Mô tả công việc:\n- Lập kế hoạch và thực hiện kiểm thử phần mềm\n- Viết test cases và test scenarios\n- Thực hiện automation test với Selenium/Cypress\n- Báo cáo và theo dõi bugs\n\nYêu cầu:\n- 2+ năm kinh nghiệm QA\n- Kinh nghiệm với Selenium hoặc Cypress\n- Hiểu biết về quy trình Agile/Scrum\n- Kỹ năng viết tài liệu tốt\n- Tiếng Anh đọc hiểu tốt\n\nQuyền lợi:\n- Mức lương: 15-25 triệu\n- Thưởng project\n- Bảo hiểm theo luật\n- Đào tạo chuyên môn\n- Teambuilding hàng quý\n',NULL,'job','DONE',NULL,NULL,NULL),(244,'job',6,'e380d39d-d2df-41b3-a397-65799a8d266a','Vị trí: Business Analyst (BA) - Fintech\nCông ty: Ngân Hàng TMCP Công Thương Việt Nam (VietinBank)\nMức lương: 30000000\nKĩ năng yêu cầu: Quản lý thời gian\nKinh nghiệm: ONE_TO_THREE_YEARS\nĐịa điểm: Thành phố Hà Nội\nNgành nghề: IT & Telecommunications\nMô tả: Mô tả công việc:\n- Phân tích và đề xuất giải pháp nghiệp vụ cho các dự án Fintech\n- Thu thập yêu cầu từ stakeholders và chuyển thành tài liệu kỹ thuật\n- Làm việc với team phát triển để đảm bảo triển khai đúng yêu cầu\n- Quản lý và theo dõi tiến độ dự án\n\nYêu cầu:\n- Tốt nghiệp đại học chuyên ngành CNTT/Kinh tế\n- 2-3 năm kinh nghiệm vị trí BA\n- Hiểu biết về quy trình phát triển phần mềm Agile/Scrum\n- Kỹ năng phân tích và giải quyết vấn đề tốt\n- Tiếng Anh giao tiếp tốt\n\nQuyền lợi:\n- Mức lương hấp dẫn theo năng lực\n- Review lương 2 lần/năm\n- Được đào tạo chuyên môn\n- Chế độ bảo hiểm đầy đủ\n- Môi trường làm việc chuyên nghiệp\n',NULL,'job','DONE',NULL,NULL,NULL),(245,'job',7,'f0fc44a6-f8e2-4c76-b02c-67dfb9d44d5e','Vị trí: Senior Java Developer (Spring Boot)\nCông ty: Ngân Hàng TMCP Công Thương Việt Nam (VietinBank)\nMức lương: 40000000\nKĩ năng yêu cầu: Làm việc nhóm, Quản lý thời gian\nKinh nghiệm: THREE_TO_FIVE_YEARS\nĐịa điểm: Thành phố Hà Nội\nNgành nghề: IT & Telecommunications\nMô tả: Mô tả công việc:\n- Phát triển và tối ưu hóa các ứng dụng backend sử dụng Java/Spring Boot\n- Thiết kế và xây dựng RESTful APIs\n- Làm việc với cơ sở dữ liệu SQL và NoSQL\n- Tham gia vào quá trình review code và mentoring\n\nYêu cầu:\n- 4+ năm kinh nghiệm phát triển Java\n- Thành thạo Spring Framework, Spring Boot, Spring Security\n- Kinh nghiệm với MySQL, MongoDB, Redis\n- Hiểu biết về microservices architecture\n- Kỹ năng debug và xử lý vấn đề tốt\n\nQuyền lợi:\n- Mức lương: 35-50 triệu (theo năng lực)\n- 13 tháng lương + thưởng dự án\n- Bảo hiểm sức khỏe cao cấp\n- Chế độ nghỉ phép linh hoạt\n- Cơ hội thăng tiến rõ ràng\n',NULL,'job','DONE',NULL,NULL,NULL),(246,'job',8,'9f36c51d-68b1-4c4f-ad4a-82d5ed7d9e8b','Vị trí: UI/UX Designer (Fintech/Banking)\nCông ty: Ngân Hàng TMCP Công Thương Việt Nam (VietinBank)\nMức lương: 25000000\nKĩ năng yêu cầu: Giải quyết vấn đề\nKinh nghiệm: ONE_TO_THREE_YEARS\nĐịa điểm: Thành phố Hà Nội\nNgành nghề: IT & Telecommunications\nMô tả: Mô tả công việc:\n- Thiết kế giao diện người dùng cho các ứng dụng web và mobile\n- Tạo wireframes, prototypes và thiết kế chi tiết\n- Thực hiện nghiên cứu người dùng và phân tích UX\n- Làm việc chặt chẽ với team product và development\n\nYêu cầu:\n- 3+ năm kinh nghiệm UI/UX Design\n- Thành thạo Figma, Adobe XD\n- Portfolio thể hiện các dự án đã thực hiện\n- Hiểu biết về design system và design principles\n- Kinh nghiệm trong lĩnh vực Fintech là một lợi thế\n\nQuyền lợi:\n- Mức lương cạnh tranh theo năng lực\n- Được trang bị MacBook Pro và các công cụ design\n- Bảo hiểm sức khỏe cho nhân viên và người thân\n- Nghỉ phép 12 ngày/năm\n- Môi trường làm việc sáng tạo\n',NULL,'job','DONE',NULL,NULL,NULL),(247,'job',9,'2bd78828-7a5e-40fd-8d3e-99f6b6bea2ca','Vị trí: Senior Frontend Developer (ReactJS)\nCông ty: CÔNG TY CỔ PHẦN CÔNG NGHỆ THỰC PHẨM CHÂU Á (AFOTECH)\nMức lương: 15000000\nKĩ năng yêu cầu: Làm việc nhóm\nKinh nghiệm: THREE_TO_FIVE_YEARS\nĐịa điểm: Thành phố Hà Nội\nNgành nghề: IT & Telecommunications\nMô tả: Mô tả: \n- Phát triển và duy trì các ứng dụng web sử dụng ReactJS\n- Tối ưu hóa hiệu suất và trải nghiệm người dùng\n- Code review và mentoring cho các thành viên junior\n- Làm việc với các API và tích hợp backend\n\nYêu cầu:\n- 3+ năm kinh nghiệm với ReactJS\n- Thành thạo JavaScript/TypeScript, HTML5, CSS3\n- Kinh nghiệm với Redux, React Router\n- Hiểu biết về RESTful APIs\n- Kỹ năng tối ưu hóa hiệu suất website\n\nQuyền lợi:\n- Lương: 30-45 triệu\n- Review lương 2 lần/năm\n- Bảo hiểm full package\n- 12 ngày phép/năm\n- Thưởng dự án, thưởng năm\n',NULL,'job','DONE',NULL,NULL,NULL),(248,'job',10,'29462d4c-9b0e-42d4-a8ce-b91e39afb068','Vị trí: QA Engineer (Manual & Automation Testing)\nCông ty: CÔNG TY CỔ PHẦN CÔNG NGHỆ THỰC PHẨM CHÂU Á (AFOTECH)\nMức lương: 15200000\nKĩ năng yêu cầu: Làm việc nhóm, Tư duy phản biện, Thuyết trình\nKinh nghiệm: ONE_TO_THREE_YEARS\nĐịa điểm: Thành phố Hà Nội\nNgành nghề: IT & Telecommunications\nMô tả: Mô tả:\n- Lập kế hoạch và thực hiện kiểm thử phần mềm\n- Viết test cases và test scenarios\n- Thực hiện automation test với Selenium/Cypress\n- Báo cáo và theo dõi bugs\n\nYêu cầu:\n- 2+ năm kinh nghiệm QA\n- Kinh nghiệm với Selenium/Cypress\n- Kiến thức về quy trình Agile/Scrum\n- Kỹ năng viết tài liệu test tốt\n\nQuyền lợi:\n- Lương: 18-25 triệu\n- Môi trường chuyên nghiệp\n- Cơ hội học hỏi công nghệ mới\n- Chế độ phúc lợi đầy đủ\n',NULL,'job','DONE',NULL,NULL,NULL),(249,'job',11,'0961515d-272e-48f7-b4e3-d727204ba491','Vị trí: Digital Marketing Manager\nCông ty: CÔNG TY CỔ PHẦN CÔNG NGHỆ THỰC PHẨM CHÂU Á (AFOTECH)\nMức lương: 20000000\nKĩ năng yêu cầu: Làm việc nhóm, Giao tiếp, Giải quyết vấn đề, Tư duy phản biện\nKinh nghiệm: THREE_TO_FIVE_YEARS\nĐịa điểm: Thành phố Hà Nội\nNgành nghề: Banking & Finance\nMô tả: Mô tả:\n- Xây dựng và triển khai chiến lược marketing online\n- Quản lý các chiến dịch quảng cáo Facebook, Google Ads\n- Phân tích data và tối ưu hiệu quả marketing\n- Quản lý team marketing và ngân sách\n\nYêu cầu:\n- 3+ năm kinh nghiệm Digital Marketing\n- Thành thạo Facebook Ads, Google Ads\n- Kỹ năng phân tích data marketing\n- Khả năng quản lý dự án và team\n- Tiếng Anh tốt\n\nQuyền lợi:\n- Lương: 25-35 triệu\n- Thưởng theo doanh số\n- Môi trường năng động, sáng tạo\n- Đào tạo chuyên sâu\n- Bảo hiểm sức khỏe cho nhân viên và người thân\n',NULL,'job','DONE',NULL,NULL,NULL),(250,'job',16,'60bf05ce-98fe-4325-9ae0-192ea40af9dd','Vị trí: Senior Full Stack Developer\nCông ty: CÔNG TY CỔ PHẦN TẬP ĐOÀN KIM TÍN\nMức lương: 35000000\nKĩ năng yêu cầu: Làm việc nhóm, Giải quyết vấn đề\nKinh nghiệm: THREE_TO_FIVE_YEARS\nĐịa điểm: Thành phố Hồ Chí Minh\nNgành nghề: IT & Telecommunications\nMô tả: Chúng tôi đang tìm kiếm Senior Full Stack Developer với kinh nghiệm:\n- Thành thạo Java Spring Boot và ReactJS\n- Có ít nhất 5 năm kinh nghiệm phát triển web\n- Có kinh nghiệm với microservices và cloud platforms\n- Kỹ năng tối ưu hiệu suất và bảo mật ứng dụng\n',NULL,'job','DONE',NULL,NULL,NULL),(251,'job',17,'99ff8521-3dcc-46c7-9bd4-5ccfe5afcea8','Vị trí: Chuyên viên Phân tích Tài chính\nCông ty: CÔNG TY CỔ PHẦN TẬP ĐOÀN KIM TÍN\nMức lương: 15000000\nKĩ năng yêu cầu: Đàm phán\nKinh nghiệm: ONE_TO_THREE_YEARS\nĐịa điểm: Thành phố Hồ Chí Minh\nNgành nghề: Banking & Finance\nMô tả: Yêu cầu:\n- Tốt nghiệp Tài chính/Kế toán/Kinh tế\n- 3 năm kinh nghiệm phân tích tài chính\n- Thành thạo Excel và các công cụ phân tích\n- Chứng chỉ CFA là một lợi thế\n',NULL,'job','DONE',NULL,NULL,NULL),(252,'job',18,'178d90be-7e12-49f3-a4c2-1bb68f27cb04','Vị trí: Chuyên viên Phát triển Chương trình Đào tạo\nCông ty: CÔNG TY CỔ PHẦN TẬP ĐOÀN KIM TÍN\nMức lương: 10000000\nKĩ năng yêu cầu: Làm việc nhóm, Tư duy phản biện\nKinh nghiệm: ONE_TO_THREE_YEARS\nĐịa điểm: Thành phố Hồ Chí Minh\nNgành nghề: Education & Training\nMô tả: Mô tả công việc:\n- Thiết kế và phát triển giáo trình\n- Đánh giá hiệu quả đào tạo\n- Cập nhật nội dung theo xu hướng mới\n- Yêu cầu: Kinh nghiệm trong giáo dục 3 năm\n',NULL,'job','DONE',NULL,NULL,NULL),(253,'job',21,'b1cd328f-f6f5-44f5-86eb-0d9a9dddff67','Vị trí: Senior Java Developer\nCông ty: CÔNG TY CỔ PHẦN TẬP ĐOÀN KIM TÍN\nMức lương: 25000000\nKĩ năng yêu cầu: \nKinh nghiệm: NO_EXPERIENCE\nĐịa điểm: Thành phố Hồ Chí Minh\nNgành nghề: IT & Telecommunications\nMô tả: Chúng tôi đang tìm kiếm một Senior Java Developer có kinh nghiệm\n',NULL,'job','DONE',NULL,NULL,NULL),(254,'job',22,'57d03cd1-61ca-4f25-9368-a1c5847aa82e','Vị trí: Senior Java Developer123\nCông ty: CÔNG TY CỔ PHẦN TẬP ĐOÀN KIM TÍN\nMức lương: 25000000\nKĩ năng yêu cầu: \nKinh nghiệm: NO_EXPERIENCE\nĐịa điểm: Thành phố Hồ Chí Minh\nNgành nghề: IT & Telecommunications\nMô tả: Chúng tôi đang tìm kiếm một Senior Java Developer có kinh nghiệm\n',NULL,'job','DONE',NULL,NULL,NULL),(255,'job',23,'93742165-c83f-4737-9fb8-ac9fb14bcb68','Vị trí: React Native Developer\nCông ty: CÔNG TY CỔ PHẦN TẬP ĐOÀN KIM TÍN\nMức lương: 25000000\nKĩ năng yêu cầu: \nKinh nghiệm: ONE_TO_THREE_YEARS\nĐịa điểm: Thành phố Hồ Chí Minh\nNgành nghề: IT & Telecommunications\nMô tả: Phát triển ứng dụng mobile sử dụng React Native. Yêu cầu:\n- 2+ năm kinh nghiệm React Native\n- Thành thạo JavaScript/TypeScript\n- Kinh nghiệm với Redux, React Navigation\n- Hiểu biết về native modules\n',NULL,'job','DONE',NULL,NULL,NULL),(256,'job',24,'76e0b9a3-8126-4957-bdcf-431b8e3b0e0b','Vị trí: Cloud Solutions Architect\nCông ty: CÔNG TY CỔ PHẦN TẬP ĐOÀN KIM TÍN\nMức lương: 45000000\nKĩ năng yêu cầu: \nKinh nghiệm: THREE_TO_FIVE_YEARS\nĐịa điểm: Hà Nội\nNgành nghề: IT & Telecommunications\nMô tả: Phát triển và quản lý hệ thống cloud. Yêu cầu:\n- 3+ năm kinh nghiệm AWS\n- Chứng chỉ AWS Solutions Architect\n- Kinh nghiệm với Docker, Kubernetes\n- CI/CD pipeline\n',NULL,'job','DONE',NULL,NULL,NULL),(257,'job',25,'f209ec2b-2bf8-4ba4-a047-1726d066325a','Vị trí: Blockchain Developer\nCông ty: CÔNG TY CỔ PHẦN TẬP ĐOÀN KIM TÍN\nMức lương: 35000000\nKĩ năng yêu cầu: \nKinh nghiệm: ONE_TO_THREE_YEARS\nĐịa điểm: Đà Nẵng\nNgành nghề: IT & Telecommunications\nMô tả: Phát triển ứng dụng blockchain. Yêu cầu:\n- 2+ năm kinh nghiệm Solidity\n- Hiểu biết về Smart Contracts\n- Kinh nghiệm với Web3.js\n- Background về cryptography\n',NULL,'job','DONE',NULL,NULL,NULL),(258,'job',26,'22a27a96-5aa5-4a9e-b7fa-3720b174f3ac','Vị trí: Unity Game Developer\nCông ty: Vingroup JSC\nMức lương: 40000000\nKĩ năng yêu cầu: \nKinh nghiệm: THREE_TO_FIVE_YEARS\nĐịa điểm: Thành phố Hồ Chí Minh\nNgành nghề: IT & Telecommunications\nMô tả: Phát triển game Unity. Yêu cầu:\n- 3+ năm kinh nghiệm Unity\n- Thành thạo C#\n- Kinh nghiệm với 3D modeling\n- Portfolio các game đã phát triển\n',NULL,'job','DONE',NULL,NULL,NULL),(259,'job',27,'a202f7f9-e879-407f-afa7-5aef60974ccd','Vị trí: Machine Learning Engineer\nCông ty: Vingroup JSC\nMức lương: 50000000\nKĩ năng yêu cầu: \nKinh nghiệm: THREE_TO_FIVE_YEARS\nĐịa điểm: Hà Nội\nNgành nghề: IT & Telecommunications\nMô tả: Phát triển ML/AI. Yêu cầu:\n- Master/PhD trong ML/AI\n- Thành thạo Python, TensorFlow\n- Kinh nghiệm với Computer Vision\n- Research background\n',NULL,'job','DONE',NULL,NULL,NULL),(260,'job',28,'4d45ebeb-0508-4e0d-9772-cd2dd9af77da','Vị trí: Senior Product Manager - Fintech\nCông ty: CMC Corporation\nMức lương: 60000000\nKĩ năng yêu cầu: \nKinh nghiệm: FIVE_TO_TEN_YEARS\nĐịa điểm: Thành phố Hồ Chí Minh\nNgành nghề: Banking & Finance\nMô tả: Product Manager cho fintech app. Yêu cầu:\n- 5+ năm kinh nghiệm product management\n- Background về fintech\n- Kỹ năng phân tích data\n- Leadership skills\n',NULL,'job','DONE',NULL,NULL,NULL),(261,'job',29,'1b611834-0f52-4d9c-95dd-ffc09df095a6','Vị trí: Senior DevOps Engineer\nCông ty: CMC Corporation\nMức lương: 45000000\nKĩ năng yêu cầu: \nKinh nghiệm: THREE_TO_FIVE_YEARS\nĐịa điểm: Hà Nội\nNgành nghề: IT & Telecommunications\nMô tả: DevOps Engineer với kinh nghiệm về cloud. Yêu cầu:\n- 3+ năm kinh nghiệm DevOps\n- AWS/Azure certifications\n- Ansible, Terraform\n- Monitoring tools\n',NULL,'job','DONE',NULL,NULL,NULL),(262,'job',30,'681400e9-1c2e-4eba-a66e-0d4cd8ba9cb4','Vị trí: Senior Data Engineer\nCông ty: MISA JSC\nMức lương: 40000000\nKĩ năng yêu cầu: \nKinh nghiệm: THREE_TO_FIVE_YEARS\nĐịa điểm: Đà Nẵng\nNgành nghề: IT & Telecommunications\nMô tả: Data Engineer với kinh nghiệm big data. Yêu cầu:\n- 4+ năm kinh nghiệm\n- Hadoop ecosystem\n- Spark, Kafka\n- SQL/NoSQL databases\n',NULL,'job','DONE',NULL,NULL,NULL),(263,'job',31,'45c9465b-80ab-4315-a936-c6fc1985aef5','Vị trí: Frontend React Developer\nCông ty: Sendo JSC\nMức lương: 25000000\nKĩ năng yêu cầu: \nKinh nghiệm: ONE_TO_THREE_YEARS\nĐịa điểm: Thành phố Hồ Chí Minh\nNgành nghề: IT & Telecommunications\nMô tả: Frontend Developer với React. Yêu cầu:\n- 2+ năm kinh nghiệm React\n- TypeScript\n- State management\n- Testing\n',NULL,'job','DONE',NULL,NULL,NULL),(264,'job',32,'9eec45d2-b8aa-40fc-a1b8-120f7f0490d6','Vị trí: Backend Node.js Developer\nCông ty: Lotte Data Communication Vietnam\nMức lương: 35000000\nKĩ năng yêu cầu: \nKinh nghiệm: THREE_TO_FIVE_YEARS\nĐịa điểm: Hà Nội\nNgành nghề: IT & Telecommunications\nMô tả: Backend Developer với Node.js. Yêu cầu:\n- 3+ năm kinh nghiệm Node.js\n- Express/NestJS\n- MongoDB\n- Microservices\n',NULL,'job','DONE',NULL,NULL,NULL),(265,'job',33,'b88431c7-dd02-4857-a855-c36e9316bb3c','Vị trí: iOS Developer\nCông ty: Lotte Data Communication Vietnam\nMức lương: 40000000\nKĩ năng yêu cầu: \nKinh nghiệm: THREE_TO_FIVE_YEARS\nĐịa điểm: Thành phố Hồ Chí Minh\nNgành nghề: IT & Telecommunications\nMô tả: Mobile App Developer (iOS). Yêu cầu:\n- 3+ năm kinh nghiệm iOS development\n- Swift, SwiftUI\n- Kinh nghiệm với Apple guidelines\n- CI/CD cho iOS apps\n',NULL,'job','DONE',NULL,NULL,NULL),(266,'job',34,'52d8bd35-1497-49db-bc9a-7ef45631b3ea','Vị trí: Security Engineer\nCông ty: NashTech Vietnam\nMức lương: 45000000\nKĩ năng yêu cầu: \nKinh nghiệm: THREE_TO_FIVE_YEARS\nĐịa điểm: Hà Nội\nNgành nghề: IT & Telecommunications\nMô tả: Security Engineer. Yêu cầu:\n- 4+ năm kinh nghiệm security\n- Penetration testing\n- Security compliance\n- Incident response\n',NULL,'job','DONE',NULL,NULL,NULL),(267,'job',35,'3b8b0b1d-d9f6-4f19-8f70-395deceebb00','Vị trí: UX Researcher\nCông ty: TMA Solutions\nMức lương: 35000000\nKĩ năng yêu cầu: \nKinh nghiệm: THREE_TO_FIVE_YEARS\nĐịa điểm: Đà Nẵng\nNgành nghề: IT & Telecommunications\nMô tả: UX Researcher. Yêu cầu:\n- 3+ năm kinh nghiệm UX research\n- User testing\n- Data analysis\n- Research methodologies\n',NULL,'job','DONE',NULL,NULL,NULL),(268,'job',36,'0d6567dd-fde6-4eb7-beda-8989ec95de9a','Vị trí: Technical Project Manager\nCông ty: Sendo JSC\nMức lương: 50000000\nKĩ năng yêu cầu: \nKinh nghiệm: FIVE_TO_TEN_YEARS\nĐịa điểm: Thành phố Hồ Chí Minh\nNgành nghề: IT & Telecommunications\nMô tả: Technical Project Manager. Yêu cầu:\n- 5+ năm kinh nghiệm quản lý dự án\n- Agile/Scrum certification\n- Technical background\n- Leadership skills\n',NULL,'job','DONE',NULL,NULL,NULL),(269,'job',37,'f1c70c00-de79-4a3e-92d5-ef8c1faba998','Vị trí: Senior DBA\nCông ty: Lotte Data Communication Vietnam\nMức lương: 40000000\nKĩ năng yêu cầu: \nKinh nghiệm: THREE_TO_FIVE_YEARS\nĐịa điểm: Hà Nội\nNgành nghề: IT & Telecommunications\nMô tả: Database Administrator. Yêu cầu:\n- 4+ năm kinh nghiệm DBA\n- MySQL, PostgreSQL\n- Performance tuning\n- Backup & recovery\n',NULL,'job','DONE',NULL,NULL,NULL),(270,'job',38,'2fe77624-53a4-473c-b6f6-f6c21aba227a','Vị trí: Senior Android Developer\nCông ty: NashTech Vietnam\nMức lương: 35000000\nKĩ năng yêu cầu: \nKinh nghiệm: THREE_TO_FIVE_YEARS\nĐịa điểm: Đà Nẵng\nNgành nghề: IT & Telecommunications\nMô tả: Android Developer. Yêu cầu:\n- 3+ năm kinh nghiệm Android\n- Kotlin\n- MVVM architecture\n- Material Design\n',NULL,'job','DONE',NULL,NULL,NULL),(271,'job',39,'147d16e0-cc5d-4802-8bbe-cf740f239436','Vị trí: Senior Data Scientist\nCông ty: TMA Solutions\nMức lương: 55000000\nKĩ năng yêu cầu: \nKinh nghiệm: THREE_TO_FIVE_YEARS\nĐịa điểm: Hà Nội\nNgành nghề: IT & Telecommunications\nMô tả: Data Scientist. Yêu cầu:\n- Master/PhD trong Data Science/Statistics\n- Python, R\n- Machine Learning\n- Deep Learning\n- Big Data tools\n- Research experience\n',NULL,'job','DONE',NULL,NULL,NULL),(272,'job',40,'1cf32db8-8a78-48d2-add9-5640bb929532','Vị trí: Technical Lead\nCông ty: Sendo JSC\nMức lương: 70000000\nKĩ năng yêu cầu: \nKinh nghiệm: MORE_THAN_TEN_YEARS\nĐịa điểm: Thành phố Hồ Chí Minh\nNgành nghề: IT & Telecommunications\nMô tả: Technical Lead - Microservices. Yêu cầu:\n- 7+ năm kinh nghiệm development\n- Microservices Architecture\n- System Design\n- Team Management\n- Agile/Scrum\n',NULL,'job','DONE',NULL,NULL,NULL),(273,'job',41,'9f009e9d-807f-4302-924b-84d2276e6fd4','Vị trí: Digital Marketing Specialist\nCông ty: Lotte Data Communication Vietnam\nMức lương: 25000000\nKĩ năng yêu cầu: \nKinh nghiệm: THREE_TO_FIVE_YEARS\nĐịa điểm: Đà Nẵng\nNgành nghề: Banking & Finance\nMô tả: Digital Marketing Specialist. Yêu cầu:\n- 3+ năm kinh nghiệm digital marketing\n- Google Ads, Facebook Ads\n- SEO/SEM\n- Analytics\n- Content Strategy\n',NULL,'job','DONE',NULL,NULL,NULL),(274,'job',42,'28e07b5d-c21f-4646-9826-857d655231f6','Vị trí: BI Analyst\nCông ty: NashTech Vietnam\nMức lương: 40000000\nKĩ năng yêu cầu: \nKinh nghiệm: THREE_TO_FIVE_YEARS\nĐịa điểm: Hà Nội\nNgành nghề: IT & Telecommunications\nMô tả: Business Intelligence Analyst. Yêu cầu:\n- 4+ năm kinh nghiệm BI\n- SQL\n- Power BI/Tableau\n- Data Warehousing\n- Statistical Analysis\n',NULL,'job','DONE',NULL,NULL,NULL),(275,'job',43,'32328098-ef5a-429f-a6e4-6fc837a66694','Vị trí: Senior SRE\nCông ty: TMA Solutions\nMức lương: 60000000\nKĩ năng yêu cầu: \nKinh nghiệm: FIVE_TO_TEN_YEARS\nĐịa điểm: Thành phố Hồ Chí Minh\nNgành nghề: IT & Telecommunications\nMô tả: Site Reliability Engineer. Yêu cầu:\n- 5+ năm kinh nghiệm DevOps/SRE\n- Cloud Platforms (AWS/GCP)\n- Infrastructure as Code\n- Monitoring & Alerting\n- Performance Optimization\n',NULL,'job','DONE',NULL,NULL,NULL),(276,'job',44,'b4782c02-e7fe-4ced-827a-33479e3b150a','Vị trí: Solution Architect\nCông ty: Sendo JSC\nMức lương: 80000000\nKĩ năng yêu cầu: \nKinh nghiệm: MORE_THAN_TEN_YEARS\nĐịa điểm: Hà Nội\nNgành nghề: IT & Telecommunications\nMô tả: Solution Architect. Yêu cầu:\n- 8+ năm kinh nghiệm development\n- System Architecture\n- Cloud Solutions\n- Enterprise Integration\n- Technical Leadership\n',NULL,'job','DONE',NULL,NULL,NULL),(277,'job',45,'091da0ee-0374-4c77-bc9c-7b0528613dbe','Vị trí: Senior Product Designer\nCông ty: TMA Solutions\nMức lương: 35000000\nKĩ năng yêu cầu: \nKinh nghiệm: THREE_TO_FIVE_YEARS\nĐịa điểm: Đà Nẵng\nNgành nghề: IT & Telecommunications\nMô tả: Product Designer. Yêu cầu:\n- 4+ năm kinh nghiệm product design\n- UI/UX Design\n- Design Systems\n- User Research\n- Prototyping Tools\n',NULL,'job','DONE',NULL,NULL,NULL),(278,'job',46,'5bcecc8c-4683-4ab8-829d-5b02f1840f7a','Vị trí: InfoSec Manager\nCông ty: NashTech Vietnam\nMức lương: 70000000\nKĩ năng yêu cầu: \nKinh nghiệm: FIVE_TO_TEN_YEARS\nĐịa điểm: Thành phố Hồ Chí Minh\nNgành nghề: IT & Telecommunications\nMô tả: Information Security Manager. Yêu cầu:\n- 7+ năm kinh nghiệm security\n- Security Frameworks\n- Risk Management\n- Team Leadership\n- Security Certifications\n',NULL,'job','DONE',NULL,NULL,NULL),(279,'job',47,'f038384f-54f1-421f-a44d-a04369d8f29f','Vị trí: AI Research Engineer\nCông ty: Lotte Data Communication Vietnam\nMức lương: 65000000\nKĩ năng yêu cầu: \nKinh nghiệm: FIVE_TO_TEN_YEARS\nĐịa điểm: Hà Nội\nNgành nghề: IT & Telecommunications\nMô tả: AI Research Engineer. Yêu cầu:\n- PhD in AI/ML\n- Deep Learning\n- Computer Vision\n- NLP\n- Research Publications\n',NULL,'job','DONE',NULL,NULL,NULL),(280,'job',48,'3dcd5653-00db-40b3-b8d6-5e0b0bc9b351','Vị trí: Senior Embedded Engineer\nCông ty: Sendo JSC\nMức lương: 45000000\nKĩ năng yêu cầu: \nKinh nghiệm: FIVE_TO_TEN_YEARS\nĐịa điểm: Đà Nẵng\nNgành nghề: IT & Telecommunications\nMô tả: Embedded Systems Engineer. Yêu cầu:\n- 5+ năm kinh nghiệm embedded systems\n- C/C++\n- RTOS\n- Hardware Interfaces\n- IoT Protocols\n',NULL,'job','DONE',NULL,NULL,NULL),(281,'job',53,'19a9bc62-3151-4e73-b103-88757bfa4b46','Vị trí: Tuyển dụng Senior Java Backend Developer\nCông ty: Công ty TNHH Phần mềm Alpha (Alpha Software Solutions)\nMức lương: 15000000\nKĩ năng yêu cầu: \nKinh nghiệm: ONE_TO_THREE_YEARS\nĐịa điểm: Thành phố Hồ Chí Minh\nNgành nghề: IT & Telecommunications\nMô tả: Thiết kế, phát triển và duy trì các dịch vụ backend hiệu suất cao bằng Java/Spring Boot.\n\nTham gia vào việc đánh giá và tối ưu hóa kiến trúc Microservices, đảm bảo khả năng mở rộng (scalability) và độ tin cậy của hệ thống.\n\nLàm việc với các hệ thống cơ sở dữ liệu (PostgreSQL/MongoDB) và các giải pháp Caching (Redis).\n\nĐảm bảo chất lượng mã thông qua Code Review, viết Unit Test và Integration Test.\n\nHợp tác chặt chẽ với đội ngũ DevOps để triển khai ứng dụng sử dụng Docker và Kubernetes.\n',NULL,'job','DONE',NULL,NULL,NULL),(282,'job',1,'4e264b19-bae6-47b5-aa62-df232159c433','Vị trí: Nhân Viên Kỹ Thuật FPT Telecom - Q. Tân Bình\nCông ty: FPT Telecom\nMức lương: 10000000\nKĩ năng yêu cầu: Làm việc nhóm, Quản lý thời gian\nKinh nghiệm: ONE_TO_THREE_YEARS\nĐịa điểm: Thành phố Hồ Chí Minh\nNgành nghề: IT & Telecommunications\nMô tả: - Bảo trì, khắc phục lỗi kỹ thuật liên quan đến dịch vụ Internet, dịch vụ truyền hình FPT và các dịch vụ viễn thông tại nhà khách hàng.\n\n- Triển khai nâng cấp dịch vụ truyền hình FPT, hệ thống Wifi, Camera và các dịch vụ gia tăng khác trên đường truyền Internet tại nhà khách hàng.\n\n- Ghi nhận phản hồi trực tiếp từ khách hàng, phối hợp với các bộ phận liên quan trong việc nâng cao chất lượng dịch vụ của công ty.\n\n- Tư vấn, hướng dẫn sử dụng và cài đặt các dịch vụ đi kèm do FPT Telecom cung cấp cho khách hàng (Truyền hình FPT, Camera, thiết bị wifi...).\n\n- Hỗ trợ kỹ thuật tại nhà khách hàng.\n',NULL,'job','DONE',NULL,NULL,NULL),(283,'job',2,'b623c46f-ccb5-452c-a9cc-1cf96412fea1','Vị trí: Chuyên Viên Kinh Doanh Kênh Phân Phối B2C\nCông ty: FPT Telecom\nMức lương: 20000000\nKĩ năng yêu cầu: Làm việc nhóm, Thuyết trình\nKinh nghiệm: ONE_TO_THREE_YEARS\nĐịa điểm: Thành phố Hồ Chí Minh\nNgành nghề: IT & Telecommunications\nMô tả: - Sản phẩm kinh doanh chính: FPT Smart Home, FPT Camera\n- Tìm kiếm các đơn vị để phân phối các sản phẩm FPT Smart Home, FPT Camera\n- Mở rộng kênh bán hàng tại khu vực TP. Hồ Chí Minh\n- Tổ chức Workshop, bán hàng cùng Brandshop, Nhà phân phối, Đại lý\n- Tìm kiếm các đơn vị nhượng quyền của FPT Smart Home để bán hàng FPT Smart Home\n- Mở rộng đại lý cấp 2 cho các Brandshop/Nhà phân phối đang hỗ trợ\n- Mở rộng các đối tác từ kênh bán hàng: Xây dựng, camera, nội thất, vật liệu xây dựng, nhà bếp, cửa cổng, thầu xây dựng, ...\n- Làm việc tại: 336 Huỳnh Tấn Phát, Quận 7, TPHCM.\n',NULL,'job','DONE',NULL,NULL,NULL),(284,'job',3,'24e388b7-f7f2-4fcd-ae26-5ce86fadd856','Vị trí: Tuyển dụng Frontend Developer (React.js)\nCông ty: FPT Telecom\nMức lương: 15000000\nKĩ năng yêu cầu: Giao tiếp\nKinh nghiệm: ONE_TO_THREE_YEARS\nĐịa điểm: Thành phố Hà Nội\nNgành nghề: IT & Telecommunications\nMô tả: - Phát triển và duy trì các ứng dụng web sử dụng React.js\n- Tối ưu hóa hiệu suất và trải nghiệm người dùng\n- Làm việc với REST APIs và các công nghệ frontend hiện đại\n- Tham gia vào quá trình thiết kế và phát triển sản phẩm\n',NULL,'job','DONE',NULL,NULL,NULL),(285,'job',4,'52315568-779b-439b-9440-9dfa62f01d88','Vị trí: Tuyển Business Analyst (BA)\nCông ty: FPT Telecom\nMức lương: 22000000\nKĩ năng yêu cầu: Tư duy phản biện\nKinh nghiệm: THREE_TO_FIVE_YEARS\nĐịa điểm: Thành phố Hà Nội\nNgành nghề: IT & Telecommunications\nMô tả: Mô tả công việc:\n- Phân tích và đề xuất giải pháp nghiệp vụ\n- Làm việc với stakeholders để thu thập yêu cầu\n- Viết tài liệu đặc tả kỹ thuật\n- Hỗ trợ team phát triển trong quá trình implement\n\nYêu cầu:\n- Tốt nghiệp đại học chuyên ngành CNTT/Kinh tế\n- 2-3 năm kinh nghiệm vị trí BA\n- Kỹ năng phân tích và giải quyết vấn đề tốt\n- Tiếng Anh giao tiếp tốt\n- Ưu tiên có kinh nghiệm trong lĩnh vực Fintech\n\nQuyền lợi:\n- Mức lương: 20-35 triệu\n- Review lương 2 lần/năm\n- Bảo hiểm sức khỏe cao cấp\n- Đào tạo chuyên môn\n- Làm việc từ xa 2 ngày/tuần\n',NULL,'job','DONE',NULL,NULL,NULL),(286,'job',5,'aa59a91d-3da6-48ce-b191-762755b39eea','Vị trí: Tuyển QA Engineer (Manual & Automation Testing)\nCông ty: Ngân Hàng TMCP Công Thương Việt Nam (VietinBank)\nMức lương: 15000000\nKĩ năng yêu cầu: Giao tiếp\nKinh nghiệm: ONE_TO_THREE_YEARS\nĐịa điểm: Thành phố Hà Nội\nNgành nghề: IT & Telecommunications\nMô tả: Mô tả công việc:\n- Lập kế hoạch và thực hiện kiểm thử phần mềm\n- Viết test cases và test scenarios\n- Thực hiện automation test với Selenium/Cypress\n- Báo cáo và theo dõi bugs\n\nYêu cầu:\n- 2+ năm kinh nghiệm QA\n- Kinh nghiệm với Selenium hoặc Cypress\n- Hiểu biết về quy trình Agile/Scrum\n- Kỹ năng viết tài liệu tốt\n- Tiếng Anh đọc hiểu tốt\n\nQuyền lợi:\n- Mức lương: 15-25 triệu\n- Thưởng project\n- Bảo hiểm theo luật\n- Đào tạo chuyên môn\n- Teambuilding hàng quý\n',NULL,'job','DONE',NULL,NULL,NULL),(287,'job',6,'bd564fac-9f3d-4667-bf42-ce0183ccc202','Vị trí: Business Analyst (BA) - Fintech\nCông ty: Ngân Hàng TMCP Công Thương Việt Nam (VietinBank)\nMức lương: 30000000\nKĩ năng yêu cầu: Quản lý thời gian\nKinh nghiệm: ONE_TO_THREE_YEARS\nĐịa điểm: Thành phố Hà Nội\nNgành nghề: IT & Telecommunications\nMô tả: Mô tả công việc:\n- Phân tích và đề xuất giải pháp nghiệp vụ cho các dự án Fintech\n- Thu thập yêu cầu từ stakeholders và chuyển thành tài liệu kỹ thuật\n- Làm việc với team phát triển để đảm bảo triển khai đúng yêu cầu\n- Quản lý và theo dõi tiến độ dự án\n\nYêu cầu:\n- Tốt nghiệp đại học chuyên ngành CNTT/Kinh tế\n- 2-3 năm kinh nghiệm vị trí BA\n- Hiểu biết về quy trình phát triển phần mềm Agile/Scrum\n- Kỹ năng phân tích và giải quyết vấn đề tốt\n- Tiếng Anh giao tiếp tốt\n\nQuyền lợi:\n- Mức lương hấp dẫn theo năng lực\n- Review lương 2 lần/năm\n- Được đào tạo chuyên môn\n- Chế độ bảo hiểm đầy đủ\n- Môi trường làm việc chuyên nghiệp\n',NULL,'job','DONE',NULL,NULL,NULL),(288,'job',7,'811d6a55-b7f3-46aa-8294-f929ea4fa73b','Vị trí: Senior Java Developer (Spring Boot)\nCông ty: Ngân Hàng TMCP Công Thương Việt Nam (VietinBank)\nMức lương: 40000000\nKĩ năng yêu cầu: Làm việc nhóm, Quản lý thời gian\nKinh nghiệm: THREE_TO_FIVE_YEARS\nĐịa điểm: Thành phố Hà Nội\nNgành nghề: IT & Telecommunications\nMô tả: Mô tả công việc:\n- Phát triển và tối ưu hóa các ứng dụng backend sử dụng Java/Spring Boot\n- Thiết kế và xây dựng RESTful APIs\n- Làm việc với cơ sở dữ liệu SQL và NoSQL\n- Tham gia vào quá trình review code và mentoring\n\nYêu cầu:\n- 4+ năm kinh nghiệm phát triển Java\n- Thành thạo Spring Framework, Spring Boot, Spring Security\n- Kinh nghiệm với MySQL, MongoDB, Redis\n- Hiểu biết về microservices architecture\n- Kỹ năng debug và xử lý vấn đề tốt\n\nQuyền lợi:\n- Mức lương: 35-50 triệu (theo năng lực)\n- 13 tháng lương + thưởng dự án\n- Bảo hiểm sức khỏe cao cấp\n- Chế độ nghỉ phép linh hoạt\n- Cơ hội thăng tiến rõ ràng\n',NULL,'job','DONE',NULL,NULL,NULL),(289,'job',8,'8a873690-a63b-421b-b3da-8c2184fb7ed2','Vị trí: UI/UX Designer (Fintech/Banking)\nCông ty: Ngân Hàng TMCP Công Thương Việt Nam (VietinBank)\nMức lương: 25000000\nKĩ năng yêu cầu: Giải quyết vấn đề\nKinh nghiệm: ONE_TO_THREE_YEARS\nĐịa điểm: Thành phố Hà Nội\nNgành nghề: IT & Telecommunications\nMô tả: Mô tả công việc:\n- Thiết kế giao diện người dùng cho các ứng dụng web và mobile\n- Tạo wireframes, prototypes và thiết kế chi tiết\n- Thực hiện nghiên cứu người dùng và phân tích UX\n- Làm việc chặt chẽ với team product và development\n\nYêu cầu:\n- 3+ năm kinh nghiệm UI/UX Design\n- Thành thạo Figma, Adobe XD\n- Portfolio thể hiện các dự án đã thực hiện\n- Hiểu biết về design system và design principles\n- Kinh nghiệm trong lĩnh vực Fintech là một lợi thế\n\nQuyền lợi:\n- Mức lương cạnh tranh theo năng lực\n- Được trang bị MacBook Pro và các công cụ design\n- Bảo hiểm sức khỏe cho nhân viên và người thân\n- Nghỉ phép 12 ngày/năm\n- Môi trường làm việc sáng tạo\n',NULL,'job','DONE',NULL,NULL,NULL),(290,'job',9,'ddea0347-9a8c-48af-9b2f-a289ef114e44','Vị trí: Senior Frontend Developer (ReactJS)\nCông ty: CÔNG TY CỔ PHẦN CÔNG NGHỆ THỰC PHẨM CHÂU Á (AFOTECH)\nMức lương: 15000000\nKĩ năng yêu cầu: Làm việc nhóm\nKinh nghiệm: THREE_TO_FIVE_YEARS\nĐịa điểm: Thành phố Hà Nội\nNgành nghề: IT & Telecommunications\nMô tả: Mô tả: \n- Phát triển và duy trì các ứng dụng web sử dụng ReactJS\n- Tối ưu hóa hiệu suất và trải nghiệm người dùng\n- Code review và mentoring cho các thành viên junior\n- Làm việc với các API và tích hợp backend\n\nYêu cầu:\n- 3+ năm kinh nghiệm với ReactJS\n- Thành thạo JavaScript/TypeScript, HTML5, CSS3\n- Kinh nghiệm với Redux, React Router\n- Hiểu biết về RESTful APIs\n- Kỹ năng tối ưu hóa hiệu suất website\n\nQuyền lợi:\n- Lương: 30-45 triệu\n- Review lương 2 lần/năm\n- Bảo hiểm full package\n- 12 ngày phép/năm\n- Thưởng dự án, thưởng năm\n',NULL,'job','DONE',NULL,NULL,NULL),(291,'job',10,'874016ef-41f7-474a-9a3e-7f61629ef05d','Vị trí: QA Engineer (Manual & Automation Testing)\nCông ty: CÔNG TY CỔ PHẦN CÔNG NGHỆ THỰC PHẨM CHÂU Á (AFOTECH)\nMức lương: 15200000\nKĩ năng yêu cầu: Làm việc nhóm, Tư duy phản biện, Thuyết trình\nKinh nghiệm: ONE_TO_THREE_YEARS\nĐịa điểm: Thành phố Hà Nội\nNgành nghề: IT & Telecommunications\nMô tả: Mô tả:\n- Lập kế hoạch và thực hiện kiểm thử phần mềm\n- Viết test cases và test scenarios\n- Thực hiện automation test với Selenium/Cypress\n- Báo cáo và theo dõi bugs\n\nYêu cầu:\n- 2+ năm kinh nghiệm QA\n- Kinh nghiệm với Selenium/Cypress\n- Kiến thức về quy trình Agile/Scrum\n- Kỹ năng viết tài liệu test tốt\n\nQuyền lợi:\n- Lương: 18-25 triệu\n- Môi trường chuyên nghiệp\n- Cơ hội học hỏi công nghệ mới\n- Chế độ phúc lợi đầy đủ\n',NULL,'job','DONE',NULL,NULL,NULL),(292,'job',11,'b78340dc-2728-4361-a124-fab92bf70e4a','Vị trí: Digital Marketing Manager\nCông ty: CÔNG TY CỔ PHẦN CÔNG NGHỆ THỰC PHẨM CHÂU Á (AFOTECH)\nMức lương: 20000000\nKĩ năng yêu cầu: Làm việc nhóm, Giao tiếp, Giải quyết vấn đề, Tư duy phản biện\nKinh nghiệm: THREE_TO_FIVE_YEARS\nĐịa điểm: Thành phố Hà Nội\nNgành nghề: Banking & Finance\nMô tả: Mô tả:\n- Xây dựng và triển khai chiến lược marketing online\n- Quản lý các chiến dịch quảng cáo Facebook, Google Ads\n- Phân tích data và tối ưu hiệu quả marketing\n- Quản lý team marketing và ngân sách\n\nYêu cầu:\n- 3+ năm kinh nghiệm Digital Marketing\n- Thành thạo Facebook Ads, Google Ads\n- Kỹ năng phân tích data marketing\n- Khả năng quản lý dự án và team\n- Tiếng Anh tốt\n\nQuyền lợi:\n- Lương: 25-35 triệu\n- Thưởng theo doanh số\n- Môi trường năng động, sáng tạo\n- Đào tạo chuyên sâu\n- Bảo hiểm sức khỏe cho nhân viên và người thân\n',NULL,'job','DONE',NULL,NULL,NULL),(293,'job',16,'c3bf0b90-0739-46c5-9b94-a4a42d3fd927','Vị trí: Senior Full Stack Developer\nCông ty: CÔNG TY CỔ PHẦN TẬP ĐOÀN KIM TÍN\nMức lương: 35000000\nKĩ năng yêu cầu: Làm việc nhóm, Giải quyết vấn đề\nKinh nghiệm: THREE_TO_FIVE_YEARS\nĐịa điểm: Thành phố Hồ Chí Minh\nNgành nghề: IT & Telecommunications\nMô tả: Chúng tôi đang tìm kiếm Senior Full Stack Developer với kinh nghiệm:\n- Thành thạo Java Spring Boot và ReactJS\n- Có ít nhất 5 năm kinh nghiệm phát triển web\n- Có kinh nghiệm với microservices và cloud platforms\n- Kỹ năng tối ưu hiệu suất và bảo mật ứng dụng\n',NULL,'job','DONE',NULL,NULL,NULL),(294,'job',17,'c00a772e-3f9f-4c92-9b49-330e6b6f04d9','Vị trí: Chuyên viên Phân tích Tài chính\nCông ty: CÔNG TY CỔ PHẦN TẬP ĐOÀN KIM TÍN\nMức lương: 15000000\nKĩ năng yêu cầu: Đàm phán\nKinh nghiệm: ONE_TO_THREE_YEARS\nĐịa điểm: Thành phố Hồ Chí Minh\nNgành nghề: Banking & Finance\nMô tả: Yêu cầu:\n- Tốt nghiệp Tài chính/Kế toán/Kinh tế\n- 3 năm kinh nghiệm phân tích tài chính\n- Thành thạo Excel và các công cụ phân tích\n- Chứng chỉ CFA là một lợi thế\n',NULL,'job','DONE',NULL,NULL,NULL),(295,'job',18,'170979bc-67f1-4c3f-a2c0-631cb7ded308','Vị trí: Chuyên viên Phát triển Chương trình Đào tạo\nCông ty: CÔNG TY CỔ PHẦN TẬP ĐOÀN KIM TÍN\nMức lương: 10000000\nKĩ năng yêu cầu: Làm việc nhóm, Tư duy phản biện\nKinh nghiệm: ONE_TO_THREE_YEARS\nĐịa điểm: Thành phố Hồ Chí Minh\nNgành nghề: Education & Training\nMô tả: Mô tả công việc:\n- Thiết kế và phát triển giáo trình\n- Đánh giá hiệu quả đào tạo\n- Cập nhật nội dung theo xu hướng mới\n- Yêu cầu: Kinh nghiệm trong giáo dục 3 năm\n',NULL,'job','DONE',NULL,NULL,NULL),(296,'job',21,'67f45b61-8778-4fa3-9753-536c691e2df0','Vị trí: Senior Java Developer\nCông ty: CÔNG TY CỔ PHẦN TẬP ĐOÀN KIM TÍN\nMức lương: 25000000\nKĩ năng yêu cầu: \nKinh nghiệm: NO_EXPERIENCE\nĐịa điểm: Thành phố Hồ Chí Minh\nNgành nghề: IT & Telecommunications\nMô tả: Chúng tôi đang tìm kiếm một Senior Java Developer có kinh nghiệm\n',NULL,'job','DONE',NULL,NULL,NULL),(297,'job',22,'07b28ac7-5772-43af-9319-a25373741d40','Vị trí: Senior Java Developer123\nCông ty: CÔNG TY CỔ PHẦN TẬP ĐOÀN KIM TÍN\nMức lương: 25000000\nKĩ năng yêu cầu: \nKinh nghiệm: NO_EXPERIENCE\nĐịa điểm: Thành phố Hồ Chí Minh\nNgành nghề: IT & Telecommunications\nMô tả: Chúng tôi đang tìm kiếm một Senior Java Developer có kinh nghiệm\n',NULL,'job','DONE',NULL,NULL,NULL),(298,'job',23,'627b25b3-e6ea-4a52-bd4c-c8a94afb9fcd','Vị trí: React Native Developer\nCông ty: CÔNG TY CỔ PHẦN TẬP ĐOÀN KIM TÍN\nMức lương: 25000000\nKĩ năng yêu cầu: \nKinh nghiệm: ONE_TO_THREE_YEARS\nĐịa điểm: Thành phố Hồ Chí Minh\nNgành nghề: IT & Telecommunications\nMô tả: Phát triển ứng dụng mobile sử dụng React Native. Yêu cầu:\n- 2+ năm kinh nghiệm React Native\n- Thành thạo JavaScript/TypeScript\n- Kinh nghiệm với Redux, React Navigation\n- Hiểu biết về native modules\n',NULL,'job','DONE',NULL,NULL,NULL),(299,'job',24,'14c45745-ebbb-4fd8-b3bd-2642e95c671c','Vị trí: Cloud Solutions Architect\nCông ty: CÔNG TY CỔ PHẦN TẬP ĐOÀN KIM TÍN\nMức lương: 45000000\nKĩ năng yêu cầu: \nKinh nghiệm: THREE_TO_FIVE_YEARS\nĐịa điểm: Hà Nội\nNgành nghề: IT & Telecommunications\nMô tả: Phát triển và quản lý hệ thống cloud. Yêu cầu:\n- 3+ năm kinh nghiệm AWS\n- Chứng chỉ AWS Solutions Architect\n- Kinh nghiệm với Docker, Kubernetes\n- CI/CD pipeline\n',NULL,'job','DONE',NULL,NULL,NULL),(300,'job',25,'816038b7-2b6b-4d60-966f-548985d7cab6','Vị trí: Blockchain Developer\nCông ty: CÔNG TY CỔ PHẦN TẬP ĐOÀN KIM TÍN\nMức lương: 35000000\nKĩ năng yêu cầu: \nKinh nghiệm: ONE_TO_THREE_YEARS\nĐịa điểm: Đà Nẵng\nNgành nghề: IT & Telecommunications\nMô tả: Phát triển ứng dụng blockchain. Yêu cầu:\n- 2+ năm kinh nghiệm Solidity\n- Hiểu biết về Smart Contracts\n- Kinh nghiệm với Web3.js\n- Background về cryptography\n',NULL,'job','DONE',NULL,NULL,NULL),(301,'job',26,'297e16eb-69c5-45e3-a419-309b0ae7271b','Vị trí: Unity Game Developer\nCông ty: Vingroup JSC\nMức lương: 40000000\nKĩ năng yêu cầu: \nKinh nghiệm: THREE_TO_FIVE_YEARS\nĐịa điểm: Thành phố Hồ Chí Minh\nNgành nghề: IT & Telecommunications\nMô tả: Phát triển game Unity. Yêu cầu:\n- 3+ năm kinh nghiệm Unity\n- Thành thạo C#\n- Kinh nghiệm với 3D modeling\n- Portfolio các game đã phát triển\n',NULL,'job','DONE',NULL,NULL,NULL),(302,'job',27,'515b8804-f034-499c-a038-b9299cf4decf','Vị trí: Machine Learning Engineer\nCông ty: Vingroup JSC\nMức lương: 50000000\nKĩ năng yêu cầu: \nKinh nghiệm: THREE_TO_FIVE_YEARS\nĐịa điểm: Hà Nội\nNgành nghề: IT & Telecommunications\nMô tả: Phát triển ML/AI. Yêu cầu:\n- Master/PhD trong ML/AI\n- Thành thạo Python, TensorFlow\n- Kinh nghiệm với Computer Vision\n- Research background\n',NULL,'job','DONE',NULL,NULL,NULL),(303,'job',28,'444653c0-e1e7-4a7a-9b59-333f5b60a2fa','Vị trí: Senior Product Manager - Fintech\nCông ty: CMC Corporation\nMức lương: 60000000\nKĩ năng yêu cầu: \nKinh nghiệm: FIVE_TO_TEN_YEARS\nĐịa điểm: Thành phố Hồ Chí Minh\nNgành nghề: Banking & Finance\nMô tả: Product Manager cho fintech app. Yêu cầu:\n- 5+ năm kinh nghiệm product management\n- Background về fintech\n- Kỹ năng phân tích data\n- Leadership skills\n',NULL,'job','DONE',NULL,NULL,NULL),(304,'job',29,'53f6b0b6-b75e-4f95-af53-14f689b4fd58','Vị trí: Senior DevOps Engineer\nCông ty: CMC Corporation\nMức lương: 45000000\nKĩ năng yêu cầu: \nKinh nghiệm: THREE_TO_FIVE_YEARS\nĐịa điểm: Hà Nội\nNgành nghề: IT & Telecommunications\nMô tả: DevOps Engineer với kinh nghiệm về cloud. Yêu cầu:\n- 3+ năm kinh nghiệm DevOps\n- AWS/Azure certifications\n- Ansible, Terraform\n- Monitoring tools\n',NULL,'job','DONE',NULL,NULL,NULL),(305,'job',30,'7d6fd5a3-2f02-4fd8-8f71-2ed74fe81147','Vị trí: Senior Data Engineer\nCông ty: MISA JSC\nMức lương: 40000000\nKĩ năng yêu cầu: \nKinh nghiệm: THREE_TO_FIVE_YEARS\nĐịa điểm: Đà Nẵng\nNgành nghề: IT & Telecommunications\nMô tả: Data Engineer với kinh nghiệm big data. Yêu cầu:\n- 4+ năm kinh nghiệm\n- Hadoop ecosystem\n- Spark, Kafka\n- SQL/NoSQL databases\n',NULL,'job','DONE',NULL,NULL,NULL),(306,'job',31,'be09d605-e41e-4f26-bc21-139980d5f2b2','Vị trí: Frontend React Developer\nCông ty: Sendo JSC\nMức lương: 25000000\nKĩ năng yêu cầu: \nKinh nghiệm: ONE_TO_THREE_YEARS\nĐịa điểm: Thành phố Hồ Chí Minh\nNgành nghề: IT & Telecommunications\nMô tả: Frontend Developer với React. Yêu cầu:\n- 2+ năm kinh nghiệm React\n- TypeScript\n- State management\n- Testing\n',NULL,'job','DONE',NULL,NULL,NULL),(307,'job',32,'7b5c690d-bb6e-4af6-8eb6-8d0239a87dba','Vị trí: Backend Node.js Developer\nCông ty: Lotte Data Communication Vietnam\nMức lương: 35000000\nKĩ năng yêu cầu: \nKinh nghiệm: THREE_TO_FIVE_YEARS\nĐịa điểm: Hà Nội\nNgành nghề: IT & Telecommunications\nMô tả: Backend Developer với Node.js. Yêu cầu:\n- 3+ năm kinh nghiệm Node.js\n- Express/NestJS\n- MongoDB\n- Microservices\n',NULL,'job','DONE',NULL,NULL,NULL),(308,'job',33,'56e2ba79-4527-4545-a38c-2840efad350e','Vị trí: iOS Developer\nCông ty: Lotte Data Communication Vietnam\nMức lương: 40000000\nKĩ năng yêu cầu: \nKinh nghiệm: THREE_TO_FIVE_YEARS\nĐịa điểm: Thành phố Hồ Chí Minh\nNgành nghề: IT & Telecommunications\nMô tả: Mobile App Developer (iOS). Yêu cầu:\n- 3+ năm kinh nghiệm iOS development\n- Swift, SwiftUI\n- Kinh nghiệm với Apple guidelines\n- CI/CD cho iOS apps\n',NULL,'job','DONE',NULL,NULL,NULL),(309,'job',34,'5583d0b2-a4bf-4adf-bd66-eaa7fc37bca0','Vị trí: Security Engineer\nCông ty: NashTech Vietnam\nMức lương: 45000000\nKĩ năng yêu cầu: \nKinh nghiệm: THREE_TO_FIVE_YEARS\nĐịa điểm: Hà Nội\nNgành nghề: IT & Telecommunications\nMô tả: Security Engineer. Yêu cầu:\n- 4+ năm kinh nghiệm security\n- Penetration testing\n- Security compliance\n- Incident response\n',NULL,'job','DONE',NULL,NULL,NULL),(310,'job',35,'14b4513f-6f43-4431-98e8-fbb0cb5abcf6','Vị trí: UX Researcher\nCông ty: TMA Solutions\nMức lương: 35000000\nKĩ năng yêu cầu: \nKinh nghiệm: THREE_TO_FIVE_YEARS\nĐịa điểm: Đà Nẵng\nNgành nghề: IT & Telecommunications\nMô tả: UX Researcher. Yêu cầu:\n- 3+ năm kinh nghiệm UX research\n- User testing\n- Data analysis\n- Research methodologies\n',NULL,'job','DONE',NULL,NULL,NULL),(311,'job',36,'0ea5a20d-976c-45de-9dd3-6d2ac0bb3d40','Vị trí: Technical Project Manager\nCông ty: Sendo JSC\nMức lương: 50000000\nKĩ năng yêu cầu: \nKinh nghiệm: FIVE_TO_TEN_YEARS\nĐịa điểm: Thành phố Hồ Chí Minh\nNgành nghề: IT & Telecommunications\nMô tả: Technical Project Manager. Yêu cầu:\n- 5+ năm kinh nghiệm quản lý dự án\n- Agile/Scrum certification\n- Technical background\n- Leadership skills\n',NULL,'job','DONE',NULL,NULL,NULL),(312,'job',37,'dd3eeb98-a6d1-4329-96bf-886c451946a5','Vị trí: Senior DBA\nCông ty: Lotte Data Communication Vietnam\nMức lương: 40000000\nKĩ năng yêu cầu: \nKinh nghiệm: THREE_TO_FIVE_YEARS\nĐịa điểm: Hà Nội\nNgành nghề: IT & Telecommunications\nMô tả: Database Administrator. Yêu cầu:\n- 4+ năm kinh nghiệm DBA\n- MySQL, PostgreSQL\n- Performance tuning\n- Backup & recovery\n',NULL,'job','DONE',NULL,NULL,NULL),(313,'job',38,'7b28fd76-959b-4cb4-804d-bab4b8904239','Vị trí: Senior Android Developer\nCông ty: NashTech Vietnam\nMức lương: 35000000\nKĩ năng yêu cầu: \nKinh nghiệm: THREE_TO_FIVE_YEARS\nĐịa điểm: Đà Nẵng\nNgành nghề: IT & Telecommunications\nMô tả: Android Developer. Yêu cầu:\n- 3+ năm kinh nghiệm Android\n- Kotlin\n- MVVM architecture\n- Material Design\n',NULL,'job','DONE',NULL,NULL,NULL),(314,'job',39,'3ff065ff-1f1a-4300-a263-274a46f36608','Vị trí: Senior Data Scientist\nCông ty: TMA Solutions\nMức lương: 55000000\nKĩ năng yêu cầu: \nKinh nghiệm: THREE_TO_FIVE_YEARS\nĐịa điểm: Hà Nội\nNgành nghề: IT & Telecommunications\nMô tả: Data Scientist. Yêu cầu:\n- Master/PhD trong Data Science/Statistics\n- Python, R\n- Machine Learning\n- Deep Learning\n- Big Data tools\n- Research experience\n',NULL,'job','DONE',NULL,NULL,NULL),(315,'job',40,'d48faabe-48a8-4931-9c24-abb22d6878be','Vị trí: Technical Lead\nCông ty: Sendo JSC\nMức lương: 70000000\nKĩ năng yêu cầu: \nKinh nghiệm: MORE_THAN_TEN_YEARS\nĐịa điểm: Thành phố Hồ Chí Minh\nNgành nghề: IT & Telecommunications\nMô tả: Technical Lead - Microservices. Yêu cầu:\n- 7+ năm kinh nghiệm development\n- Microservices Architecture\n- System Design\n- Team Management\n- Agile/Scrum\n',NULL,'job','DONE',NULL,NULL,NULL),(316,'job',41,'3c85a050-7bd9-42fb-a248-3146a6b04f9f','Vị trí: Digital Marketing Specialist\nCông ty: Lotte Data Communication Vietnam\nMức lương: 25000000\nKĩ năng yêu cầu: \nKinh nghiệm: THREE_TO_FIVE_YEARS\nĐịa điểm: Đà Nẵng\nNgành nghề: Banking & Finance\nMô tả: Digital Marketing Specialist. Yêu cầu:\n- 3+ năm kinh nghiệm digital marketing\n- Google Ads, Facebook Ads\n- SEO/SEM\n- Analytics\n- Content Strategy\n',NULL,'job','DONE',NULL,NULL,NULL),(317,'job',42,'032c8919-7117-4911-9741-eba10dfb9868','Vị trí: BI Analyst\nCông ty: NashTech Vietnam\nMức lương: 40000000\nKĩ năng yêu cầu: \nKinh nghiệm: THREE_TO_FIVE_YEARS\nĐịa điểm: Hà Nội\nNgành nghề: IT & Telecommunications\nMô tả: Business Intelligence Analyst. Yêu cầu:\n- 4+ năm kinh nghiệm BI\n- SQL\n- Power BI/Tableau\n- Data Warehousing\n- Statistical Analysis\n',NULL,'job','DONE',NULL,NULL,NULL),(318,'job',43,'06016ca6-f104-465b-8ee5-f25dfbfff3ee','Vị trí: Senior SRE\nCông ty: TMA Solutions\nMức lương: 60000000\nKĩ năng yêu cầu: \nKinh nghiệm: FIVE_TO_TEN_YEARS\nĐịa điểm: Thành phố Hồ Chí Minh\nNgành nghề: IT & Telecommunications\nMô tả: Site Reliability Engineer. Yêu cầu:\n- 5+ năm kinh nghiệm DevOps/SRE\n- Cloud Platforms (AWS/GCP)\n- Infrastructure as Code\n- Monitoring & Alerting\n- Performance Optimization\n',NULL,'job','DONE',NULL,NULL,NULL),(319,'job',44,'b206bf36-97eb-4550-a28e-c37f75701e10','Vị trí: Solution Architect\nCông ty: Sendo JSC\nMức lương: 80000000\nKĩ năng yêu cầu: \nKinh nghiệm: MORE_THAN_TEN_YEARS\nĐịa điểm: Hà Nội\nNgành nghề: IT & Telecommunications\nMô tả: Solution Architect. Yêu cầu:\n- 8+ năm kinh nghiệm development\n- System Architecture\n- Cloud Solutions\n- Enterprise Integration\n- Technical Leadership\n',NULL,'job','DONE',NULL,NULL,NULL),(320,'job',45,'eba2ee55-1eff-486f-9ea2-a23f597f94e9','Vị trí: Senior Product Designer\nCông ty: TMA Solutions\nMức lương: 35000000\nKĩ năng yêu cầu: \nKinh nghiệm: THREE_TO_FIVE_YEARS\nĐịa điểm: Đà Nẵng\nNgành nghề: IT & Telecommunications\nMô tả: Product Designer. Yêu cầu:\n- 4+ năm kinh nghiệm product design\n- UI/UX Design\n- Design Systems\n- User Research\n- Prototyping Tools\n',NULL,'job','DONE',NULL,NULL,NULL),(321,'job',46,'8bc119bf-3b0f-48ac-98a5-b35463e9688e','Vị trí: InfoSec Manager\nCông ty: NashTech Vietnam\nMức lương: 70000000\nKĩ năng yêu cầu: \nKinh nghiệm: FIVE_TO_TEN_YEARS\nĐịa điểm: Thành phố Hồ Chí Minh\nNgành nghề: IT & Telecommunications\nMô tả: Information Security Manager. Yêu cầu:\n- 7+ năm kinh nghiệm security\n- Security Frameworks\n- Risk Management\n- Team Leadership\n- Security Certifications\n',NULL,'job','DONE',NULL,NULL,NULL),(322,'job',47,'4eec0893-d845-4776-858d-30ab9c967269','Vị trí: AI Research Engineer\nCông ty: Lotte Data Communication Vietnam\nMức lương: 65000000\nKĩ năng yêu cầu: \nKinh nghiệm: FIVE_TO_TEN_YEARS\nĐịa điểm: Hà Nội\nNgành nghề: IT & Telecommunications\nMô tả: AI Research Engineer. Yêu cầu:\n- PhD in AI/ML\n- Deep Learning\n- Computer Vision\n- NLP\n- Research Publications\n',NULL,'job','DONE',NULL,NULL,NULL),(323,'job',48,'5341e68b-337a-40cd-918e-163c627e61c4','Vị trí: Senior Embedded Engineer\nCông ty: Sendo JSC\nMức lương: 45000000\nKĩ năng yêu cầu: \nKinh nghiệm: FIVE_TO_TEN_YEARS\nĐịa điểm: Đà Nẵng\nNgành nghề: IT & Telecommunications\nMô tả: Embedded Systems Engineer. Yêu cầu:\n- 5+ năm kinh nghiệm embedded systems\n- C/C++\n- RTOS\n- Hardware Interfaces\n- IoT Protocols\n',NULL,'job','DONE',NULL,NULL,NULL),(324,'job',53,'06df0162-7211-44c2-a5d6-35c6fcd71f35','Vị trí: Tuyển dụng Senior Java Backend Developer\nCông ty: Công ty TNHH Phần mềm Alpha (Alpha Software Solutions)\nMức lương: 15000000\nKĩ năng yêu cầu: \nKinh nghiệm: ONE_TO_THREE_YEARS\nĐịa điểm: Thành phố Hồ Chí Minh\nNgành nghề: IT & Telecommunications\nMô tả: Thiết kế, phát triển và duy trì các dịch vụ backend hiệu suất cao bằng Java/Spring Boot.\n\nTham gia vào việc đánh giá và tối ưu hóa kiến trúc Microservices, đảm bảo khả năng mở rộng (scalability) và độ tin cậy của hệ thống.\n\nLàm việc với các hệ thống cơ sở dữ liệu (PostgreSQL/MongoDB) và các giải pháp Caching (Redis).\n\nĐảm bảo chất lượng mã thông qua Code Review, viết Unit Test và Integration Test.\n\nHợp tác chặt chẽ với đội ngũ DevOps để triển khai ứng dụng sử dụng Docker và Kubernetes.\n',NULL,'job','DONE',NULL,NULL,NULL),(325,'job',54,'54cc590e-30e4-430c-86f8-a9e0f937dcba','Vị trí: Tuyển Senior React Developer (Lương $15.000.000 - $30.000.000)\nCông ty: Công ty Cổ phần Giải pháp Công nghệ ABC\nMức lương: 15000000\nKĩ năng yêu cầu: \nKinh nghiệm: LESS_THAN_1_YEAR\nĐịa điểm: Tỉnh Tuyên Quang\nNgành nghề: IT & Telecommunications\nMô tả: Phát triển và bảo trì các ứng dụng web sử dụng React/Redux. Đảm bảo chất lượng code, tối ưu hiệu suất. Yêu cầu 3+ năm kinh nghiệm. Quyền lợi: Lương tháng 13, bảo hiểm sức khỏe cao cấp.\n',NULL,'job','DONE',NULL,NULL,NULL),(326,'job',55,'7cf04209-5e88-4330-a837-9f47376ce81f','Vị trí: Tuyển Senior React Developer\nCông ty: Công ty Cổ phần Công nghệ Toàn cầu 4.0\nMức lương: 15000000\nKĩ năng yêu cầu: \nKinh nghiệm: LESS_THAN_1_YEAR\nĐịa điểm: Tỉnh Hà Giang\nNgành nghề: IT & Telecommunications\nMô tả: Phát triển các ứng dụng web phức tạp sử dụng ReactJS, Redux/Zustand. Đảm bảo chất lượng và hiệu suất. Yêu cầu 5+ năm kinh nghiệm.\n',NULL,'job','DONE',NULL,NULL,NULL),(327,'job',56,'ac034102-7abe-4faf-b0ba-ea122c9d6b0d','Vị trí: Thực tập sinh Thiết kế Đồ họa (Intern Graphic Designer)\nCông ty: Công ty Cổ phần Công nghệ Toàn cầu 4.0\nMức lương: 9000000\nKĩ năng yêu cầu: \nKinh nghiệm: LESS_THAN_1_YEAR\nĐịa điểm: Tỉnh Hà Giang\nNgành nghề: IT & Telecommunications\nMô tả: Hỗ trợ đội ngũ Marketing thiết kế các ấn phẩm truyền thông (poster, banner, social media). Yêu cầu thành thạo Photoshop/Illustrator.\n',NULL,'job','DONE',NULL,NULL,NULL),(328,'job',57,'db5cab35-1277-45a5-8f54-fdf1fc11f160','Vị trí: Chuyên viên Phát triển Kinh doanh B2B\nCông ty: Công ty Cổ phần Công nghệ Toàn cầu 4.0\nMức lương: 10000000\nKĩ năng yêu cầu: \nKinh nghiệm: LESS_THAN_1_YEAR\nĐịa điểm: Thành phố Hà Nội\nNgành nghề: IT & Telecommunications\nMô tả: Tìm kiếm và mở rộng mạng lưới khách hàng doanh nghiệp. Đàm phán và ký kết hợp đồng. Ưu tiên có kinh nghiệm Sales trong lĩnh vực IT.\n',NULL,'job','DONE',NULL,NULL,NULL),(329,'job',1,'00e76c20-9f66-4dd5-b612-bb52015cc0ad','Vị trí: Nhân Viên Kỹ Thuật FPT Telecom - Q. Tân Bình\nCông ty: FPT Telecom\nMức lương: 10000000\nKĩ năng yêu cầu: Làm việc nhóm, Quản lý thời gian\nKinh nghiệm: ONE_TO_THREE_YEARS\nĐịa điểm: Thành phố Hồ Chí Minh\nNgành nghề: IT & Telecommunications\nMô tả: - Bảo trì, khắc phục lỗi kỹ thuật liên quan đến dịch vụ Internet, dịch vụ truyền hình FPT và các dịch vụ viễn thông tại nhà khách hàng.\n\n- Triển khai nâng cấp dịch vụ truyền hình FPT, hệ thống Wifi, Camera và các dịch vụ gia tăng khác trên đường truyền Internet tại nhà khách hàng.\n\n- Ghi nhận phản hồi trực tiếp từ khách hàng, phối hợp với các bộ phận liên quan trong việc nâng cao chất lượng dịch vụ của công ty.\n\n- Tư vấn, hướng dẫn sử dụng và cài đặt các dịch vụ đi kèm do FPT Telecom cung cấp cho khách hàng (Truyền hình FPT, Camera, thiết bị wifi...).\n\n- Hỗ trợ kỹ thuật tại nhà khách hàng.\n',NULL,'job','DONE',NULL,NULL,NULL),(330,'job',2,'c3e58fff-062d-481c-8aeb-e8e8425d5dae','Vị trí: Chuyên Viên Kinh Doanh Kênh Phân Phối B2C\nCông ty: FPT Telecom\nMức lương: 20000000\nKĩ năng yêu cầu: Làm việc nhóm, Thuyết trình\nKinh nghiệm: ONE_TO_THREE_YEARS\nĐịa điểm: Thành phố Hồ Chí Minh\nNgành nghề: IT & Telecommunications\nMô tả: - Sản phẩm kinh doanh chính: FPT Smart Home, FPT Camera\n- Tìm kiếm các đơn vị để phân phối các sản phẩm FPT Smart Home, FPT Camera\n- Mở rộng kênh bán hàng tại khu vực TP. Hồ Chí Minh\n- Tổ chức Workshop, bán hàng cùng Brandshop, Nhà phân phối, Đại lý\n- Tìm kiếm các đơn vị nhượng quyền của FPT Smart Home để bán hàng FPT Smart Home\n- Mở rộng đại lý cấp 2 cho các Brandshop/Nhà phân phối đang hỗ trợ\n- Mở rộng các đối tác từ kênh bán hàng: Xây dựng, camera, nội thất, vật liệu xây dựng, nhà bếp, cửa cổng, thầu xây dựng, ...\n- Làm việc tại: 336 Huỳnh Tấn Phát, Quận 7, TPHCM.\n',NULL,'job','DONE',NULL,NULL,NULL),(331,'job',3,'6b884c61-c402-46dd-b4f8-b0bb8284d22a','Vị trí: Tuyển dụng Frontend Developer (React.js)\nCông ty: FPT Telecom\nMức lương: 15000000\nKĩ năng yêu cầu: Giao tiếp\nKinh nghiệm: ONE_TO_THREE_YEARS\nĐịa điểm: Thành phố Hà Nội\nNgành nghề: IT & Telecommunications\nMô tả: - Phát triển và duy trì các ứng dụng web sử dụng React.js\n- Tối ưu hóa hiệu suất và trải nghiệm người dùng\n- Làm việc với REST APIs và các công nghệ frontend hiện đại\n- Tham gia vào quá trình thiết kế và phát triển sản phẩm\n',NULL,'job','DONE',NULL,NULL,NULL),(332,'job',4,'4498602f-07e4-447b-bf40-06dc897540a5','Vị trí: Tuyển Business Analyst (BA)\nCông ty: FPT Telecom\nMức lương: 22000000\nKĩ năng yêu cầu: Tư duy phản biện\nKinh nghiệm: THREE_TO_FIVE_YEARS\nĐịa điểm: Thành phố Hà Nội\nNgành nghề: IT & Telecommunications\nMô tả: Mô tả công việc:\n- Phân tích và đề xuất giải pháp nghiệp vụ\n- Làm việc với stakeholders để thu thập yêu cầu\n- Viết tài liệu đặc tả kỹ thuật\n- Hỗ trợ team phát triển trong quá trình implement\n\nYêu cầu:\n- Tốt nghiệp đại học chuyên ngành CNTT/Kinh tế\n- 2-3 năm kinh nghiệm vị trí BA\n- Kỹ năng phân tích và giải quyết vấn đề tốt\n- Tiếng Anh giao tiếp tốt\n- Ưu tiên có kinh nghiệm trong lĩnh vực Fintech\n\nQuyền lợi:\n- Mức lương: 20-35 triệu\n- Review lương 2 lần/năm\n- Bảo hiểm sức khỏe cao cấp\n- Đào tạo chuyên môn\n- Làm việc từ xa 2 ngày/tuần\n',NULL,'job','DONE',NULL,NULL,NULL),(333,'job',5,'db52c528-705f-494b-9786-10fb773588d4','Vị trí: Tuyển QA Engineer (Manual & Automation Testing)\nCông ty: Ngân Hàng TMCP Công Thương Việt Nam (VietinBank)\nMức lương: 15000000\nKĩ năng yêu cầu: Giao tiếp\nKinh nghiệm: ONE_TO_THREE_YEARS\nĐịa điểm: Thành phố Hà Nội\nNgành nghề: IT & Telecommunications\nMô tả: Mô tả công việc:\n- Lập kế hoạch và thực hiện kiểm thử phần mềm\n- Viết test cases và test scenarios\n- Thực hiện automation test với Selenium/Cypress\n- Báo cáo và theo dõi bugs\n\nYêu cầu:\n- 2+ năm kinh nghiệm QA\n- Kinh nghiệm với Selenium hoặc Cypress\n- Hiểu biết về quy trình Agile/Scrum\n- Kỹ năng viết tài liệu tốt\n- Tiếng Anh đọc hiểu tốt\n\nQuyền lợi:\n- Mức lương: 15-25 triệu\n- Thưởng project\n- Bảo hiểm theo luật\n- Đào tạo chuyên môn\n- Teambuilding hàng quý\n',NULL,'job','DONE',NULL,NULL,NULL),(334,'job',6,'ccd478a4-acfa-4675-a837-141949712345','Vị trí: Business Analyst (BA) - Fintech\nCông ty: Ngân Hàng TMCP Công Thương Việt Nam (VietinBank)\nMức lương: 30000000\nKĩ năng yêu cầu: Quản lý thời gian\nKinh nghiệm: ONE_TO_THREE_YEARS\nĐịa điểm: Thành phố Hà Nội\nNgành nghề: IT & Telecommunications\nMô tả: Mô tả công việc:\n- Phân tích và đề xuất giải pháp nghiệp vụ cho các dự án Fintech\n- Thu thập yêu cầu từ stakeholders và chuyển thành tài liệu kỹ thuật\n- Làm việc với team phát triển để đảm bảo triển khai đúng yêu cầu\n- Quản lý và theo dõi tiến độ dự án\n\nYêu cầu:\n- Tốt nghiệp đại học chuyên ngành CNTT/Kinh tế\n- 2-3 năm kinh nghiệm vị trí BA\n- Hiểu biết về quy trình phát triển phần mềm Agile/Scrum\n- Kỹ năng phân tích và giải quyết vấn đề tốt\n- Tiếng Anh giao tiếp tốt\n\nQuyền lợi:\n- Mức lương hấp dẫn theo năng lực\n- Review lương 2 lần/năm\n- Được đào tạo chuyên môn\n- Chế độ bảo hiểm đầy đủ\n- Môi trường làm việc chuyên nghiệp\n',NULL,'job','DONE',NULL,NULL,NULL),(335,'job',7,'89220e3c-e1b4-4510-8249-7f49ba10f064','Vị trí: Senior Java Developer (Spring Boot)\nCông ty: Ngân Hàng TMCP Công Thương Việt Nam (VietinBank)\nMức lương: 40000000\nKĩ năng yêu cầu: Làm việc nhóm, Quản lý thời gian\nKinh nghiệm: THREE_TO_FIVE_YEARS\nĐịa điểm: Thành phố Hà Nội\nNgành nghề: IT & Telecommunications\nMô tả: Mô tả công việc:\n- Phát triển và tối ưu hóa các ứng dụng backend sử dụng Java/Spring Boot\n- Thiết kế và xây dựng RESTful APIs\n- Làm việc với cơ sở dữ liệu SQL và NoSQL\n- Tham gia vào quá trình review code và mentoring\n\nYêu cầu:\n- 4+ năm kinh nghiệm phát triển Java\n- Thành thạo Spring Framework, Spring Boot, Spring Security\n- Kinh nghiệm với MySQL, MongoDB, Redis\n- Hiểu biết về microservices architecture\n- Kỹ năng debug và xử lý vấn đề tốt\n\nQuyền lợi:\n- Mức lương: 35-50 triệu (theo năng lực)\n- 13 tháng lương + thưởng dự án\n- Bảo hiểm sức khỏe cao cấp\n- Chế độ nghỉ phép linh hoạt\n- Cơ hội thăng tiến rõ ràng\n',NULL,'job','DONE',NULL,NULL,NULL),(336,'job',8,'90b98549-d7f2-4168-9c9e-fc4b64650284','Vị trí: UI/UX Designer (Fintech/Banking)\nCông ty: Ngân Hàng TMCP Công Thương Việt Nam (VietinBank)\nMức lương: 25000000\nKĩ năng yêu cầu: Giải quyết vấn đề\nKinh nghiệm: ONE_TO_THREE_YEARS\nĐịa điểm: Thành phố Hà Nội\nNgành nghề: IT & Telecommunications\nMô tả: Mô tả công việc:\n- Thiết kế giao diện người dùng cho các ứng dụng web và mobile\n- Tạo wireframes, prototypes và thiết kế chi tiết\n- Thực hiện nghiên cứu người dùng và phân tích UX\n- Làm việc chặt chẽ với team product và development\n\nYêu cầu:\n- 3+ năm kinh nghiệm UI/UX Design\n- Thành thạo Figma, Adobe XD\n- Portfolio thể hiện các dự án đã thực hiện\n- Hiểu biết về design system và design principles\n- Kinh nghiệm trong lĩnh vực Fintech là một lợi thế\n\nQuyền lợi:\n- Mức lương cạnh tranh theo năng lực\n- Được trang bị MacBook Pro và các công cụ design\n- Bảo hiểm sức khỏe cho nhân viên và người thân\n- Nghỉ phép 12 ngày/năm\n- Môi trường làm việc sáng tạo\n',NULL,'job','DONE',NULL,NULL,NULL),(337,'job',9,'cfda5a47-6f75-4db7-b87a-08bf5ebfc498','Vị trí: Senior Frontend Developer (ReactJS)\nCông ty: CÔNG TY CỔ PHẦN CÔNG NGHỆ THỰC PHẨM CHÂU Á (AFOTECH)\nMức lương: 15000000\nKĩ năng yêu cầu: Làm việc nhóm\nKinh nghiệm: THREE_TO_FIVE_YEARS\nĐịa điểm: Thành phố Hà Nội\nNgành nghề: IT & Telecommunications\nMô tả: Mô tả: \n- Phát triển và duy trì các ứng dụng web sử dụng ReactJS\n- Tối ưu hóa hiệu suất và trải nghiệm người dùng\n- Code review và mentoring cho các thành viên junior\n- Làm việc với các API và tích hợp backend\n\nYêu cầu:\n- 3+ năm kinh nghiệm với ReactJS\n- Thành thạo JavaScript/TypeScript, HTML5, CSS3\n- Kinh nghiệm với Redux, React Router\n- Hiểu biết về RESTful APIs\n- Kỹ năng tối ưu hóa hiệu suất website\n\nQuyền lợi:\n- Lương: 30-45 triệu\n- Review lương 2 lần/năm\n- Bảo hiểm full package\n- 12 ngày phép/năm\n- Thưởng dự án, thưởng năm\n',NULL,'job','DONE',NULL,NULL,NULL),(338,'job',10,'d4d04e95-8e1d-47e0-a8da-09a19dfd8235','Vị trí: QA Engineer (Manual & Automation Testing)\nCông ty: CÔNG TY CỔ PHẦN CÔNG NGHỆ THỰC PHẨM CHÂU Á (AFOTECH)\nMức lương: 15200000\nKĩ năng yêu cầu: Làm việc nhóm, Tư duy phản biện, Thuyết trình\nKinh nghiệm: ONE_TO_THREE_YEARS\nĐịa điểm: Thành phố Hà Nội\nNgành nghề: IT & Telecommunications\nMô tả: Mô tả:\n- Lập kế hoạch và thực hiện kiểm thử phần mềm\n- Viết test cases và test scenarios\n- Thực hiện automation test với Selenium/Cypress\n- Báo cáo và theo dõi bugs\n\nYêu cầu:\n- 2+ năm kinh nghiệm QA\n- Kinh nghiệm với Selenium/Cypress\n- Kiến thức về quy trình Agile/Scrum\n- Kỹ năng viết tài liệu test tốt\n\nQuyền lợi:\n- Lương: 18-25 triệu\n- Môi trường chuyên nghiệp\n- Cơ hội học hỏi công nghệ mới\n- Chế độ phúc lợi đầy đủ\n',NULL,'job','DONE',NULL,NULL,NULL),(339,'job',11,'c89e23b6-4235-4c7d-b5f4-88a2e112be7a','Vị trí: Digital Marketing Manager\nCông ty: CÔNG TY CỔ PHẦN CÔNG NGHỆ THỰC PHẨM CHÂU Á (AFOTECH)\nMức lương: 20000000\nKĩ năng yêu cầu: Làm việc nhóm, Giao tiếp, Giải quyết vấn đề, Tư duy phản biện\nKinh nghiệm: THREE_TO_FIVE_YEARS\nĐịa điểm: Thành phố Hà Nội\nNgành nghề: Banking & Finance\nMô tả: Mô tả:\n- Xây dựng và triển khai chiến lược marketing online\n- Quản lý các chiến dịch quảng cáo Facebook, Google Ads\n- Phân tích data và tối ưu hiệu quả marketing\n- Quản lý team marketing và ngân sách\n\nYêu cầu:\n- 3+ năm kinh nghiệm Digital Marketing\n- Thành thạo Facebook Ads, Google Ads\n- Kỹ năng phân tích data marketing\n- Khả năng quản lý dự án và team\n- Tiếng Anh tốt\n\nQuyền lợi:\n- Lương: 25-35 triệu\n- Thưởng theo doanh số\n- Môi trường năng động, sáng tạo\n- Đào tạo chuyên sâu\n- Bảo hiểm sức khỏe cho nhân viên và người thân\n',NULL,'job','DONE',NULL,NULL,NULL),(340,'job',16,'f4c0f4b9-fdc4-499c-a248-9959fa7e11e7','Vị trí: Senior Full Stack Developer\nCông ty: CÔNG TY CỔ PHẦN TẬP ĐOÀN KIM TÍN\nMức lương: 35000000\nKĩ năng yêu cầu: Làm việc nhóm, Giải quyết vấn đề\nKinh nghiệm: THREE_TO_FIVE_YEARS\nĐịa điểm: Thành phố Hồ Chí Minh\nNgành nghề: IT & Telecommunications\nMô tả: Chúng tôi đang tìm kiếm Senior Full Stack Developer với kinh nghiệm:\n- Thành thạo Java Spring Boot và ReactJS\n- Có ít nhất 5 năm kinh nghiệm phát triển web\n- Có kinh nghiệm với microservices và cloud platforms\n- Kỹ năng tối ưu hiệu suất và bảo mật ứng dụng\n',NULL,'job','DONE',NULL,NULL,NULL),(341,'job',17,'21129a20-a195-4a67-a2a8-c972ead5c342','Vị trí: Chuyên viên Phân tích Tài chính\nCông ty: CÔNG TY CỔ PHẦN TẬP ĐOÀN KIM TÍN\nMức lương: 15000000\nKĩ năng yêu cầu: Đàm phán\nKinh nghiệm: ONE_TO_THREE_YEARS\nĐịa điểm: Thành phố Hồ Chí Minh\nNgành nghề: Banking & Finance\nMô tả: Yêu cầu:\n- Tốt nghiệp Tài chính/Kế toán/Kinh tế\n- 3 năm kinh nghiệm phân tích tài chính\n- Thành thạo Excel và các công cụ phân tích\n- Chứng chỉ CFA là một lợi thế\n',NULL,'job','DONE',NULL,NULL,NULL),(342,'job',18,'a208fd35-4dd6-4484-b06c-dd1b5622c6c7','Vị trí: Chuyên viên Phát triển Chương trình Đào tạo\nCông ty: CÔNG TY CỔ PHẦN TẬP ĐOÀN KIM TÍN\nMức lương: 10000000\nKĩ năng yêu cầu: Làm việc nhóm, Tư duy phản biện\nKinh nghiệm: ONE_TO_THREE_YEARS\nĐịa điểm: Thành phố Hồ Chí Minh\nNgành nghề: Education & Training\nMô tả: Mô tả công việc:\n- Thiết kế và phát triển giáo trình\n- Đánh giá hiệu quả đào tạo\n- Cập nhật nội dung theo xu hướng mới\n- Yêu cầu: Kinh nghiệm trong giáo dục 3 năm\n',NULL,'job','DONE',NULL,NULL,NULL),(343,'job',21,'f040138d-e10b-4bd7-ae11-900ebaddf560','Vị trí: Senior Java Developer\nCông ty: CÔNG TY CỔ PHẦN TẬP ĐOÀN KIM TÍN\nMức lương: 25000000\nKĩ năng yêu cầu: \nKinh nghiệm: NO_EXPERIENCE\nĐịa điểm: Thành phố Hồ Chí Minh\nNgành nghề: IT & Telecommunications\nMô tả: Chúng tôi đang tìm kiếm một Senior Java Developer có kinh nghiệm\n',NULL,'job','DONE',NULL,NULL,NULL),(344,'job',22,'48d2e316-24e6-42cb-afa4-ec7b36ea64d5','Vị trí: Senior Java Developer123\nCông ty: CÔNG TY CỔ PHẦN TẬP ĐOÀN KIM TÍN\nMức lương: 25000000\nKĩ năng yêu cầu: \nKinh nghiệm: NO_EXPERIENCE\nĐịa điểm: Thành phố Hồ Chí Minh\nNgành nghề: IT & Telecommunications\nMô tả: Chúng tôi đang tìm kiếm một Senior Java Developer có kinh nghiệm\n',NULL,'job','DONE',NULL,NULL,NULL),(345,'job',23,'52ae87a6-ff8c-4f20-958c-aa3ae0f86234','Vị trí: React Native Developer\nCông ty: CÔNG TY CỔ PHẦN TẬP ĐOÀN KIM TÍN\nMức lương: 25000000\nKĩ năng yêu cầu: \nKinh nghiệm: ONE_TO_THREE_YEARS\nĐịa điểm: Thành phố Hồ Chí Minh\nNgành nghề: IT & Telecommunications\nMô tả: Phát triển ứng dụng mobile sử dụng React Native. Yêu cầu:\n- 2+ năm kinh nghiệm React Native\n- Thành thạo JavaScript/TypeScript\n- Kinh nghiệm với Redux, React Navigation\n- Hiểu biết về native modules\n',NULL,'job','DONE',NULL,NULL,NULL),(346,'job',24,'225f5954-1f40-461a-b99a-abf1dd69319d','Vị trí: Cloud Solutions Architect\nCông ty: CÔNG TY CỔ PHẦN TẬP ĐOÀN KIM TÍN\nMức lương: 45000000\nKĩ năng yêu cầu: \nKinh nghiệm: THREE_TO_FIVE_YEARS\nĐịa điểm: Hà Nội\nNgành nghề: IT & Telecommunications\nMô tả: Phát triển và quản lý hệ thống cloud. Yêu cầu:\n- 3+ năm kinh nghiệm AWS\n- Chứng chỉ AWS Solutions Architect\n- Kinh nghiệm với Docker, Kubernetes\n- CI/CD pipeline\n',NULL,'job','DONE',NULL,NULL,NULL),(347,'job',25,'9cd3468d-2840-4e6c-a00c-1cc6035923ff','Vị trí: Blockchain Developer\nCông ty: CÔNG TY CỔ PHẦN TẬP ĐOÀN KIM TÍN\nMức lương: 35000000\nKĩ năng yêu cầu: \nKinh nghiệm: ONE_TO_THREE_YEARS\nĐịa điểm: Đà Nẵng\nNgành nghề: IT & Telecommunications\nMô tả: Phát triển ứng dụng blockchain. Yêu cầu:\n- 2+ năm kinh nghiệm Solidity\n- Hiểu biết về Smart Contracts\n- Kinh nghiệm với Web3.js\n- Background về cryptography\n',NULL,'job','DONE',NULL,NULL,NULL),(348,'job',26,'167bc16d-1acb-4d70-811b-248fd7cb1aae','Vị trí: Unity Game Developer\nCông ty: Vingroup JSC\nMức lương: 40000000\nKĩ năng yêu cầu: \nKinh nghiệm: THREE_TO_FIVE_YEARS\nĐịa điểm: Thành phố Hồ Chí Minh\nNgành nghề: IT & Telecommunications\nMô tả: Phát triển game Unity. Yêu cầu:\n- 3+ năm kinh nghiệm Unity\n- Thành thạo C#\n- Kinh nghiệm với 3D modeling\n- Portfolio các game đã phát triển\n',NULL,'job','DONE',NULL,NULL,NULL),(349,'job',27,'b1ad7c17-118a-4982-85a3-88b38e40707a','Vị trí: Machine Learning Engineer\nCông ty: Vingroup JSC\nMức lương: 50000000\nKĩ năng yêu cầu: \nKinh nghiệm: THREE_TO_FIVE_YEARS\nĐịa điểm: Hà Nội\nNgành nghề: IT & Telecommunications\nMô tả: Phát triển ML/AI. Yêu cầu:\n- Master/PhD trong ML/AI\n- Thành thạo Python, TensorFlow\n- Kinh nghiệm với Computer Vision\n- Research background\n',NULL,'job','DONE',NULL,NULL,NULL),(350,'job',28,'9d3c0031-8bfd-4ef8-91c3-cb4993ee9161','Vị trí: Senior Product Manager - Fintech\nCông ty: CMC Corporation\nMức lương: 60000000\nKĩ năng yêu cầu: \nKinh nghiệm: FIVE_TO_TEN_YEARS\nĐịa điểm: Thành phố Hồ Chí Minh\nNgành nghề: Banking & Finance\nMô tả: Product Manager cho fintech app. Yêu cầu:\n- 5+ năm kinh nghiệm product management\n- Background về fintech\n- Kỹ năng phân tích data\n- Leadership skills\n',NULL,'job','DONE',NULL,NULL,NULL),(351,'job',29,'c1a06785-373f-499a-a95f-ce59e8a4940b','Vị trí: Senior DevOps Engineer\nCông ty: CMC Corporation\nMức lương: 45000000\nKĩ năng yêu cầu: \nKinh nghiệm: THREE_TO_FIVE_YEARS\nĐịa điểm: Hà Nội\nNgành nghề: IT & Telecommunications\nMô tả: DevOps Engineer với kinh nghiệm về cloud. Yêu cầu:\n- 3+ năm kinh nghiệm DevOps\n- AWS/Azure certifications\n- Ansible, Terraform\n- Monitoring tools\n',NULL,'job','DONE',NULL,NULL,NULL),(352,'job',30,'2823dcf4-a033-47c1-84fe-840439926c2c','Vị trí: Senior Data Engineer\nCông ty: MISA JSC\nMức lương: 40000000\nKĩ năng yêu cầu: \nKinh nghiệm: THREE_TO_FIVE_YEARS\nĐịa điểm: Đà Nẵng\nNgành nghề: IT & Telecommunications\nMô tả: Data Engineer với kinh nghiệm big data. Yêu cầu:\n- 4+ năm kinh nghiệm\n- Hadoop ecosystem\n- Spark, Kafka\n- SQL/NoSQL databases\n',NULL,'job','DONE',NULL,NULL,NULL),(353,'job',31,'a6339a26-dbc6-4872-b37f-7bbc40b9cc22','Vị trí: Frontend React Developer\nCông ty: Sendo JSC\nMức lương: 25000000\nKĩ năng yêu cầu: \nKinh nghiệm: ONE_TO_THREE_YEARS\nĐịa điểm: Thành phố Hồ Chí Minh\nNgành nghề: IT & Telecommunications\nMô tả: Frontend Developer với React. Yêu cầu:\n- 2+ năm kinh nghiệm React\n- TypeScript\n- State management\n- Testing\n',NULL,'job','DONE',NULL,NULL,NULL),(354,'job',32,'460a4523-aa72-495e-8226-e0d880a8d350','Vị trí: Backend Node.js Developer\nCông ty: Lotte Data Communication Vietnam\nMức lương: 35000000\nKĩ năng yêu cầu: \nKinh nghiệm: THREE_TO_FIVE_YEARS\nĐịa điểm: Hà Nội\nNgành nghề: IT & Telecommunications\nMô tả: Backend Developer với Node.js. Yêu cầu:\n- 3+ năm kinh nghiệm Node.js\n- Express/NestJS\n- MongoDB\n- Microservices\n',NULL,'job','DONE',NULL,NULL,NULL),(355,'job',33,'d66428e6-8656-43e8-a679-48fe8fbfe22a','Vị trí: iOS Developer\nCông ty: Lotte Data Communication Vietnam\nMức lương: 40000000\nKĩ năng yêu cầu: \nKinh nghiệm: THREE_TO_FIVE_YEARS\nĐịa điểm: Thành phố Hồ Chí Minh\nNgành nghề: IT & Telecommunications\nMô tả: Mobile App Developer (iOS). Yêu cầu:\n- 3+ năm kinh nghiệm iOS development\n- Swift, SwiftUI\n- Kinh nghiệm với Apple guidelines\n- CI/CD cho iOS apps\n',NULL,'job','DONE',NULL,NULL,NULL),(356,'job',34,'de5c3f6b-86a8-45eb-b704-50052053ad80','Vị trí: Security Engineer\nCông ty: NashTech Vietnam\nMức lương: 45000000\nKĩ năng yêu cầu: \nKinh nghiệm: THREE_TO_FIVE_YEARS\nĐịa điểm: Hà Nội\nNgành nghề: IT & Telecommunications\nMô tả: Security Engineer. Yêu cầu:\n- 4+ năm kinh nghiệm security\n- Penetration testing\n- Security compliance\n- Incident response\n',NULL,'job','DONE',NULL,NULL,NULL),(357,'job',35,'93cfd2f3-f3a9-4e25-94bc-ede9439cf66f','Vị trí: UX Researcher\nCông ty: TMA Solutions\nMức lương: 35000000\nKĩ năng yêu cầu: \nKinh nghiệm: THREE_TO_FIVE_YEARS\nĐịa điểm: Đà Nẵng\nNgành nghề: IT & Telecommunications\nMô tả: UX Researcher. Yêu cầu:\n- 3+ năm kinh nghiệm UX research\n- User testing\n- Data analysis\n- Research methodologies\n',NULL,'job','DONE',NULL,NULL,NULL),(358,'job',36,'2756247e-1657-40f1-8859-d3950387f7a8','Vị trí: Technical Project Manager\nCông ty: Sendo JSC\nMức lương: 50000000\nKĩ năng yêu cầu: \nKinh nghiệm: FIVE_TO_TEN_YEARS\nĐịa điểm: Thành phố Hồ Chí Minh\nNgành nghề: IT & Telecommunications\nMô tả: Technical Project Manager. Yêu cầu:\n- 5+ năm kinh nghiệm quản lý dự án\n- Agile/Scrum certification\n- Technical background\n- Leadership skills\n',NULL,'job','DONE',NULL,NULL,NULL),(359,'job',37,'f0df1b57-231b-4bf5-96aa-cf95d4577c56','Vị trí: Senior DBA\nCông ty: Lotte Data Communication Vietnam\nMức lương: 40000000\nKĩ năng yêu cầu: \nKinh nghiệm: THREE_TO_FIVE_YEARS\nĐịa điểm: Hà Nội\nNgành nghề: IT & Telecommunications\nMô tả: Database Administrator. Yêu cầu:\n- 4+ năm kinh nghiệm DBA\n- MySQL, PostgreSQL\n- Performance tuning\n- Backup & recovery\n',NULL,'job','DONE',NULL,NULL,NULL),(360,'job',38,'9e6aba29-d963-4b77-9e61-7a41c2b2ce39','Vị trí: Senior Android Developer\nCông ty: NashTech Vietnam\nMức lương: 35000000\nKĩ năng yêu cầu: \nKinh nghiệm: THREE_TO_FIVE_YEARS\nĐịa điểm: Đà Nẵng\nNgành nghề: IT & Telecommunications\nMô tả: Android Developer. Yêu cầu:\n- 3+ năm kinh nghiệm Android\n- Kotlin\n- MVVM architecture\n- Material Design\n',NULL,'job','DONE',NULL,NULL,NULL),(361,'job',39,'87a70769-30ed-4579-862b-3e3fdafb774c','Vị trí: Senior Data Scientist\nCông ty: TMA Solutions\nMức lương: 55000000\nKĩ năng yêu cầu: \nKinh nghiệm: THREE_TO_FIVE_YEARS\nĐịa điểm: Hà Nội\nNgành nghề: IT & Telecommunications\nMô tả: Data Scientist. Yêu cầu:\n- Master/PhD trong Data Science/Statistics\n- Python, R\n- Machine Learning\n- Deep Learning\n- Big Data tools\n- Research experience\n',NULL,'job','DONE',NULL,NULL,NULL),(362,'job',40,'21d9bb59-6cda-4900-85b3-3715e76d69cf','Vị trí: Technical Lead\nCông ty: Sendo JSC\nMức lương: 70000000\nKĩ năng yêu cầu: \nKinh nghiệm: MORE_THAN_TEN_YEARS\nĐịa điểm: Thành phố Hồ Chí Minh\nNgành nghề: IT & Telecommunications\nMô tả: Technical Lead - Microservices. Yêu cầu:\n- 7+ năm kinh nghiệm development\n- Microservices Architecture\n- System Design\n- Team Management\n- Agile/Scrum\n',NULL,'job','DONE',NULL,NULL,NULL),(363,'job',41,'fe996c82-9fd4-4b48-b740-6700a7c7d499','Vị trí: Digital Marketing Specialist\nCông ty: Lotte Data Communication Vietnam\nMức lương: 25000000\nKĩ năng yêu cầu: \nKinh nghiệm: THREE_TO_FIVE_YEARS\nĐịa điểm: Đà Nẵng\nNgành nghề: Banking & Finance\nMô tả: Digital Marketing Specialist. Yêu cầu:\n- 3+ năm kinh nghiệm digital marketing\n- Google Ads, Facebook Ads\n- SEO/SEM\n- Analytics\n- Content Strategy\n',NULL,'job','DONE',NULL,NULL,NULL),(364,'job',42,'6eb2835c-7c48-4f99-b452-7a79d27be7e7','Vị trí: BI Analyst\nCông ty: NashTech Vietnam\nMức lương: 40000000\nKĩ năng yêu cầu: \nKinh nghiệm: THREE_TO_FIVE_YEARS\nĐịa điểm: Hà Nội\nNgành nghề: IT & Telecommunications\nMô tả: Business Intelligence Analyst. Yêu cầu:\n- 4+ năm kinh nghiệm BI\n- SQL\n- Power BI/Tableau\n- Data Warehousing\n- Statistical Analysis\n',NULL,'job','DONE',NULL,NULL,NULL),(365,'job',43,'19ad9754-bf69-4a11-9308-3a35b60f961d','Vị trí: Senior SRE\nCông ty: TMA Solutions\nMức lương: 60000000\nKĩ năng yêu cầu: \nKinh nghiệm: FIVE_TO_TEN_YEARS\nĐịa điểm: Thành phố Hồ Chí Minh\nNgành nghề: IT & Telecommunications\nMô tả: Site Reliability Engineer. Yêu cầu:\n- 5+ năm kinh nghiệm DevOps/SRE\n- Cloud Platforms (AWS/GCP)\n- Infrastructure as Code\n- Monitoring & Alerting\n- Performance Optimization\n',NULL,'job','DONE',NULL,NULL,NULL),(366,'job',44,'c94afe8e-acdb-4a8c-bf4d-9efb2176f409','Vị trí: Solution Architect\nCông ty: Sendo JSC\nMức lương: 80000000\nKĩ năng yêu cầu: \nKinh nghiệm: MORE_THAN_TEN_YEARS\nĐịa điểm: Hà Nội\nNgành nghề: IT & Telecommunications\nMô tả: Solution Architect. Yêu cầu:\n- 8+ năm kinh nghiệm development\n- System Architecture\n- Cloud Solutions\n- Enterprise Integration\n- Technical Leadership\n',NULL,'job','DONE',NULL,NULL,NULL),(367,'job',45,'82468d7f-8bb0-43de-906a-6d040dcd9e5d','Vị trí: Senior Product Designer\nCông ty: TMA Solutions\nMức lương: 35000000\nKĩ năng yêu cầu: \nKinh nghiệm: THREE_TO_FIVE_YEARS\nĐịa điểm: Đà Nẵng\nNgành nghề: IT & Telecommunications\nMô tả: Product Designer. Yêu cầu:\n- 4+ năm kinh nghiệm product design\n- UI/UX Design\n- Design Systems\n- User Research\n- Prototyping Tools\n',NULL,'job','DONE',NULL,NULL,NULL),(368,'job',46,'849e9f6e-0e73-4bab-b048-cfdfaac71198','Vị trí: InfoSec Manager\nCông ty: NashTech Vietnam\nMức lương: 70000000\nKĩ năng yêu cầu: \nKinh nghiệm: FIVE_TO_TEN_YEARS\nĐịa điểm: Thành phố Hồ Chí Minh\nNgành nghề: IT & Telecommunications\nMô tả: Information Security Manager. Yêu cầu:\n- 7+ năm kinh nghiệm security\n- Security Frameworks\n- Risk Management\n- Team Leadership\n- Security Certifications\n',NULL,'job','DONE',NULL,NULL,NULL),(369,'job',47,'19f915e7-0d70-4ab5-bfe6-c06418f4dd6a','Vị trí: AI Research Engineer\nCông ty: Lotte Data Communication Vietnam\nMức lương: 65000000\nKĩ năng yêu cầu: \nKinh nghiệm: FIVE_TO_TEN_YEARS\nĐịa điểm: Hà Nội\nNgành nghề: IT & Telecommunications\nMô tả: AI Research Engineer. Yêu cầu:\n- PhD in AI/ML\n- Deep Learning\n- Computer Vision\n- NLP\n- Research Publications\n',NULL,'job','DONE',NULL,NULL,NULL),(370,'job',48,'429390ff-81c1-4c00-aef3-3f9440fe04bd','Vị trí: Senior Embedded Engineer\nCông ty: Sendo JSC\nMức lương: 45000000\nKĩ năng yêu cầu: \nKinh nghiệm: FIVE_TO_TEN_YEARS\nĐịa điểm: Đà Nẵng\nNgành nghề: IT & Telecommunications\nMô tả: Embedded Systems Engineer. Yêu cầu:\n- 5+ năm kinh nghiệm embedded systems\n- C/C++\n- RTOS\n- Hardware Interfaces\n- IoT Protocols\n',NULL,'job','DONE',NULL,NULL,NULL),(371,'job',53,'50f56dd1-61d7-44b7-a65c-736e7d7d2bab','Vị trí: Tuyển dụng Senior Java Backend Developer\nCông ty: Công ty TNHH Phần mềm Alpha (Alpha Software Solutions)\nMức lương: 15000000\nKĩ năng yêu cầu: \nKinh nghiệm: ONE_TO_THREE_YEARS\nĐịa điểm: Thành phố Hồ Chí Minh\nNgành nghề: IT & Telecommunications\nMô tả: Thiết kế, phát triển và duy trì các dịch vụ backend hiệu suất cao bằng Java/Spring Boot.\n\nTham gia vào việc đánh giá và tối ưu hóa kiến trúc Microservices, đảm bảo khả năng mở rộng (scalability) và độ tin cậy của hệ thống.\n\nLàm việc với các hệ thống cơ sở dữ liệu (PostgreSQL/MongoDB) và các giải pháp Caching (Redis).\n\nĐảm bảo chất lượng mã thông qua Code Review, viết Unit Test và Integration Test.\n\nHợp tác chặt chẽ với đội ngũ DevOps để triển khai ứng dụng sử dụng Docker và Kubernetes.\n',NULL,'job','DONE',NULL,NULL,NULL),(372,'job',54,'12e06d1b-c2dd-4941-8cd8-5dd8b73c1134','Vị trí: Tuyển Senior React Developer (Lương $15.000.000 - $30.000.000)\nCông ty: Công ty Cổ phần Giải pháp Công nghệ ABC\nMức lương: 15000000\nKĩ năng yêu cầu: \nKinh nghiệm: LESS_THAN_1_YEAR\nĐịa điểm: Tỉnh Tuyên Quang\nNgành nghề: IT & Telecommunications\nMô tả: Phát triển và bảo trì các ứng dụng web sử dụng React/Redux. Đảm bảo chất lượng code, tối ưu hiệu suất. Yêu cầu 3+ năm kinh nghiệm. Quyền lợi: Lương tháng 13, bảo hiểm sức khỏe cao cấp.\n',NULL,'job','DONE',NULL,NULL,NULL),(373,'job',57,'8b93d681-d0d5-4bef-a8d5-90c363028287','Vị trí: Chuyên viên Phát triển Kinh doanh B2B\nCông ty: Công ty Cổ phần Công nghệ Toàn cầu 4.0\nMức lương: 10000000\nKĩ năng yêu cầu: \nKinh nghiệm: LESS_THAN_1_YEAR\nĐịa điểm: Thành phố Hà Nội\nNgành nghề: IT & Telecommunications\nMô tả: Tìm kiếm và mở rộng mạng lưới khách hàng doanh nghiệp. Đàm phán và ký kết hợp đồng. Ưu tiên có kinh nghiệm Sales trong lĩnh vực IT.\n',NULL,'job','DONE',NULL,NULL,NULL),(374,'job',58,'bbf96408-3bb4-4690-8a41-b9bf66503e57','Vị trí: Tuyển dụng Chuyên viên Phân tích nghiệp vụ (Business Analyst)\nCông ty: CÔNG TY CỔ PHẦN TẬP ĐOÀN KIM TÍN\nMức lương: 20000000\nKĩ năng yêu cầu: \nKinh nghiệm: LESS_THAN_1_YEAR\nĐịa điểm: Tỉnh Hà Giang\nNgành nghề: IT & Telecommunications\nMô tả: Thu thập, phân tích yêu cầu từ khách hàng và chuyển thành tài liệu chức năng (BRD, SRS). Yêu cầu: Kỹ năng giao tiếp tốt, thành thạo UML/BPMN, có kinh nghiệm làm việc trong lĩnh vực FinTech. Quyền lợi: Lương cạnh tranh, bảo hiểm PVI, training chuyên sâu.\n',NULL,'job','DONE',NULL,NULL,NULL),(375,'job',59,'9ad95271-9478-46e4-804a-642a5d5e665a','Vị trí: Tuyển dụng Product Manager cho Sản phẩm Mobile App\nCông ty: Công ty Cổ phần Công nghệ Toàn cầu 4.0\nMức lương: 25000000\nKĩ năng yêu cầu: \nKinh nghiệm: ONE_TO_THREE_YEARS\nĐịa điểm: Tỉnh Cao Bằng\nNgành nghề: IT & Telecommunications\nMô tả: Nghiên cứu thị trường, xây dựng lộ trình sản phẩm (Roadmap), viết User Stories. Phối hợp với team Dev/Design/Marketing để đưa sản phẩm ra thị trường. Yêu cầu: 3+ năm kinh nghiệm PM, thành thạo công cụ Agile (JIRA/Confluence). Quyền lợi: Lương hấp dẫn, cổ phần công ty, du lịch hàng năm.\n',NULL,'job','DONE',NULL,NULL,NULL),(376,'job',60,'abd70b1d-c4d1-4c30-9719-9074f6a3d718','Vị trí: Tuyển dụng Senior React Developer (Front-end)\nCông ty: Công ty Cổ phần Đào tạo Công nghệ Vươn Xa\nMức lương: 35000000\nKĩ năng yêu cầu: \nKinh nghiệm: LESS_THAN_1_YEAR\nĐịa điểm: Tỉnh Cao Bằng\nNgành nghề: IT & Telecommunications\nMô tả: Xây dựng và duy trì các thành phần UI/UX hiệu suất cao bằng ReactJS và Redux/Zustand. Yêu cầu: 3+ năm kinh nghiệm, thành thạo HTML/CSS/JavaScript, React Hook. Quyền lợi: Lương thưởng hấp dẫn, làm việc remote linh hoạt 2 ngày/tuần.\n',NULL,'job','DONE',NULL,NULL,NULL),(377,'job',1,'e7c67e5e-23b7-4f3f-9c3d-ae9b88c1b814','Vị trí: Nhân Viên Kỹ Thuật FPT Telecom - Q. Tân Bình\nCông ty: FPT Telecom\nMức lương: 10000000\nKĩ năng yêu cầu: Làm việc nhóm, Quản lý thời gian\nKinh nghiệm: ONE_TO_THREE_YEARS\nĐịa điểm: Thành phố Hồ Chí Minh\nNgành nghề: IT & Telecommunications\nMô tả: - Bảo trì, khắc phục lỗi kỹ thuật liên quan đến dịch vụ Internet, dịch vụ truyền hình FPT và các dịch vụ viễn thông tại nhà khách hàng.\n\n- Triển khai nâng cấp dịch vụ truyền hình FPT, hệ thống Wifi, Camera và các dịch vụ gia tăng khác trên đường truyền Internet tại nhà khách hàng.\n\n- Ghi nhận phản hồi trực tiếp từ khách hàng, phối hợp với các bộ phận liên quan trong việc nâng cao chất lượng dịch vụ của công ty.\n\n- Tư vấn, hướng dẫn sử dụng và cài đặt các dịch vụ đi kèm do FPT Telecom cung cấp cho khách hàng (Truyền hình FPT, Camera, thiết bị wifi...).\n\n- Hỗ trợ kỹ thuật tại nhà khách hàng.\n',NULL,'job','DONE',NULL,NULL,NULL),(378,'job',2,'a2a71549-2eb3-48ae-aa2f-53908aa77ed6','Vị trí: Chuyên Viên Kinh Doanh Kênh Phân Phối B2C\nCông ty: FPT Telecom\nMức lương: 20000000\nKĩ năng yêu cầu: Làm việc nhóm, Thuyết trình\nKinh nghiệm: ONE_TO_THREE_YEARS\nĐịa điểm: Thành phố Hồ Chí Minh\nNgành nghề: IT & Telecommunications\nMô tả: - Sản phẩm kinh doanh chính: FPT Smart Home, FPT Camera\n- Tìm kiếm các đơn vị để phân phối các sản phẩm FPT Smart Home, FPT Camera\n- Mở rộng kênh bán hàng tại khu vực TP. Hồ Chí Minh\n- Tổ chức Workshop, bán hàng cùng Brandshop, Nhà phân phối, Đại lý\n- Tìm kiếm các đơn vị nhượng quyền của FPT Smart Home để bán hàng FPT Smart Home\n- Mở rộng đại lý cấp 2 cho các Brandshop/Nhà phân phối đang hỗ trợ\n- Mở rộng các đối tác từ kênh bán hàng: Xây dựng, camera, nội thất, vật liệu xây dựng, nhà bếp, cửa cổng, thầu xây dựng, ...\n- Làm việc tại: 336 Huỳnh Tấn Phát, Quận 7, TPHCM.\n',NULL,'job','DONE',NULL,NULL,NULL),(379,'job',3,'49007293-4313-4556-9baf-bad9bda138ea','Vị trí: Tuyển dụng Frontend Developer (React.js)\nCông ty: FPT Telecom\nMức lương: 15000000\nKĩ năng yêu cầu: Giao tiếp\nKinh nghiệm: ONE_TO_THREE_YEARS\nĐịa điểm: Thành phố Hà Nội\nNgành nghề: IT & Telecommunications\nMô tả: - Phát triển và duy trì các ứng dụng web sử dụng React.js\n- Tối ưu hóa hiệu suất và trải nghiệm người dùng\n- Làm việc với REST APIs và các công nghệ frontend hiện đại\n- Tham gia vào quá trình thiết kế và phát triển sản phẩm\n',NULL,'job','DONE',NULL,NULL,NULL),(380,'job',4,'888b804b-4f22-49ce-aa55-b89f5376172e','Vị trí: Tuyển Business Analyst (BA)\nCông ty: FPT Telecom\nMức lương: 22000000\nKĩ năng yêu cầu: Tư duy phản biện\nKinh nghiệm: THREE_TO_FIVE_YEARS\nĐịa điểm: Thành phố Hà Nội\nNgành nghề: IT & Telecommunications\nMô tả: Mô tả công việc:\n- Phân tích và đề xuất giải pháp nghiệp vụ\n- Làm việc với stakeholders để thu thập yêu cầu\n- Viết tài liệu đặc tả kỹ thuật\n- Hỗ trợ team phát triển trong quá trình implement\n\nYêu cầu:\n- Tốt nghiệp đại học chuyên ngành CNTT/Kinh tế\n- 2-3 năm kinh nghiệm vị trí BA\n- Kỹ năng phân tích và giải quyết vấn đề tốt\n- Tiếng Anh giao tiếp tốt\n- Ưu tiên có kinh nghiệm trong lĩnh vực Fintech\n\nQuyền lợi:\n- Mức lương: 20-35 triệu\n- Review lương 2 lần/năm\n- Bảo hiểm sức khỏe cao cấp\n- Đào tạo chuyên môn\n- Làm việc từ xa 2 ngày/tuần\n',NULL,'job','DONE',NULL,NULL,NULL),(381,'job',5,'736cbbed-5a3c-49e3-a6ac-bd675dbf2f45','Vị trí: Tuyển QA Engineer (Manual & Automation Testing)\nCông ty: Ngân Hàng TMCP Công Thương Việt Nam (VietinBank)\nMức lương: 15000000\nKĩ năng yêu cầu: Giao tiếp\nKinh nghiệm: ONE_TO_THREE_YEARS\nĐịa điểm: Thành phố Hà Nội\nNgành nghề: IT & Telecommunications\nMô tả: Mô tả công việc:\n- Lập kế hoạch và thực hiện kiểm thử phần mềm\n- Viết test cases và test scenarios\n- Thực hiện automation test với Selenium/Cypress\n- Báo cáo và theo dõi bugs\n\nYêu cầu:\n- 2+ năm kinh nghiệm QA\n- Kinh nghiệm với Selenium hoặc Cypress\n- Hiểu biết về quy trình Agile/Scrum\n- Kỹ năng viết tài liệu tốt\n- Tiếng Anh đọc hiểu tốt\n\nQuyền lợi:\n- Mức lương: 15-25 triệu\n- Thưởng project\n- Bảo hiểm theo luật\n- Đào tạo chuyên môn\n- Teambuilding hàng quý\n',NULL,'job','DONE',NULL,NULL,NULL),(382,'job',6,'1ba21985-955b-4b61-9368-517f5f458919','Vị trí: Business Analyst (BA) - Fintech\nCông ty: Ngân Hàng TMCP Công Thương Việt Nam (VietinBank)\nMức lương: 30000000\nKĩ năng yêu cầu: Quản lý thời gian\nKinh nghiệm: ONE_TO_THREE_YEARS\nĐịa điểm: Thành phố Hà Nội\nNgành nghề: IT & Telecommunications\nMô tả: Mô tả công việc:\n- Phân tích và đề xuất giải pháp nghiệp vụ cho các dự án Fintech\n- Thu thập yêu cầu từ stakeholders và chuyển thành tài liệu kỹ thuật\n- Làm việc với team phát triển để đảm bảo triển khai đúng yêu cầu\n- Quản lý và theo dõi tiến độ dự án\n\nYêu cầu:\n- Tốt nghiệp đại học chuyên ngành CNTT/Kinh tế\n- 2-3 năm kinh nghiệm vị trí BA\n- Hiểu biết về quy trình phát triển phần mềm Agile/Scrum\n- Kỹ năng phân tích và giải quyết vấn đề tốt\n- Tiếng Anh giao tiếp tốt\n\nQuyền lợi:\n- Mức lương hấp dẫn theo năng lực\n- Review lương 2 lần/năm\n- Được đào tạo chuyên môn\n- Chế độ bảo hiểm đầy đủ\n- Môi trường làm việc chuyên nghiệp\n',NULL,'job','DONE',NULL,NULL,NULL),(383,'job',7,'5ce1dfd6-bfe4-4b2f-8069-ea60553133a5','Vị trí: Senior Java Developer (Spring Boot)\nCông ty: Ngân Hàng TMCP Công Thương Việt Nam (VietinBank)\nMức lương: 40000000\nKĩ năng yêu cầu: Làm việc nhóm, Quản lý thời gian\nKinh nghiệm: THREE_TO_FIVE_YEARS\nĐịa điểm: Thành phố Hà Nội\nNgành nghề: IT & Telecommunications\nMô tả: Mô tả công việc:\n- Phát triển và tối ưu hóa các ứng dụng backend sử dụng Java/Spring Boot\n- Thiết kế và xây dựng RESTful APIs\n- Làm việc với cơ sở dữ liệu SQL và NoSQL\n- Tham gia vào quá trình review code và mentoring\n\nYêu cầu:\n- 4+ năm kinh nghiệm phát triển Java\n- Thành thạo Spring Framework, Spring Boot, Spring Security\n- Kinh nghiệm với MySQL, MongoDB, Redis\n- Hiểu biết về microservices architecture\n- Kỹ năng debug và xử lý vấn đề tốt\n\nQuyền lợi:\n- Mức lương: 35-50 triệu (theo năng lực)\n- 13 tháng lương + thưởng dự án\n- Bảo hiểm sức khỏe cao cấp\n- Chế độ nghỉ phép linh hoạt\n- Cơ hội thăng tiến rõ ràng\n',NULL,'job','DONE',NULL,NULL,NULL),(384,'job',8,'820b528b-20d6-4614-b745-b40da6558a17','Vị trí: UI/UX Designer (Fintech/Banking)\nCông ty: Ngân Hàng TMCP Công Thương Việt Nam (VietinBank)\nMức lương: 25000000\nKĩ năng yêu cầu: Giải quyết vấn đề\nKinh nghiệm: ONE_TO_THREE_YEARS\nĐịa điểm: Thành phố Hà Nội\nNgành nghề: IT & Telecommunications\nMô tả: Mô tả công việc:\n- Thiết kế giao diện người dùng cho các ứng dụng web và mobile\n- Tạo wireframes, prototypes và thiết kế chi tiết\n- Thực hiện nghiên cứu người dùng và phân tích UX\n- Làm việc chặt chẽ với team product và development\n\nYêu cầu:\n- 3+ năm kinh nghiệm UI/UX Design\n- Thành thạo Figma, Adobe XD\n- Portfolio thể hiện các dự án đã thực hiện\n- Hiểu biết về design system và design principles\n- Kinh nghiệm trong lĩnh vực Fintech là một lợi thế\n\nQuyền lợi:\n- Mức lương cạnh tranh theo năng lực\n- Được trang bị MacBook Pro và các công cụ design\n- Bảo hiểm sức khỏe cho nhân viên và người thân\n- Nghỉ phép 12 ngày/năm\n- Môi trường làm việc sáng tạo\n',NULL,'job','DONE',NULL,NULL,NULL),(385,'job',9,'bf2e3b16-2580-4486-967b-ae02228415f6','Vị trí: Senior Frontend Developer (ReactJS)\nCông ty: CÔNG TY CỔ PHẦN CÔNG NGHỆ THỰC PHẨM CHÂU Á (AFOTECH)\nMức lương: 15000000\nKĩ năng yêu cầu: Làm việc nhóm\nKinh nghiệm: THREE_TO_FIVE_YEARS\nĐịa điểm: Thành phố Hà Nội\nNgành nghề: IT & Telecommunications\nMô tả: Mô tả: \n- Phát triển và duy trì các ứng dụng web sử dụng ReactJS\n- Tối ưu hóa hiệu suất và trải nghiệm người dùng\n- Code review và mentoring cho các thành viên junior\n- Làm việc với các API và tích hợp backend\n\nYêu cầu:\n- 3+ năm kinh nghiệm với ReactJS\n- Thành thạo JavaScript/TypeScript, HTML5, CSS3\n- Kinh nghiệm với Redux, React Router\n- Hiểu biết về RESTful APIs\n- Kỹ năng tối ưu hóa hiệu suất website\n\nQuyền lợi:\n- Lương: 30-45 triệu\n- Review lương 2 lần/năm\n- Bảo hiểm full package\n- 12 ngày phép/năm\n- Thưởng dự án, thưởng năm\n',NULL,'job','DONE',NULL,NULL,NULL),(386,'job',10,'a62fe4d9-65bb-48af-a35d-bc4f9b8b6141','Vị trí: QA Engineer (Manual & Automation Testing)\nCông ty: CÔNG TY CỔ PHẦN CÔNG NGHỆ THỰC PHẨM CHÂU Á (AFOTECH)\nMức lương: 15200000\nKĩ năng yêu cầu: Làm việc nhóm, Tư duy phản biện, Thuyết trình\nKinh nghiệm: ONE_TO_THREE_YEARS\nĐịa điểm: Thành phố Hà Nội\nNgành nghề: IT & Telecommunications\nMô tả: Mô tả:\n- Lập kế hoạch và thực hiện kiểm thử phần mềm\n- Viết test cases và test scenarios\n- Thực hiện automation test với Selenium/Cypress\n- Báo cáo và theo dõi bugs\n\nYêu cầu:\n- 2+ năm kinh nghiệm QA\n- Kinh nghiệm với Selenium/Cypress\n- Kiến thức về quy trình Agile/Scrum\n- Kỹ năng viết tài liệu test tốt\n\nQuyền lợi:\n- Lương: 18-25 triệu\n- Môi trường chuyên nghiệp\n- Cơ hội học hỏi công nghệ mới\n- Chế độ phúc lợi đầy đủ\n',NULL,'job','DONE',NULL,NULL,NULL),(387,'job',11,'1a772b55-f491-4ada-a029-ba2dd7cd5980','Vị trí: Digital Marketing Manager\nCông ty: CÔNG TY CỔ PHẦN CÔNG NGHỆ THỰC PHẨM CHÂU Á (AFOTECH)\nMức lương: 20000000\nKĩ năng yêu cầu: Làm việc nhóm, Giao tiếp, Giải quyết vấn đề, Tư duy phản biện\nKinh nghiệm: THREE_TO_FIVE_YEARS\nĐịa điểm: Thành phố Hà Nội\nNgành nghề: Banking & Finance\nMô tả: Mô tả:\n- Xây dựng và triển khai chiến lược marketing online\n- Quản lý các chiến dịch quảng cáo Facebook, Google Ads\n- Phân tích data và tối ưu hiệu quả marketing\n- Quản lý team marketing và ngân sách\n\nYêu cầu:\n- 3+ năm kinh nghiệm Digital Marketing\n- Thành thạo Facebook Ads, Google Ads\n- Kỹ năng phân tích data marketing\n- Khả năng quản lý dự án và team\n- Tiếng Anh tốt\n\nQuyền lợi:\n- Lương: 25-35 triệu\n- Thưởng theo doanh số\n- Môi trường năng động, sáng tạo\n- Đào tạo chuyên sâu\n- Bảo hiểm sức khỏe cho nhân viên và người thân\n',NULL,'job','DONE',NULL,NULL,NULL),(388,'job',16,'43468501-ffbc-497d-bd71-bcc525b49d06','Vị trí: Senior Full Stack Developer\nCông ty: CÔNG TY CỔ PHẦN TẬP ĐOÀN KIM TÍN\nMức lương: 35000000\nKĩ năng yêu cầu: Làm việc nhóm, Giải quyết vấn đề\nKinh nghiệm: THREE_TO_FIVE_YEARS\nĐịa điểm: Thành phố Hồ Chí Minh\nNgành nghề: IT & Telecommunications\nMô tả: Chúng tôi đang tìm kiếm Senior Full Stack Developer với kinh nghiệm:\n- Thành thạo Java Spring Boot và ReactJS\n- Có ít nhất 5 năm kinh nghiệm phát triển web\n- Có kinh nghiệm với microservices và cloud platforms\n- Kỹ năng tối ưu hiệu suất và bảo mật ứng dụng\n',NULL,'job','DONE',NULL,NULL,NULL),(389,'job',17,'893a5f67-e085-4d9e-a523-7f99fbe78cb9','Vị trí: Chuyên viên Phân tích Tài chính\nCông ty: CÔNG TY CỔ PHẦN TẬP ĐOÀN KIM TÍN\nMức lương: 15000000\nKĩ năng yêu cầu: Đàm phán\nKinh nghiệm: ONE_TO_THREE_YEARS\nĐịa điểm: Thành phố Hồ Chí Minh\nNgành nghề: Banking & Finance\nMô tả: Yêu cầu:\n- Tốt nghiệp Tài chính/Kế toán/Kinh tế\n- 3 năm kinh nghiệm phân tích tài chính\n- Thành thạo Excel và các công cụ phân tích\n- Chứng chỉ CFA là một lợi thế\n',NULL,'job','DONE',NULL,NULL,NULL),(390,'job',18,'f575d697-f716-4d66-8ac2-8e8bae69a04a','Vị trí: Chuyên viên Phát triển Chương trình Đào tạo\nCông ty: CÔNG TY CỔ PHẦN TẬP ĐOÀN KIM TÍN\nMức lương: 10000000\nKĩ năng yêu cầu: Làm việc nhóm, Tư duy phản biện\nKinh nghiệm: ONE_TO_THREE_YEARS\nĐịa điểm: Thành phố Hồ Chí Minh\nNgành nghề: Education & Training\nMô tả: Mô tả công việc:\n- Thiết kế và phát triển giáo trình\n- Đánh giá hiệu quả đào tạo\n- Cập nhật nội dung theo xu hướng mới\n- Yêu cầu: Kinh nghiệm trong giáo dục 3 năm\n',NULL,'job','DONE',NULL,NULL,NULL),(391,'job',21,'5812d383-b7f4-469e-be97-3d5f3aed5779','Vị trí: Senior Java Developer\nCông ty: CÔNG TY CỔ PHẦN TẬP ĐOÀN KIM TÍN\nMức lương: 25000000\nKĩ năng yêu cầu: \nKinh nghiệm: NO_EXPERIENCE\nĐịa điểm: Thành phố Hồ Chí Minh\nNgành nghề: IT & Telecommunications\nMô tả: Chúng tôi đang tìm kiếm một Senior Java Developer có kinh nghiệm\n',NULL,'job','DONE',NULL,NULL,NULL),(392,'job',22,'dafb0cd0-f260-411d-9d27-11c55c1a9e52','Vị trí: Senior Java Developer123\nCông ty: CÔNG TY CỔ PHẦN TẬP ĐOÀN KIM TÍN\nMức lương: 25000000\nKĩ năng yêu cầu: \nKinh nghiệm: NO_EXPERIENCE\nĐịa điểm: Thành phố Hồ Chí Minh\nNgành nghề: IT & Telecommunications\nMô tả: Chúng tôi đang tìm kiếm một Senior Java Developer có kinh nghiệm\n',NULL,'job','DONE',NULL,NULL,NULL),(393,'job',23,'31c4753d-8c64-48de-b13c-08d93d8dbc05','Vị trí: React Native Developer\nCông ty: CÔNG TY CỔ PHẦN TẬP ĐOÀN KIM TÍN\nMức lương: 25000000\nKĩ năng yêu cầu: \nKinh nghiệm: ONE_TO_THREE_YEARS\nĐịa điểm: Thành phố Hồ Chí Minh\nNgành nghề: IT & Telecommunications\nMô tả: Phát triển ứng dụng mobile sử dụng React Native. Yêu cầu:\n- 2+ năm kinh nghiệm React Native\n- Thành thạo JavaScript/TypeScript\n- Kinh nghiệm với Redux, React Navigation\n- Hiểu biết về native modules\n',NULL,'job','DONE',NULL,NULL,NULL),(394,'job',24,'7a324f52-6914-40c2-8c74-4c469018a57c','Vị trí: Cloud Solutions Architect\nCông ty: CÔNG TY CỔ PHẦN TẬP ĐOÀN KIM TÍN\nMức lương: 45000000\nKĩ năng yêu cầu: \nKinh nghiệm: THREE_TO_FIVE_YEARS\nĐịa điểm: Hà Nội\nNgành nghề: IT & Telecommunications\nMô tả: Phát triển và quản lý hệ thống cloud. Yêu cầu:\n- 3+ năm kinh nghiệm AWS\n- Chứng chỉ AWS Solutions Architect\n- Kinh nghiệm với Docker, Kubernetes\n- CI/CD pipeline\n',NULL,'job','DONE',NULL,NULL,NULL),(395,'job',25,'bc41bb03-5aef-4c30-b5d5-ca8c0b895c2f','Vị trí: Blockchain Developer\nCông ty: CÔNG TY CỔ PHẦN TẬP ĐOÀN KIM TÍN\nMức lương: 35000000\nKĩ năng yêu cầu: \nKinh nghiệm: ONE_TO_THREE_YEARS\nĐịa điểm: Đà Nẵng\nNgành nghề: IT & Telecommunications\nMô tả: Phát triển ứng dụng blockchain. Yêu cầu:\n- 2+ năm kinh nghiệm Solidity\n- Hiểu biết về Smart Contracts\n- Kinh nghiệm với Web3.js\n- Background về cryptography\n',NULL,'job','DONE',NULL,NULL,NULL),(396,'job',26,'dbb9b850-1faf-4174-b090-d06aa890331a','Vị trí: Unity Game Developer\nCông ty: Vingroup JSC\nMức lương: 40000000\nKĩ năng yêu cầu: \nKinh nghiệm: THREE_TO_FIVE_YEARS\nĐịa điểm: Thành phố Hồ Chí Minh\nNgành nghề: IT & Telecommunications\nMô tả: Phát triển game Unity. Yêu cầu:\n- 3+ năm kinh nghiệm Unity\n- Thành thạo C#\n- Kinh nghiệm với 3D modeling\n- Portfolio các game đã phát triển\n',NULL,'job','DONE',NULL,NULL,NULL),(397,'job',27,'b88a84de-1c0a-4aa1-86c2-250a15369ad9','Vị trí: Machine Learning Engineer\nCông ty: Vingroup JSC\nMức lương: 50000000\nKĩ năng yêu cầu: \nKinh nghiệm: THREE_TO_FIVE_YEARS\nĐịa điểm: Hà Nội\nNgành nghề: IT & Telecommunications\nMô tả: Phát triển ML/AI. Yêu cầu:\n- Master/PhD trong ML/AI\n- Thành thạo Python, TensorFlow\n- Kinh nghiệm với Computer Vision\n- Research background\n',NULL,'job','DONE',NULL,NULL,NULL),(398,'job',28,'d58e124d-453a-4be8-a361-8df72f5137c2','Vị trí: Senior Product Manager - Fintech\nCông ty: CMC Corporation\nMức lương: 60000000\nKĩ năng yêu cầu: \nKinh nghiệm: FIVE_TO_TEN_YEARS\nĐịa điểm: Thành phố Hồ Chí Minh\nNgành nghề: Banking & Finance\nMô tả: Product Manager cho fintech app. Yêu cầu:\n- 5+ năm kinh nghiệm product management\n- Background về fintech\n- Kỹ năng phân tích data\n- Leadership skills\n',NULL,'job','DONE',NULL,NULL,NULL),(399,'job',29,'a3f0a0b7-9c62-4b1c-876f-41743dedcc71','Vị trí: Senior DevOps Engineer\nCông ty: CMC Corporation\nMức lương: 45000000\nKĩ năng yêu cầu: \nKinh nghiệm: THREE_TO_FIVE_YEARS\nĐịa điểm: Hà Nội\nNgành nghề: IT & Telecommunications\nMô tả: DevOps Engineer với kinh nghiệm về cloud. Yêu cầu:\n- 3+ năm kinh nghiệm DevOps\n- AWS/Azure certifications\n- Ansible, Terraform\n- Monitoring tools\n',NULL,'job','DONE',NULL,NULL,NULL),(400,'job',30,'97959043-c947-4f13-919c-585d404d98ff','Vị trí: Senior Data Engineer\nCông ty: MISA JSC\nMức lương: 40000000\nKĩ năng yêu cầu: \nKinh nghiệm: THREE_TO_FIVE_YEARS\nĐịa điểm: Đà Nẵng\nNgành nghề: IT & Telecommunications\nMô tả: Data Engineer với kinh nghiệm big data. Yêu cầu:\n- 4+ năm kinh nghiệm\n- Hadoop ecosystem\n- Spark, Kafka\n- SQL/NoSQL databases\n',NULL,'job','DONE',NULL,NULL,NULL),(401,'job',31,'5239a19b-44f6-4b8a-8d44-6b6377135c2b','Vị trí: Frontend React Developer\nCông ty: Sendo JSC\nMức lương: 25000000\nKĩ năng yêu cầu: \nKinh nghiệm: ONE_TO_THREE_YEARS\nĐịa điểm: Thành phố Hồ Chí Minh\nNgành nghề: IT & Telecommunications\nMô tả: Frontend Developer với React. Yêu cầu:\n- 2+ năm kinh nghiệm React\n- TypeScript\n- State management\n- Testing\n',NULL,'job','DONE',NULL,NULL,NULL),(402,'job',32,'3515e7a1-eec4-43d6-b797-13b25fd1c633','Vị trí: Backend Node.js Developer\nCông ty: Lotte Data Communication Vietnam\nMức lương: 35000000\nKĩ năng yêu cầu: \nKinh nghiệm: THREE_TO_FIVE_YEARS\nĐịa điểm: Hà Nội\nNgành nghề: IT & Telecommunications\nMô tả: Backend Developer với Node.js. Yêu cầu:\n- 3+ năm kinh nghiệm Node.js\n- Express/NestJS\n- MongoDB\n- Microservices\n',NULL,'job','DONE',NULL,NULL,NULL),(403,'job',33,'e80174cd-f8e6-48df-ad8d-df76946f0650','Vị trí: iOS Developer\nCông ty: Lotte Data Communication Vietnam\nMức lương: 40000000\nKĩ năng yêu cầu: \nKinh nghiệm: THREE_TO_FIVE_YEARS\nĐịa điểm: Thành phố Hồ Chí Minh\nNgành nghề: IT & Telecommunications\nMô tả: Mobile App Developer (iOS). Yêu cầu:\n- 3+ năm kinh nghiệm iOS development\n- Swift, SwiftUI\n- Kinh nghiệm với Apple guidelines\n- CI/CD cho iOS apps\n',NULL,'job','DONE',NULL,NULL,NULL),(404,'job',34,'0d73ac2a-e0ae-4edb-b0d2-3cce45ac1392','Vị trí: Security Engineer\nCông ty: NashTech Vietnam\nMức lương: 45000000\nKĩ năng yêu cầu: \nKinh nghiệm: THREE_TO_FIVE_YEARS\nĐịa điểm: Hà Nội\nNgành nghề: IT & Telecommunications\nMô tả: Security Engineer. Yêu cầu:\n- 4+ năm kinh nghiệm security\n- Penetration testing\n- Security compliance\n- Incident response\n',NULL,'job','DONE',NULL,NULL,NULL),(405,'job',35,'3faf5444-347f-4f1f-a758-4b931c4a308a','Vị trí: UX Researcher\nCông ty: TMA Solutions\nMức lương: 35000000\nKĩ năng yêu cầu: \nKinh nghiệm: THREE_TO_FIVE_YEARS\nĐịa điểm: Đà Nẵng\nNgành nghề: IT & Telecommunications\nMô tả: UX Researcher. Yêu cầu:\n- 3+ năm kinh nghiệm UX research\n- User testing\n- Data analysis\n- Research methodologies\n',NULL,'job','DONE',NULL,NULL,NULL),(406,'job',36,'c0dcad5f-3475-44d3-8054-98fb35f4598b','Vị trí: Technical Project Manager\nCông ty: Sendo JSC\nMức lương: 50000000\nKĩ năng yêu cầu: \nKinh nghiệm: FIVE_TO_TEN_YEARS\nĐịa điểm: Thành phố Hồ Chí Minh\nNgành nghề: IT & Telecommunications\nMô tả: Technical Project Manager. Yêu cầu:\n- 5+ năm kinh nghiệm quản lý dự án\n- Agile/Scrum certification\n- Technical background\n- Leadership skills\n',NULL,'job','DONE',NULL,NULL,NULL),(407,'job',37,'1bddf43f-341a-411b-90b4-dc755aa6ad86','Vị trí: Senior DBA\nCông ty: Lotte Data Communication Vietnam\nMức lương: 40000000\nKĩ năng yêu cầu: \nKinh nghiệm: THREE_TO_FIVE_YEARS\nĐịa điểm: Hà Nội\nNgành nghề: IT & Telecommunications\nMô tả: Database Administrator. Yêu cầu:\n- 4+ năm kinh nghiệm DBA\n- MySQL, PostgreSQL\n- Performance tuning\n- Backup & recovery\n',NULL,'job','DONE',NULL,NULL,NULL),(408,'job',38,'0a72e45d-4c45-44f1-8878-299b1dc4dcdb','Vị trí: Senior Android Developer\nCông ty: NashTech Vietnam\nMức lương: 35000000\nKĩ năng yêu cầu: \nKinh nghiệm: THREE_TO_FIVE_YEARS\nĐịa điểm: Đà Nẵng\nNgành nghề: IT & Telecommunications\nMô tả: Android Developer. Yêu cầu:\n- 3+ năm kinh nghiệm Android\n- Kotlin\n- MVVM architecture\n- Material Design\n',NULL,'job','DONE',NULL,NULL,NULL),(409,'job',39,'413a5bb3-d76e-44a0-ac50-cbd4d819ba70','Vị trí: Senior Data Scientist\nCông ty: TMA Solutions\nMức lương: 55000000\nKĩ năng yêu cầu: \nKinh nghiệm: THREE_TO_FIVE_YEARS\nĐịa điểm: Hà Nội\nNgành nghề: IT & Telecommunications\nMô tả: Data Scientist. Yêu cầu:\n- Master/PhD trong Data Science/Statistics\n- Python, R\n- Machine Learning\n- Deep Learning\n- Big Data tools\n- Research experience\n',NULL,'job','DONE',NULL,NULL,NULL),(410,'job',40,'d315ce15-cda0-47a5-83b7-eff73c0beaad','Vị trí: Technical Lead\nCông ty: Sendo JSC\nMức lương: 70000000\nKĩ năng yêu cầu: \nKinh nghiệm: MORE_THAN_TEN_YEARS\nĐịa điểm: Thành phố Hồ Chí Minh\nNgành nghề: IT & Telecommunications\nMô tả: Technical Lead - Microservices. Yêu cầu:\n- 7+ năm kinh nghiệm development\n- Microservices Architecture\n- System Design\n- Team Management\n- Agile/Scrum\n',NULL,'job','DONE',NULL,NULL,NULL),(411,'job',41,'b10eb166-4f9d-4deb-b1c8-27fcf63ce3bc','Vị trí: Digital Marketing Specialist\nCông ty: Lotte Data Communication Vietnam\nMức lương: 25000000\nKĩ năng yêu cầu: \nKinh nghiệm: THREE_TO_FIVE_YEARS\nĐịa điểm: Đà Nẵng\nNgành nghề: Banking & Finance\nMô tả: Digital Marketing Specialist. Yêu cầu:\n- 3+ năm kinh nghiệm digital marketing\n- Google Ads, Facebook Ads\n- SEO/SEM\n- Analytics\n- Content Strategy\n',NULL,'job','DONE',NULL,NULL,NULL),(412,'job',42,'f366a099-f582-4bf0-866a-dd2d0de17cd2','Vị trí: BI Analyst\nCông ty: NashTech Vietnam\nMức lương: 40000000\nKĩ năng yêu cầu: \nKinh nghiệm: THREE_TO_FIVE_YEARS\nĐịa điểm: Hà Nội\nNgành nghề: IT & Telecommunications\nMô tả: Business Intelligence Analyst. Yêu cầu:\n- 4+ năm kinh nghiệm BI\n- SQL\n- Power BI/Tableau\n- Data Warehousing\n- Statistical Analysis\n',NULL,'job','DONE',NULL,NULL,NULL),(413,'job',43,'a6dde57a-e282-49b6-b017-d0efa3d7188e','Vị trí: Senior SRE\nCông ty: TMA Solutions\nMức lương: 60000000\nKĩ năng yêu cầu: \nKinh nghiệm: FIVE_TO_TEN_YEARS\nĐịa điểm: Thành phố Hồ Chí Minh\nNgành nghề: IT & Telecommunications\nMô tả: Site Reliability Engineer. Yêu cầu:\n- 5+ năm kinh nghiệm DevOps/SRE\n- Cloud Platforms (AWS/GCP)\n- Infrastructure as Code\n- Monitoring & Alerting\n- Performance Optimization\n',NULL,'job','DONE',NULL,NULL,NULL),(414,'job',44,'c503532c-f995-46da-9644-642a064fde51','Vị trí: Solution Architect\nCông ty: Sendo JSC\nMức lương: 80000000\nKĩ năng yêu cầu: \nKinh nghiệm: MORE_THAN_TEN_YEARS\nĐịa điểm: Hà Nội\nNgành nghề: IT & Telecommunications\nMô tả: Solution Architect. Yêu cầu:\n- 8+ năm kinh nghiệm development\n- System Architecture\n- Cloud Solutions\n- Enterprise Integration\n- Technical Leadership\n',NULL,'job','DONE',NULL,NULL,NULL),(415,'job',45,'99671624-3363-4a9d-a24d-4d8f52e4b689','Vị trí: Senior Product Designer\nCông ty: TMA Solutions\nMức lương: 35000000\nKĩ năng yêu cầu: \nKinh nghiệm: THREE_TO_FIVE_YEARS\nĐịa điểm: Đà Nẵng\nNgành nghề: IT & Telecommunications\nMô tả: Product Designer. Yêu cầu:\n- 4+ năm kinh nghiệm product design\n- UI/UX Design\n- Design Systems\n- User Research\n- Prototyping Tools\n',NULL,'job','DONE',NULL,NULL,NULL),(416,'job',46,'d90889cf-15b1-49ae-a2c2-770f2038775b','Vị trí: InfoSec Manager\nCông ty: NashTech Vietnam\nMức lương: 70000000\nKĩ năng yêu cầu: \nKinh nghiệm: FIVE_TO_TEN_YEARS\nĐịa điểm: Thành phố Hồ Chí Minh\nNgành nghề: IT & Telecommunications\nMô tả: Information Security Manager. Yêu cầu:\n- 7+ năm kinh nghiệm security\n- Security Frameworks\n- Risk Management\n- Team Leadership\n- Security Certifications\n',NULL,'job','DONE',NULL,NULL,NULL),(417,'job',47,'369c7695-aefd-42ed-a31d-c3aa178dcca6','Vị trí: AI Research Engineer\nCông ty: Lotte Data Communication Vietnam\nMức lương: 65000000\nKĩ năng yêu cầu: \nKinh nghiệm: FIVE_TO_TEN_YEARS\nĐịa điểm: Hà Nội\nNgành nghề: IT & Telecommunications\nMô tả: AI Research Engineer. Yêu cầu:\n- PhD in AI/ML\n- Deep Learning\n- Computer Vision\n- NLP\n- Research Publications\n',NULL,'job','DONE',NULL,NULL,NULL),(418,'job',48,'df5f36ad-9a2b-4e6b-92f8-761c11e9ff92','Vị trí: Senior Embedded Engineer\nCông ty: Sendo JSC\nMức lương: 45000000\nKĩ năng yêu cầu: \nKinh nghiệm: FIVE_TO_TEN_YEARS\nĐịa điểm: Đà Nẵng\nNgành nghề: IT & Telecommunications\nMô tả: Embedded Systems Engineer. Yêu cầu:\n- 5+ năm kinh nghiệm embedded systems\n- C/C++\n- RTOS\n- Hardware Interfaces\n- IoT Protocols\n',NULL,'job','DONE',NULL,NULL,NULL),(419,'job',53,'96caaa68-4512-4f27-9173-a5749445df80','Vị trí: Tuyển dụng Senior Java Backend Developer\nCông ty: Công ty TNHH Phần mềm Alpha (Alpha Software Solutions)\nMức lương: 15000000\nKĩ năng yêu cầu: \nKinh nghiệm: ONE_TO_THREE_YEARS\nĐịa điểm: Thành phố Hồ Chí Minh\nNgành nghề: IT & Telecommunications\nMô tả: Thiết kế, phát triển và duy trì các dịch vụ backend hiệu suất cao bằng Java/Spring Boot.\n\nTham gia vào việc đánh giá và tối ưu hóa kiến trúc Microservices, đảm bảo khả năng mở rộng (scalability) và độ tin cậy của hệ thống.\n\nLàm việc với các hệ thống cơ sở dữ liệu (PostgreSQL/MongoDB) và các giải pháp Caching (Redis).\n\nĐảm bảo chất lượng mã thông qua Code Review, viết Unit Test và Integration Test.\n\nHợp tác chặt chẽ với đội ngũ DevOps để triển khai ứng dụng sử dụng Docker và Kubernetes.\n',NULL,'job','DONE',NULL,NULL,NULL),(420,'job',54,'c31ac13f-d197-40e8-95a8-3be9c8832439','Vị trí: Tuyển Senior React Developer (Lương $15.000.000 - $30.000.000)\nCông ty: Công ty Cổ phần Giải pháp Công nghệ ABC\nMức lương: 15000000\nKĩ năng yêu cầu: \nKinh nghiệm: LESS_THAN_1_YEAR\nĐịa điểm: Tỉnh Tuyên Quang\nNgành nghề: IT & Telecommunications\nMô tả: Phát triển và bảo trì các ứng dụng web sử dụng React/Redux. Đảm bảo chất lượng code, tối ưu hiệu suất. Yêu cầu 3+ năm kinh nghiệm. Quyền lợi: Lương tháng 13, bảo hiểm sức khỏe cao cấp.\n',NULL,'job','DONE',NULL,NULL,NULL),(421,'job',57,'de19f9da-1eaf-452e-9fef-6aaef490649d','Vị trí: Chuyên viên Phát triển Kinh doanh B2B\nCông ty: Công ty Cổ phần Công nghệ Toàn cầu 4.0\nMức lương: 10000000\nKĩ năng yêu cầu: \nKinh nghiệm: LESS_THAN_1_YEAR\nĐịa điểm: Thành phố Hà Nội\nNgành nghề: IT & Telecommunications\nMô tả: Tìm kiếm và mở rộng mạng lưới khách hàng doanh nghiệp. Đàm phán và ký kết hợp đồng. Ưu tiên có kinh nghiệm Sales trong lĩnh vực IT.\n',NULL,'job','DONE',NULL,NULL,NULL),(422,'job',58,'640e49fc-913d-4437-bb49-f1979c6f0ffb','Vị trí: Tuyển dụng Chuyên viên Phân tích nghiệp vụ (Business Analyst)\nCông ty: CÔNG TY CỔ PHẦN TẬP ĐOÀN KIM TÍN\nMức lương: 20000000\nKĩ năng yêu cầu: \nKinh nghiệm: LESS_THAN_1_YEAR\nĐịa điểm: Tỉnh Hà Giang\nNgành nghề: IT & Telecommunications\nMô tả: Thu thập, phân tích yêu cầu từ khách hàng và chuyển thành tài liệu chức năng (BRD, SRS). Yêu cầu: Kỹ năng giao tiếp tốt, thành thạo UML/BPMN, có kinh nghiệm làm việc trong lĩnh vực FinTech. Quyền lợi: Lương cạnh tranh, bảo hiểm PVI, training chuyên sâu.\n',NULL,'job','DONE',NULL,NULL,NULL),(423,'job',59,'11b27e49-2aab-4062-8146-9a1a1191cc8d','Vị trí: Tuyển dụng Product Manager cho Sản phẩm Mobile App\nCông ty: Công ty Cổ phần Công nghệ Toàn cầu 4.0\nMức lương: 25000000\nKĩ năng yêu cầu: \nKinh nghiệm: ONE_TO_THREE_YEARS\nĐịa điểm: Tỉnh Cao Bằng\nNgành nghề: IT & Telecommunications\nMô tả: Nghiên cứu thị trường, xây dựng lộ trình sản phẩm (Roadmap), viết User Stories. Phối hợp với team Dev/Design/Marketing để đưa sản phẩm ra thị trường. Yêu cầu: 3+ năm kinh nghiệm PM, thành thạo công cụ Agile (JIRA/Confluence). Quyền lợi: Lương hấp dẫn, cổ phần công ty, du lịch hàng năm.\n',NULL,'job','DONE',NULL,NULL,NULL),(424,'job',60,'d14804f5-9146-4018-b114-377c059a24ed','Vị trí: Tuyển dụng Senior React Developer (Front-end)\nCông ty: Công ty Cổ phần Đào tạo Công nghệ Vươn Xa\nMức lương: 35000000\nKĩ năng yêu cầu: \nKinh nghiệm: LESS_THAN_1_YEAR\nĐịa điểm: Tỉnh Cao Bằng\nNgành nghề: IT & Telecommunications\nMô tả: Xây dựng và duy trì các thành phần UI/UX hiệu suất cao bằng ReactJS và Redux/Zustand. Yêu cầu: 3+ năm kinh nghiệm, thành thạo HTML/CSS/JavaScript, React Hook. Quyền lợi: Lương thưởng hấp dẫn, làm việc remote linh hoạt 2 ngày/tuần.\n',NULL,'job','DONE',NULL,NULL,NULL),(425,'job',59,'fdb76387-8278-4667-a65b-3bc6476d6236','Vị trí: Tuyển dụng Product Manager cho Sản phẩm Mobile App\nCông ty: Công ty Cổ phần Công nghệ Toàn cầu 4.0\nMức lương: 25000000\nKĩ năng yêu cầu: \nKinh nghiệm: ONE_TO_THREE_YEARS\nĐịa điểm: Tỉnh Cao Bằng\nNgành nghề: IT & Telecommunications\nMô tả: Nghiên cứu thị trường, xây dựng lộ trình sản phẩm (Roadmap), viết User Stories. Phối hợp với team Dev/Design/Marketing để đưa sản phẩm ra thị trường. Yêu cầu: 3+ năm kinh nghiệm PM, thành thạo công cụ Agile (JIRA/Confluence). Quyền lợi: Lương hấp dẫn, cổ phần công ty, du lịch hàng năm.\n',NULL,'job','DONE',NULL,NULL,NULL),(426,'job',1,'8cc7cbda-f555-481d-a07e-3a5dd76fad2b','Vị trí: Nhân Viên Kỹ Thuật FPT Telecom - Q. Tân Bình\nCông ty: FPT Telecom\nMức lương: 10000000\nKĩ năng yêu cầu: Làm việc nhóm, Quản lý thời gian\nKinh nghiệm: ONE_TO_THREE_YEARS\nĐịa điểm: Thành phố Hồ Chí Minh\nNgành nghề: IT & Telecommunications\nMô tả: - Bảo trì, khắc phục lỗi kỹ thuật liên quan đến dịch vụ Internet, dịch vụ truyền hình FPT và các dịch vụ viễn thông tại nhà khách hàng.\n\n- Triển khai nâng cấp dịch vụ truyền hình FPT, hệ thống Wifi, Camera và các dịch vụ gia tăng khác trên đường truyền Internet tại nhà khách hàng.\n\n- Ghi nhận phản hồi trực tiếp từ khách hàng, phối hợp với các bộ phận liên quan trong việc nâng cao chất lượng dịch vụ của công ty.\n\n- Tư vấn, hướng dẫn sử dụng và cài đặt các dịch vụ đi kèm do FPT Telecom cung cấp cho khách hàng (Truyền hình FPT, Camera, thiết bị wifi...).\n\n- Hỗ trợ kỹ thuật tại nhà khách hàng.\n',NULL,'job','DONE',NULL,NULL,NULL),(427,'job',2,'edda4c41-b7fc-4740-9cc1-9c6d6cb46ae4','Vị trí: Chuyên Viên Kinh Doanh Kênh Phân Phối B2C\nCông ty: FPT Telecom\nMức lương: 20000000\nKĩ năng yêu cầu: Làm việc nhóm, Thuyết trình\nKinh nghiệm: ONE_TO_THREE_YEARS\nĐịa điểm: Thành phố Hồ Chí Minh\nNgành nghề: IT & Telecommunications\nMô tả: - Sản phẩm kinh doanh chính: FPT Smart Home, FPT Camera\n- Tìm kiếm các đơn vị để phân phối các sản phẩm FPT Smart Home, FPT Camera\n- Mở rộng kênh bán hàng tại khu vực TP. Hồ Chí Minh\n- Tổ chức Workshop, bán hàng cùng Brandshop, Nhà phân phối, Đại lý\n- Tìm kiếm các đơn vị nhượng quyền của FPT Smart Home để bán hàng FPT Smart Home\n- Mở rộng đại lý cấp 2 cho các Brandshop/Nhà phân phối đang hỗ trợ\n- Mở rộng các đối tác từ kênh bán hàng: Xây dựng, camera, nội thất, vật liệu xây dựng, nhà bếp, cửa cổng, thầu xây dựng, ...\n- Làm việc tại: 336 Huỳnh Tấn Phát, Quận 7, TPHCM.\n',NULL,'job','DONE',NULL,NULL,NULL),(428,'job',3,'86965980-4c48-4ad3-a52a-bf84f14e6de3','Vị trí: Tuyển dụng Frontend Developer (React.js)\nCông ty: FPT Telecom\nMức lương: 15000000\nKĩ năng yêu cầu: Giao tiếp\nKinh nghiệm: ONE_TO_THREE_YEARS\nĐịa điểm: Thành phố Hà Nội\nNgành nghề: IT & Telecommunications\nMô tả: - Phát triển và duy trì các ứng dụng web sử dụng React.js\n- Tối ưu hóa hiệu suất và trải nghiệm người dùng\n- Làm việc với REST APIs và các công nghệ frontend hiện đại\n- Tham gia vào quá trình thiết kế và phát triển sản phẩm\n',NULL,'job','DONE',NULL,NULL,NULL),(429,'job',4,'6a3a5491-c8b0-437b-b5fe-c6b3a7574f6a','Vị trí: Tuyển Business Analyst (BA)\nCông ty: FPT Telecom\nMức lương: 22000000\nKĩ năng yêu cầu: Tư duy phản biện\nKinh nghiệm: THREE_TO_FIVE_YEARS\nĐịa điểm: Thành phố Hà Nội\nNgành nghề: IT & Telecommunications\nMô tả: Mô tả công việc:\n- Phân tích và đề xuất giải pháp nghiệp vụ\n- Làm việc với stakeholders để thu thập yêu cầu\n- Viết tài liệu đặc tả kỹ thuật\n- Hỗ trợ team phát triển trong quá trình implement\n\nYêu cầu:\n- Tốt nghiệp đại học chuyên ngành CNTT/Kinh tế\n- 2-3 năm kinh nghiệm vị trí BA\n- Kỹ năng phân tích và giải quyết vấn đề tốt\n- Tiếng Anh giao tiếp tốt\n- Ưu tiên có kinh nghiệm trong lĩnh vực Fintech\n\nQuyền lợi:\n- Mức lương: 20-35 triệu\n- Review lương 2 lần/năm\n- Bảo hiểm sức khỏe cao cấp\n- Đào tạo chuyên môn\n- Làm việc từ xa 2 ngày/tuần\n',NULL,'job','DONE',NULL,NULL,NULL),(430,'job',5,'997dea30-eb1f-4081-8fb4-31a2d09d8095','Vị trí: Tuyển QA Engineer (Manual & Automation Testing)\nCông ty: Ngân Hàng TMCP Công Thương Việt Nam (VietinBank)\nMức lương: 15000000\nKĩ năng yêu cầu: Giao tiếp\nKinh nghiệm: ONE_TO_THREE_YEARS\nĐịa điểm: Thành phố Hà Nội\nNgành nghề: IT & Telecommunications\nMô tả: Mô tả công việc:\n- Lập kế hoạch và thực hiện kiểm thử phần mềm\n- Viết test cases và test scenarios\n- Thực hiện automation test với Selenium/Cypress\n- Báo cáo và theo dõi bugs\n\nYêu cầu:\n- 2+ năm kinh nghiệm QA\n- Kinh nghiệm với Selenium hoặc Cypress\n- Hiểu biết về quy trình Agile/Scrum\n- Kỹ năng viết tài liệu tốt\n- Tiếng Anh đọc hiểu tốt\n\nQuyền lợi:\n- Mức lương: 15-25 triệu\n- Thưởng project\n- Bảo hiểm theo luật\n- Đào tạo chuyên môn\n- Teambuilding hàng quý\n',NULL,'job','DONE',NULL,NULL,NULL),(431,'job',6,'0bea4b5e-f23c-4216-9cfe-d3f85065794c','Vị trí: Business Analyst (BA) - Fintech\nCông ty: Ngân Hàng TMCP Công Thương Việt Nam (VietinBank)\nMức lương: 30000000\nKĩ năng yêu cầu: Quản lý thời gian\nKinh nghiệm: ONE_TO_THREE_YEARS\nĐịa điểm: Thành phố Hà Nội\nNgành nghề: IT & Telecommunications\nMô tả: Mô tả công việc:\n- Phân tích và đề xuất giải pháp nghiệp vụ cho các dự án Fintech\n- Thu thập yêu cầu từ stakeholders và chuyển thành tài liệu kỹ thuật\n- Làm việc với team phát triển để đảm bảo triển khai đúng yêu cầu\n- Quản lý và theo dõi tiến độ dự án\n\nYêu cầu:\n- Tốt nghiệp đại học chuyên ngành CNTT/Kinh tế\n- 2-3 năm kinh nghiệm vị trí BA\n- Hiểu biết về quy trình phát triển phần mềm Agile/Scrum\n- Kỹ năng phân tích và giải quyết vấn đề tốt\n- Tiếng Anh giao tiếp tốt\n\nQuyền lợi:\n- Mức lương hấp dẫn theo năng lực\n- Review lương 2 lần/năm\n- Được đào tạo chuyên môn\n- Chế độ bảo hiểm đầy đủ\n- Môi trường làm việc chuyên nghiệp\n',NULL,'job','DONE',NULL,NULL,NULL),(432,'job',7,'4da3f647-fddf-4f22-9408-b4ae9e3a5a5e','Vị trí: Senior Java Developer (Spring Boot)\nCông ty: Ngân Hàng TMCP Công Thương Việt Nam (VietinBank)\nMức lương: 40000000\nKĩ năng yêu cầu: Làm việc nhóm, Quản lý thời gian\nKinh nghiệm: THREE_TO_FIVE_YEARS\nĐịa điểm: Thành phố Hà Nội\nNgành nghề: IT & Telecommunications\nMô tả: Mô tả công việc:\n- Phát triển và tối ưu hóa các ứng dụng backend sử dụng Java/Spring Boot\n- Thiết kế và xây dựng RESTful APIs\n- Làm việc với cơ sở dữ liệu SQL và NoSQL\n- Tham gia vào quá trình review code và mentoring\n\nYêu cầu:\n- 4+ năm kinh nghiệm phát triển Java\n- Thành thạo Spring Framework, Spring Boot, Spring Security\n- Kinh nghiệm với MySQL, MongoDB, Redis\n- Hiểu biết về microservices architecture\n- Kỹ năng debug và xử lý vấn đề tốt\n\nQuyền lợi:\n- Mức lương: 35-50 triệu (theo năng lực)\n- 13 tháng lương + thưởng dự án\n- Bảo hiểm sức khỏe cao cấp\n- Chế độ nghỉ phép linh hoạt\n- Cơ hội thăng tiến rõ ràng\n',NULL,'job','DONE',NULL,NULL,NULL),(433,'job',8,'d166e0c0-ba60-4ee7-af69-6b1c66d4b526','Vị trí: UI/UX Designer (Fintech/Banking)\nCông ty: Ngân Hàng TMCP Công Thương Việt Nam (VietinBank)\nMức lương: 25000000\nKĩ năng yêu cầu: Giải quyết vấn đề\nKinh nghiệm: ONE_TO_THREE_YEARS\nĐịa điểm: Thành phố Hà Nội\nNgành nghề: IT & Telecommunications\nMô tả: Mô tả công việc:\n- Thiết kế giao diện người dùng cho các ứng dụng web và mobile\n- Tạo wireframes, prototypes và thiết kế chi tiết\n- Thực hiện nghiên cứu người dùng và phân tích UX\n- Làm việc chặt chẽ với team product và development\n\nYêu cầu:\n- 3+ năm kinh nghiệm UI/UX Design\n- Thành thạo Figma, Adobe XD\n- Portfolio thể hiện các dự án đã thực hiện\n- Hiểu biết về design system và design principles\n- Kinh nghiệm trong lĩnh vực Fintech là một lợi thế\n\nQuyền lợi:\n- Mức lương cạnh tranh theo năng lực\n- Được trang bị MacBook Pro và các công cụ design\n- Bảo hiểm sức khỏe cho nhân viên và người thân\n- Nghỉ phép 12 ngày/năm\n- Môi trường làm việc sáng tạo\n',NULL,'job','DONE',NULL,NULL,NULL),(434,'job',9,'0118cde4-40a0-491a-bd36-e4824289deb6','Vị trí: Senior Frontend Developer (ReactJS)\nCông ty: CÔNG TY CỔ PHẦN CÔNG NGHỆ THỰC PHẨM CHÂU Á (AFOTECH)\nMức lương: 15000000\nKĩ năng yêu cầu: Làm việc nhóm\nKinh nghiệm: THREE_TO_FIVE_YEARS\nĐịa điểm: Thành phố Hà Nội\nNgành nghề: IT & Telecommunications\nMô tả: Mô tả: \n- Phát triển và duy trì các ứng dụng web sử dụng ReactJS\n- Tối ưu hóa hiệu suất và trải nghiệm người dùng\n- Code review và mentoring cho các thành viên junior\n- Làm việc với các API và tích hợp backend\n\nYêu cầu:\n- 3+ năm kinh nghiệm với ReactJS\n- Thành thạo JavaScript/TypeScript, HTML5, CSS3\n- Kinh nghiệm với Redux, React Router\n- Hiểu biết về RESTful APIs\n- Kỹ năng tối ưu hóa hiệu suất website\n\nQuyền lợi:\n- Lương: 30-45 triệu\n- Review lương 2 lần/năm\n- Bảo hiểm full package\n- 12 ngày phép/năm\n- Thưởng dự án, thưởng năm\n',NULL,'job','DONE',NULL,NULL,NULL),(435,'job',10,'3d8df5f0-420b-4c42-a6f9-b2e13569cf11','Vị trí: QA Engineer (Manual & Automation Testing)\nCông ty: CÔNG TY CỔ PHẦN CÔNG NGHỆ THỰC PHẨM CHÂU Á (AFOTECH)\nMức lương: 15200000\nKĩ năng yêu cầu: Làm việc nhóm, Tư duy phản biện, Thuyết trình\nKinh nghiệm: ONE_TO_THREE_YEARS\nĐịa điểm: Thành phố Hà Nội\nNgành nghề: IT & Telecommunications\nMô tả: Mô tả:\n- Lập kế hoạch và thực hiện kiểm thử phần mềm\n- Viết test cases và test scenarios\n- Thực hiện automation test với Selenium/Cypress\n- Báo cáo và theo dõi bugs\n\nYêu cầu:\n- 2+ năm kinh nghiệm QA\n- Kinh nghiệm với Selenium/Cypress\n- Kiến thức về quy trình Agile/Scrum\n- Kỹ năng viết tài liệu test tốt\n\nQuyền lợi:\n- Lương: 18-25 triệu\n- Môi trường chuyên nghiệp\n- Cơ hội học hỏi công nghệ mới\n- Chế độ phúc lợi đầy đủ\n',NULL,'job','DONE',NULL,NULL,NULL),(436,'job',11,'6812ae4d-f989-49ea-8e0b-9988de5403c2','Vị trí: Digital Marketing Manager\nCông ty: CÔNG TY CỔ PHẦN CÔNG NGHỆ THỰC PHẨM CHÂU Á (AFOTECH)\nMức lương: 20000000\nKĩ năng yêu cầu: Làm việc nhóm, Giao tiếp, Giải quyết vấn đề, Tư duy phản biện\nKinh nghiệm: THREE_TO_FIVE_YEARS\nĐịa điểm: Thành phố Hà Nội\nNgành nghề: Banking & Finance\nMô tả: Mô tả:\n- Xây dựng và triển khai chiến lược marketing online\n- Quản lý các chiến dịch quảng cáo Facebook, Google Ads\n- Phân tích data và tối ưu hiệu quả marketing\n- Quản lý team marketing và ngân sách\n\nYêu cầu:\n- 3+ năm kinh nghiệm Digital Marketing\n- Thành thạo Facebook Ads, Google Ads\n- Kỹ năng phân tích data marketing\n- Khả năng quản lý dự án và team\n- Tiếng Anh tốt\n\nQuyền lợi:\n- Lương: 25-35 triệu\n- Thưởng theo doanh số\n- Môi trường năng động, sáng tạo\n- Đào tạo chuyên sâu\n- Bảo hiểm sức khỏe cho nhân viên và người thân\n',NULL,'job','DONE',NULL,NULL,NULL),(437,'job',16,'4425ea0d-f4ef-49b9-b75e-4d5748025639','Vị trí: Senior Full Stack Developer\nCông ty: CÔNG TY CỔ PHẦN TẬP ĐOÀN KIM TÍN\nMức lương: 35000000\nKĩ năng yêu cầu: Làm việc nhóm, Giải quyết vấn đề\nKinh nghiệm: THREE_TO_FIVE_YEARS\nĐịa điểm: Thành phố Hồ Chí Minh\nNgành nghề: IT & Telecommunications\nMô tả: Chúng tôi đang tìm kiếm Senior Full Stack Developer với kinh nghiệm:\n- Thành thạo Java Spring Boot và ReactJS\n- Có ít nhất 5 năm kinh nghiệm phát triển web\n- Có kinh nghiệm với microservices và cloud platforms\n- Kỹ năng tối ưu hiệu suất và bảo mật ứng dụng\n',NULL,'job','DONE',NULL,NULL,NULL),(438,'job',17,'48d5964e-a958-4007-a29d-e1c330db934c','Vị trí: Chuyên viên Phân tích Tài chính\nCông ty: CÔNG TY CỔ PHẦN TẬP ĐOÀN KIM TÍN\nMức lương: 15000000\nKĩ năng yêu cầu: Đàm phán\nKinh nghiệm: ONE_TO_THREE_YEARS\nĐịa điểm: Thành phố Hồ Chí Minh\nNgành nghề: Banking & Finance\nMô tả: Yêu cầu:\n- Tốt nghiệp Tài chính/Kế toán/Kinh tế\n- 3 năm kinh nghiệm phân tích tài chính\n- Thành thạo Excel và các công cụ phân tích\n- Chứng chỉ CFA là một lợi thế\n',NULL,'job','DONE',NULL,NULL,NULL),(439,'job',18,'54bb1d9a-f12e-4fca-954a-9851e9805795','Vị trí: Chuyên viên Phát triển Chương trình Đào tạo\nCông ty: CÔNG TY CỔ PHẦN TẬP ĐOÀN KIM TÍN\nMức lương: 10000000\nKĩ năng yêu cầu: Làm việc nhóm, Tư duy phản biện\nKinh nghiệm: ONE_TO_THREE_YEARS\nĐịa điểm: Thành phố Hồ Chí Minh\nNgành nghề: Education & Training\nMô tả: Mô tả công việc:\n- Thiết kế và phát triển giáo trình\n- Đánh giá hiệu quả đào tạo\n- Cập nhật nội dung theo xu hướng mới\n- Yêu cầu: Kinh nghiệm trong giáo dục 3 năm\n',NULL,'job','DONE',NULL,NULL,NULL),(440,'job',21,'314e69d5-bf6f-434d-b03b-6b67e0948fe4','Vị trí: Senior Java Developer\nCông ty: CÔNG TY CỔ PHẦN TẬP ĐOÀN KIM TÍN\nMức lương: 25000000\nKĩ năng yêu cầu: \nKinh nghiệm: NO_EXPERIENCE\nĐịa điểm: Thành phố Hồ Chí Minh\nNgành nghề: IT & Telecommunications\nMô tả: Chúng tôi đang tìm kiếm một Senior Java Developer có kinh nghiệm\n',NULL,'job','DONE',NULL,NULL,NULL),(441,'job',22,'8dd80cb6-605a-4bdc-8972-8cebb8b33784','Vị trí: Senior Java Developer123\nCông ty: CÔNG TY CỔ PHẦN TẬP ĐOÀN KIM TÍN\nMức lương: 25000000\nKĩ năng yêu cầu: \nKinh nghiệm: NO_EXPERIENCE\nĐịa điểm: Thành phố Hồ Chí Minh\nNgành nghề: IT & Telecommunications\nMô tả: Chúng tôi đang tìm kiếm một Senior Java Developer có kinh nghiệm\n',NULL,'job','DONE',NULL,NULL,NULL),(442,'job',23,'4b4fd1de-b296-41fd-8209-a0ec01182a77','Vị trí: React Native Developer\nCông ty: CÔNG TY CỔ PHẦN TẬP ĐOÀN KIM TÍN\nMức lương: 25000000\nKĩ năng yêu cầu: \nKinh nghiệm: ONE_TO_THREE_YEARS\nĐịa điểm: Thành phố Hồ Chí Minh\nNgành nghề: IT & Telecommunications\nMô tả: Phát triển ứng dụng mobile sử dụng React Native. Yêu cầu:\n- 2+ năm kinh nghiệm React Native\n- Thành thạo JavaScript/TypeScript\n- Kinh nghiệm với Redux, React Navigation\n- Hiểu biết về native modules\n',NULL,'job','DONE',NULL,NULL,NULL),(443,'job',24,'b7a2d62f-cccc-4f69-a21c-c772249d79fa','Vị trí: Cloud Solutions Architect\nCông ty: CÔNG TY CỔ PHẦN TẬP ĐOÀN KIM TÍN\nMức lương: 45000000\nKĩ năng yêu cầu: \nKinh nghiệm: THREE_TO_FIVE_YEARS\nĐịa điểm: Hà Nội\nNgành nghề: IT & Telecommunications\nMô tả: Phát triển và quản lý hệ thống cloud. Yêu cầu:\n- 3+ năm kinh nghiệm AWS\n- Chứng chỉ AWS Solutions Architect\n- Kinh nghiệm với Docker, Kubernetes\n- CI/CD pipeline\n',NULL,'job','DONE',NULL,NULL,NULL),(444,'job',25,'71c0f745-83b1-4078-9d6a-c546a54ded69','Vị trí: Blockchain Developer\nCông ty: CÔNG TY CỔ PHẦN TẬP ĐOÀN KIM TÍN\nMức lương: 35000000\nKĩ năng yêu cầu: \nKinh nghiệm: ONE_TO_THREE_YEARS\nĐịa điểm: Đà Nẵng\nNgành nghề: IT & Telecommunications\nMô tả: Phát triển ứng dụng blockchain. Yêu cầu:\n- 2+ năm kinh nghiệm Solidity\n- Hiểu biết về Smart Contracts\n- Kinh nghiệm với Web3.js\n- Background về cryptography\n',NULL,'job','DONE',NULL,NULL,NULL),(445,'job',26,'83838895-35e3-49ef-a718-c3afa8b7bae6','Vị trí: Unity Game Developer\nCông ty: Vingroup JSC\nMức lương: 40000000\nKĩ năng yêu cầu: \nKinh nghiệm: THREE_TO_FIVE_YEARS\nĐịa điểm: Thành phố Hồ Chí Minh\nNgành nghề: IT & Telecommunications\nMô tả: Phát triển game Unity. Yêu cầu:\n- 3+ năm kinh nghiệm Unity\n- Thành thạo C#\n- Kinh nghiệm với 3D modeling\n- Portfolio các game đã phát triển\n',NULL,'job','DONE',NULL,NULL,NULL),(446,'job',27,'d0016ce2-f66e-4857-90e3-8c709876679c','Vị trí: Machine Learning Engineer\nCông ty: Vingroup JSC\nMức lương: 50000000\nKĩ năng yêu cầu: \nKinh nghiệm: THREE_TO_FIVE_YEARS\nĐịa điểm: Hà Nội\nNgành nghề: IT & Telecommunications\nMô tả: Phát triển ML/AI. Yêu cầu:\n- Master/PhD trong ML/AI\n- Thành thạo Python, TensorFlow\n- Kinh nghiệm với Computer Vision\n- Research background\n',NULL,'job','DONE',NULL,NULL,NULL),(447,'job',28,'51dc8383-15ab-4645-85d8-ad1e73972477','Vị trí: Senior Product Manager - Fintech\nCông ty: CMC Corporation\nMức lương: 60000000\nKĩ năng yêu cầu: \nKinh nghiệm: FIVE_TO_TEN_YEARS\nĐịa điểm: Thành phố Hồ Chí Minh\nNgành nghề: Banking & Finance\nMô tả: Product Manager cho fintech app. Yêu cầu:\n- 5+ năm kinh nghiệm product management\n- Background về fintech\n- Kỹ năng phân tích data\n- Leadership skills\n',NULL,'job','DONE',NULL,NULL,NULL),(448,'job',29,'51d0efd0-49f2-4777-a841-f378257af8e0','Vị trí: Senior DevOps Engineer\nCông ty: CMC Corporation\nMức lương: 45000000\nKĩ năng yêu cầu: \nKinh nghiệm: THREE_TO_FIVE_YEARS\nĐịa điểm: Hà Nội\nNgành nghề: IT & Telecommunications\nMô tả: DevOps Engineer với kinh nghiệm về cloud. Yêu cầu:\n- 3+ năm kinh nghiệm DevOps\n- AWS/Azure certifications\n- Ansible, Terraform\n- Monitoring tools\n',NULL,'job','DONE',NULL,NULL,NULL),(449,'job',30,'f453c15a-27d8-418d-b5b7-7c8d6cf60235','Vị trí: Senior Data Engineer\nCông ty: MISA JSC\nMức lương: 40000000\nKĩ năng yêu cầu: \nKinh nghiệm: THREE_TO_FIVE_YEARS\nĐịa điểm: Đà Nẵng\nNgành nghề: IT & Telecommunications\nMô tả: Data Engineer với kinh nghiệm big data. Yêu cầu:\n- 4+ năm kinh nghiệm\n- Hadoop ecosystem\n- Spark, Kafka\n- SQL/NoSQL databases\n',NULL,'job','DONE',NULL,NULL,NULL),(450,'job',31,'78bd4d55-2fb3-493d-ba87-0bc100c31a21','Vị trí: Frontend React Developer\nCông ty: Sendo JSC\nMức lương: 25000000\nKĩ năng yêu cầu: \nKinh nghiệm: ONE_TO_THREE_YEARS\nĐịa điểm: Thành phố Hồ Chí Minh\nNgành nghề: IT & Telecommunications\nMô tả: Frontend Developer với React. Yêu cầu:\n- 2+ năm kinh nghiệm React\n- TypeScript\n- State management\n- Testing\n',NULL,'job','DONE',NULL,NULL,NULL),(451,'job',32,'b385efc8-43ef-48b1-949c-8818dc688be9','Vị trí: Backend Node.js Developer\nCông ty: Lotte Data Communication Vietnam\nMức lương: 35000000\nKĩ năng yêu cầu: \nKinh nghiệm: THREE_TO_FIVE_YEARS\nĐịa điểm: Hà Nội\nNgành nghề: IT & Telecommunications\nMô tả: Backend Developer với Node.js. Yêu cầu:\n- 3+ năm kinh nghiệm Node.js\n- Express/NestJS\n- MongoDB\n- Microservices\n',NULL,'job','DONE',NULL,NULL,NULL),(452,'job',33,'10f945e2-e656-45fd-8bbe-4edc99530994','Vị trí: iOS Developer\nCông ty: Lotte Data Communication Vietnam\nMức lương: 40000000\nKĩ năng yêu cầu: \nKinh nghiệm: THREE_TO_FIVE_YEARS\nĐịa điểm: Thành phố Hồ Chí Minh\nNgành nghề: IT & Telecommunications\nMô tả: Mobile App Developer (iOS). Yêu cầu:\n- 3+ năm kinh nghiệm iOS development\n- Swift, SwiftUI\n- Kinh nghiệm với Apple guidelines\n- CI/CD cho iOS apps\n',NULL,'job','DONE',NULL,NULL,NULL),(453,'job',34,'0f5f4174-ca05-4522-91cc-d4781bd454fb','Vị trí: Security Engineer\nCông ty: NashTech Vietnam\nMức lương: 45000000\nKĩ năng yêu cầu: \nKinh nghiệm: THREE_TO_FIVE_YEARS\nĐịa điểm: Hà Nội\nNgành nghề: IT & Telecommunications\nMô tả: Security Engineer. Yêu cầu:\n- 4+ năm kinh nghiệm security\n- Penetration testing\n- Security compliance\n- Incident response\n',NULL,'job','DONE',NULL,NULL,NULL),(454,'job',35,'5a3ecd7e-826b-44c8-a17e-bddb8cc67f43','Vị trí: UX Researcher\nCông ty: TMA Solutions\nMức lương: 35000000\nKĩ năng yêu cầu: \nKinh nghiệm: THREE_TO_FIVE_YEARS\nĐịa điểm: Đà Nẵng\nNgành nghề: IT & Telecommunications\nMô tả: UX Researcher. Yêu cầu:\n- 3+ năm kinh nghiệm UX research\n- User testing\n- Data analysis\n- Research methodologies\n',NULL,'job','DONE',NULL,NULL,NULL),(455,'job',36,'8efabb05-0e9f-448a-8f0f-67e394f1313d','Vị trí: Technical Project Manager\nCông ty: Sendo JSC\nMức lương: 50000000\nKĩ năng yêu cầu: \nKinh nghiệm: FIVE_TO_TEN_YEARS\nĐịa điểm: Thành phố Hồ Chí Minh\nNgành nghề: IT & Telecommunications\nMô tả: Technical Project Manager. Yêu cầu:\n- 5+ năm kinh nghiệm quản lý dự án\n- Agile/Scrum certification\n- Technical background\n- Leadership skills\n',NULL,'job','DONE',NULL,NULL,NULL),(456,'job',37,'7b412167-7200-4f6f-a609-df0beae9e2c8','Vị trí: Senior DBA\nCông ty: Lotte Data Communication Vietnam\nMức lương: 40000000\nKĩ năng yêu cầu: \nKinh nghiệm: THREE_TO_FIVE_YEARS\nĐịa điểm: Hà Nội\nNgành nghề: IT & Telecommunications\nMô tả: Database Administrator. Yêu cầu:\n- 4+ năm kinh nghiệm DBA\n- MySQL, PostgreSQL\n- Performance tuning\n- Backup & recovery\n',NULL,'job','DONE',NULL,NULL,NULL),(457,'job',38,'baf05731-3b68-4694-9f87-f12e50d36104','Vị trí: Senior Android Developer\nCông ty: NashTech Vietnam\nMức lương: 35000000\nKĩ năng yêu cầu: \nKinh nghiệm: THREE_TO_FIVE_YEARS\nĐịa điểm: Đà Nẵng\nNgành nghề: IT & Telecommunications\nMô tả: Android Developer. Yêu cầu:\n- 3+ năm kinh nghiệm Android\n- Kotlin\n- MVVM architecture\n- Material Design\n',NULL,'job','DONE',NULL,NULL,NULL),(458,'job',39,'9d06ce28-028b-4511-86a1-23a68f5c0947','Vị trí: Senior Data Scientist\nCông ty: TMA Solutions\nMức lương: 55000000\nKĩ năng yêu cầu: \nKinh nghiệm: THREE_TO_FIVE_YEARS\nĐịa điểm: Hà Nội\nNgành nghề: IT & Telecommunications\nMô tả: Data Scientist. Yêu cầu:\n- Master/PhD trong Data Science/Statistics\n- Python, R\n- Machine Learning\n- Deep Learning\n- Big Data tools\n- Research experience\n',NULL,'job','DONE',NULL,NULL,NULL),(459,'job',40,'4ced19fc-d3e6-4a57-8d9b-0d5c07fdb7fd','Vị trí: Technical Lead\nCông ty: Sendo JSC\nMức lương: 70000000\nKĩ năng yêu cầu: \nKinh nghiệm: MORE_THAN_TEN_YEARS\nĐịa điểm: Thành phố Hồ Chí Minh\nNgành nghề: IT & Telecommunications\nMô tả: Technical Lead - Microservices. Yêu cầu:\n- 7+ năm kinh nghiệm development\n- Microservices Architecture\n- System Design\n- Team Management\n- Agile/Scrum\n',NULL,'job','DONE',NULL,NULL,NULL),(460,'job',41,'14d64926-0c7e-4011-93b7-ee70081c3544','Vị trí: Digital Marketing Specialist\nCông ty: Lotte Data Communication Vietnam\nMức lương: 25000000\nKĩ năng yêu cầu: \nKinh nghiệm: THREE_TO_FIVE_YEARS\nĐịa điểm: Đà Nẵng\nNgành nghề: Banking & Finance\nMô tả: Digital Marketing Specialist. Yêu cầu:\n- 3+ năm kinh nghiệm digital marketing\n- Google Ads, Facebook Ads\n- SEO/SEM\n- Analytics\n- Content Strategy\n',NULL,'job','DONE',NULL,NULL,NULL),(461,'job',42,'15b6975f-eadc-4251-8fb3-85b25543431b','Vị trí: BI Analyst\nCông ty: NashTech Vietnam\nMức lương: 40000000\nKĩ năng yêu cầu: \nKinh nghiệm: THREE_TO_FIVE_YEARS\nĐịa điểm: Hà Nội\nNgành nghề: IT & Telecommunications\nMô tả: Business Intelligence Analyst. Yêu cầu:\n- 4+ năm kinh nghiệm BI\n- SQL\n- Power BI/Tableau\n- Data Warehousing\n- Statistical Analysis\n',NULL,'job','DONE',NULL,NULL,NULL),(462,'job',43,'0386bc35-5333-40e1-861a-05c0d96d3ac5','Vị trí: Senior SRE\nCông ty: TMA Solutions\nMức lương: 60000000\nKĩ năng yêu cầu: \nKinh nghiệm: FIVE_TO_TEN_YEARS\nĐịa điểm: Thành phố Hồ Chí Minh\nNgành nghề: IT & Telecommunications\nMô tả: Site Reliability Engineer. Yêu cầu:\n- 5+ năm kinh nghiệm DevOps/SRE\n- Cloud Platforms (AWS/GCP)\n- Infrastructure as Code\n- Monitoring & Alerting\n- Performance Optimization\n',NULL,'job','DONE',NULL,NULL,NULL),(463,'job',44,'530d7ca2-8a58-41ba-b359-7ac5b9d7ed58','Vị trí: Solution Architect\nCông ty: Sendo JSC\nMức lương: 80000000\nKĩ năng yêu cầu: \nKinh nghiệm: MORE_THAN_TEN_YEARS\nĐịa điểm: Hà Nội\nNgành nghề: IT & Telecommunications\nMô tả: Solution Architect. Yêu cầu:\n- 8+ năm kinh nghiệm development\n- System Architecture\n- Cloud Solutions\n- Enterprise Integration\n- Technical Leadership\n',NULL,'job','DONE',NULL,NULL,NULL),(464,'job',45,'a6e7bc12-0cc4-4aea-991b-55dd7f76a065','Vị trí: Senior Product Designer\nCông ty: TMA Solutions\nMức lương: 35000000\nKĩ năng yêu cầu: \nKinh nghiệm: THREE_TO_FIVE_YEARS\nĐịa điểm: Đà Nẵng\nNgành nghề: IT & Telecommunications\nMô tả: Product Designer. Yêu cầu:\n- 4+ năm kinh nghiệm product design\n- UI/UX Design\n- Design Systems\n- User Research\n- Prototyping Tools\n',NULL,'job','DONE',NULL,NULL,NULL),(465,'job',46,'4d990438-739f-40b4-9fdf-44540514f667','Vị trí: InfoSec Manager\nCông ty: NashTech Vietnam\nMức lương: 70000000\nKĩ năng yêu cầu: \nKinh nghiệm: FIVE_TO_TEN_YEARS\nĐịa điểm: Thành phố Hồ Chí Minh\nNgành nghề: IT & Telecommunications\nMô tả: Information Security Manager. Yêu cầu:\n- 7+ năm kinh nghiệm security\n- Security Frameworks\n- Risk Management\n- Team Leadership\n- Security Certifications\n',NULL,'job','DONE',NULL,NULL,NULL),(466,'job',47,'277daa51-b08a-4cfe-b168-0da7d60c3021','Vị trí: AI Research Engineer\nCông ty: Lotte Data Communication Vietnam\nMức lương: 65000000\nKĩ năng yêu cầu: \nKinh nghiệm: FIVE_TO_TEN_YEARS\nĐịa điểm: Hà Nội\nNgành nghề: IT & Telecommunications\nMô tả: AI Research Engineer. Yêu cầu:\n- PhD in AI/ML\n- Deep Learning\n- Computer Vision\n- NLP\n- Research Publications\n',NULL,'job','DONE',NULL,NULL,NULL),(467,'job',48,'b5500522-31b1-4b16-84e7-67a8172c65d3','Vị trí: Senior Embedded Engineer\nCông ty: Sendo JSC\nMức lương: 45000000\nKĩ năng yêu cầu: \nKinh nghiệm: FIVE_TO_TEN_YEARS\nĐịa điểm: Đà Nẵng\nNgành nghề: IT & Telecommunications\nMô tả: Embedded Systems Engineer. Yêu cầu:\n- 5+ năm kinh nghiệm embedded systems\n- C/C++\n- RTOS\n- Hardware Interfaces\n- IoT Protocols\n',NULL,'job','DONE',NULL,NULL,NULL),(468,'job',53,'7f94b641-df40-461e-b09d-22f11630ccb8','Vị trí: Tuyển dụng Senior Java Backend Developer\nCông ty: Công ty TNHH Phần mềm Alpha (Alpha Software Solutions)\nMức lương: 15000000\nKĩ năng yêu cầu: \nKinh nghiệm: ONE_TO_THREE_YEARS\nĐịa điểm: Thành phố Hồ Chí Minh\nNgành nghề: IT & Telecommunications\nMô tả: Thiết kế, phát triển và duy trì các dịch vụ backend hiệu suất cao bằng Java/Spring Boot.\n\nTham gia vào việc đánh giá và tối ưu hóa kiến trúc Microservices, đảm bảo khả năng mở rộng (scalability) và độ tin cậy của hệ thống.\n\nLàm việc với các hệ thống cơ sở dữ liệu (PostgreSQL/MongoDB) và các giải pháp Caching (Redis).\n\nĐảm bảo chất lượng mã thông qua Code Review, viết Unit Test và Integration Test.\n\nHợp tác chặt chẽ với đội ngũ DevOps để triển khai ứng dụng sử dụng Docker và Kubernetes.\n',NULL,'job','DONE',NULL,NULL,NULL),(469,'job',54,'1517528e-4847-4919-a3e2-2329ccae5601','Vị trí: Tuyển Senior React Developer (Lương $15.000.000 - $30.000.000)\nCông ty: Công ty Cổ phần Giải pháp Công nghệ ABC\nMức lương: 15000000\nKĩ năng yêu cầu: \nKinh nghiệm: LESS_THAN_1_YEAR\nĐịa điểm: Tỉnh Tuyên Quang\nNgành nghề: IT & Telecommunications\nMô tả: Phát triển và bảo trì các ứng dụng web sử dụng React/Redux. Đảm bảo chất lượng code, tối ưu hiệu suất. Yêu cầu 3+ năm kinh nghiệm. Quyền lợi: Lương tháng 13, bảo hiểm sức khỏe cao cấp.\n',NULL,'job','DONE',NULL,NULL,NULL),(470,'job',57,'234db86f-c337-46f1-843c-c723740e676c','Vị trí: Chuyên viên Phát triển Kinh doanh B2B\nCông ty: Công ty Cổ phần Công nghệ Toàn cầu 4.0\nMức lương: 10000000\nKĩ năng yêu cầu: \nKinh nghiệm: LESS_THAN_1_YEAR\nĐịa điểm: Thành phố Hà Nội\nNgành nghề: IT & Telecommunications\nMô tả: Tìm kiếm và mở rộng mạng lưới khách hàng doanh nghiệp. Đàm phán và ký kết hợp đồng. Ưu tiên có kinh nghiệm Sales trong lĩnh vực IT.\n',NULL,'job','DONE',NULL,NULL,NULL),(471,'job',58,'48da8bf6-acfb-4d83-8194-22d067eb0864','Vị trí: Tuyển dụng Chuyên viên Phân tích nghiệp vụ (Business Analyst)\nCông ty: CÔNG TY CỔ PHẦN TẬP ĐOÀN KIM TÍN\nMức lương: 20000000\nKĩ năng yêu cầu: \nKinh nghiệm: LESS_THAN_1_YEAR\nĐịa điểm: Tỉnh Hà Giang\nNgành nghề: IT & Telecommunications\nMô tả: Thu thập, phân tích yêu cầu từ khách hàng và chuyển thành tài liệu chức năng (BRD, SRS). Yêu cầu: Kỹ năng giao tiếp tốt, thành thạo UML/BPMN, có kinh nghiệm làm việc trong lĩnh vực FinTech. Quyền lợi: Lương cạnh tranh, bảo hiểm PVI, training chuyên sâu.\n',NULL,'job','DONE',NULL,NULL,NULL),(472,'job',59,'684d23a0-5f42-4eb1-baf4-d3d82cd3ead4','Vị trí: Tuyển dụng Product Manager cho Sản phẩm Mobile App\nCông ty: Công ty Cổ phần Công nghệ Toàn cầu 4.0\nMức lương: 25000000\nKĩ năng yêu cầu: \nKinh nghiệm: ONE_TO_THREE_YEARS\nĐịa điểm: Tỉnh Cao Bằng\nNgành nghề: IT & Telecommunications\nMô tả: Nghiên cứu thị trường, xây dựng lộ trình sản phẩm (Roadmap), viết User Stories. Phối hợp với team Dev/Design/Marketing để đưa sản phẩm ra thị trường. Yêu cầu: 3+ năm kinh nghiệm PM, thành thạo công cụ Agile (JIRA/Confluence). Quyền lợi: Lương hấp dẫn, cổ phần công ty, du lịch hàng năm.\n',NULL,'job','DONE',NULL,NULL,NULL),(473,'job',60,'c80167d9-3756-4797-a038-210af4304607','Vị trí: Tuyển dụng Senior React Developer (Front-end)\nCông ty: Công ty Cổ phần Đào tạo Công nghệ Vươn Xa\nMức lương: 35000000\nKĩ năng yêu cầu: \nKinh nghiệm: LESS_THAN_1_YEAR\nĐịa điểm: Tỉnh Cao Bằng\nNgành nghề: IT & Telecommunications\nMô tả: Xây dựng và duy trì các thành phần UI/UX hiệu suất cao bằng ReactJS và Redux/Zustand. Yêu cầu: 3+ năm kinh nghiệm, thành thạo HTML/CSS/JavaScript, React Hook. Quyền lợi: Lương thưởng hấp dẫn, làm việc remote linh hoạt 2 ngày/tuần.\n',NULL,'job','DONE',NULL,NULL,NULL),(474,'job',61,'c55f98d4-08a0-495b-8f77-d20a518d50bf','Vị trí: Tuyển dụng Nhân viên Kế toán Tổng hợp\nCông ty: Công ty \"Tiền Phong\"\nMức lương: 12000000\nKĩ năng yêu cầu: \nKinh nghiệm: ONE_TO_THREE_YEARS\nĐịa điểm: Thành phố Hồ Chí Minh\nNgành nghề: IT & Telecommunications\nMô tả: Phụ trách sổ sách, báo cáo thuế và quản lý hóa đơn. Yêu cầu 2 năm kinh nghiệm.\n',NULL,'job','DONE',NULL,NULL,NULL),(475,'job',62,'b90c8ce0-7a18-4a52-b358-057462373ca8','Vị trí: Chuyên viên Marketing Digital (Không giới hạn)\nCông ty: Công ty \"Tiền Phong\"\nMức lương: 20000000\nKĩ năng yêu cầu: \nKinh nghiệm: LESS_THAN_1_YEAR\nĐịa điểm: Thành phố Hà Nội\nNgành nghề: IT & Telecommunications\nMô tả: Lên kế hoạch, thực thi chiến dịch quảng cáo trên các nền tảng mạng xã hội.\n',NULL,'job','DONE',NULL,NULL,NULL),(476,'job',63,'57f5c0cc-a915-420d-9b27-1229577da799','Vị trí: Lập trình viên Java Junior\nCông ty: Công ty \"Tiền Phong\"\nMức lương: 15000000\nKĩ năng yêu cầu: \nKinh nghiệm: LESS_THAN_1_YEAR\nĐịa điểm: Thành phố Đà Nẵng\nNgành nghề: Banking & Finance\nMô tả: Tham gia phát triển các module cho hệ thống ERP. Cần có kiến thức vững về OOP.\n',NULL,'job','DONE',NULL,NULL,NULL),(477,'job',64,'f87831db-76fc-4615-9f15-e48fc1f200c6','Vị trí: Quản lý dự án Xây dựng (Kinh nghiệm > 5 năm)\nCông ty: Công ty \"Tiền Phong\"\nMức lương: 20000000\nKĩ năng yêu cầu: \nKinh nghiệm: ONE_TO_THREE_YEARS\nĐịa điểm: Tỉnh Hoà Bình\nNgành nghề: IT & Telecommunications\nMô tả: Quản lý tiến độ, chất lượng và ngân sách các công trình dân dụng.\n',NULL,'job','DONE',NULL,NULL,NULL),(478,'job',65,'be9f68d9-5ba9-4cb2-b22a-eaed1b48b13d','Vị trí: Senior Product Manager - Fintech\nCông ty: Công ty \"Tiền Phong\"\nMức lương: 25000000\nKĩ năng yêu cầu: \nKinh nghiệm: LESS_THAN_1_YEAR\nĐịa điểm: Thành phố Hồ Chí Minh\nNgành nghề: IT & Telecommunications\nMô tả: Nghiên cứu thị trường, định hướng và phát triển sản phẩm thanh toán số.\n',NULL,'job','DONE',NULL,NULL,NULL),(479,'job',66,'a9fa385e-b2ca-4322-8372-65f1e29133b2','Vị trí: Tuyển gấp Tài xế Bán tải\nCông ty: Tập đoàn Đầu tư & Phát triển Bách Khoa\nMức lương: 20000000\nKĩ năng yêu cầu: Làm việc nhóm\nKinh nghiệm: ONE_TO_THREE_YEARS\nĐịa điểm: Tỉnh Cao Bằng\nNgành nghề: Education & Training\nMô tả: Lái xe giao hàng trong nội thành. Cần bằng B2.\n',NULL,'job','DONE',NULL,NULL,NULL),(480,'job',67,'c985092b-f920-4bb3-84fa-8bc3058ec30f','Vị trí: Kỹ sư Điện - Tự động hóa\nCông ty: Tập đoàn Đầu tư & Phát triển Bách Khoa\nMức lương: 25000000\nKĩ năng yêu cầu: \nKinh nghiệm: ONE_TO_THREE_YEARS\nĐịa điểm: Tỉnh Hà Giang\nNgành nghề: Education & Training\nMô tả: Vận hành, bảo trì hệ thống máy móc trong nhà máy sản xuất.\n',NULL,'job','DONE',NULL,NULL,NULL),(481,'job',1,'d5b992c6-2841-4d29-acf1-9be1deaab125','Vị trí: Nhân Viên Kỹ Thuật FPT Telecom - Q. Tân Bình\nCông ty: FPT Telecom\nMức lương: 10000000\nKĩ năng yêu cầu: Làm việc nhóm, Quản lý thời gian\nKinh nghiệm: ONE_TO_THREE_YEARS\nĐịa điểm: Thành phố Hồ Chí Minh\nNgành nghề: IT & Telecommunications\nMô tả: - Bảo trì, khắc phục lỗi kỹ thuật liên quan đến dịch vụ Internet, dịch vụ truyền hình FPT và các dịch vụ viễn thông tại nhà khách hàng.\n\n- Triển khai nâng cấp dịch vụ truyền hình FPT, hệ thống Wifi, Camera và các dịch vụ gia tăng khác trên đường truyền Internet tại nhà khách hàng.\n\n- Ghi nhận phản hồi trực tiếp từ khách hàng, phối hợp với các bộ phận liên quan trong việc nâng cao chất lượng dịch vụ của công ty.\n\n- Tư vấn, hướng dẫn sử dụng và cài đặt các dịch vụ đi kèm do FPT Telecom cung cấp cho khách hàng (Truyền hình FPT, Camera, thiết bị wifi...).\n\n- Hỗ trợ kỹ thuật tại nhà khách hàng.\n',NULL,'job','DONE',NULL,NULL,NULL),(482,'job',2,'a124f54e-3f97-4fbd-99f8-c45176b86f7b','Vị trí: Chuyên Viên Kinh Doanh Kênh Phân Phối B2C\nCông ty: FPT Telecom\nMức lương: 20000000\nKĩ năng yêu cầu: Làm việc nhóm, Thuyết trình\nKinh nghiệm: ONE_TO_THREE_YEARS\nĐịa điểm: Thành phố Hồ Chí Minh\nNgành nghề: IT & Telecommunications\nMô tả: - Sản phẩm kinh doanh chính: FPT Smart Home, FPT Camera\n- Tìm kiếm các đơn vị để phân phối các sản phẩm FPT Smart Home, FPT Camera\n- Mở rộng kênh bán hàng tại khu vực TP. Hồ Chí Minh\n- Tổ chức Workshop, bán hàng cùng Brandshop, Nhà phân phối, Đại lý\n- Tìm kiếm các đơn vị nhượng quyền của FPT Smart Home để bán hàng FPT Smart Home\n- Mở rộng đại lý cấp 2 cho các Brandshop/Nhà phân phối đang hỗ trợ\n- Mở rộng các đối tác từ kênh bán hàng: Xây dựng, camera, nội thất, vật liệu xây dựng, nhà bếp, cửa cổng, thầu xây dựng, ...\n- Làm việc tại: 336 Huỳnh Tấn Phát, Quận 7, TPHCM.\n',NULL,'job','DONE',NULL,NULL,NULL),(483,'job',3,'41efddec-c2a8-4792-b58e-8828c24d62fa','Vị trí: Tuyển dụng Frontend Developer (React.js)\nCông ty: FPT Telecom\nMức lương: 15000000\nKĩ năng yêu cầu: Giao tiếp\nKinh nghiệm: ONE_TO_THREE_YEARS\nĐịa điểm: Thành phố Hà Nội\nNgành nghề: IT & Telecommunications\nMô tả: - Phát triển và duy trì các ứng dụng web sử dụng React.js\n- Tối ưu hóa hiệu suất và trải nghiệm người dùng\n- Làm việc với REST APIs và các công nghệ frontend hiện đại\n- Tham gia vào quá trình thiết kế và phát triển sản phẩm\n',NULL,'job','DONE',NULL,NULL,NULL),(484,'job',4,'017146d9-2f1d-48e9-92c1-505949fd28a5','Vị trí: Tuyển Business Analyst (BA)\nCông ty: FPT Telecom\nMức lương: 22000000\nKĩ năng yêu cầu: Tư duy phản biện\nKinh nghiệm: THREE_TO_FIVE_YEARS\nĐịa điểm: Thành phố Hà Nội\nNgành nghề: IT & Telecommunications\nMô tả: Mô tả công việc:\n- Phân tích và đề xuất giải pháp nghiệp vụ\n- Làm việc với stakeholders để thu thập yêu cầu\n- Viết tài liệu đặc tả kỹ thuật\n- Hỗ trợ team phát triển trong quá trình implement\n\nYêu cầu:\n- Tốt nghiệp đại học chuyên ngành CNTT/Kinh tế\n- 2-3 năm kinh nghiệm vị trí BA\n- Kỹ năng phân tích và giải quyết vấn đề tốt\n- Tiếng Anh giao tiếp tốt\n- Ưu tiên có kinh nghiệm trong lĩnh vực Fintech\n\nQuyền lợi:\n- Mức lương: 20-35 triệu\n- Review lương 2 lần/năm\n- Bảo hiểm sức khỏe cao cấp\n- Đào tạo chuyên môn\n- Làm việc từ xa 2 ngày/tuần\n',NULL,'job','DONE',NULL,NULL,NULL),(485,'job',5,'d6cc4a7b-6cd6-405f-b1de-a3a8c0e5c500','Vị trí: Tuyển QA Engineer (Manual & Automation Testing)\nCông ty: Ngân Hàng TMCP Công Thương Việt Nam (VietinBank)\nMức lương: 15000000\nKĩ năng yêu cầu: Giao tiếp\nKinh nghiệm: ONE_TO_THREE_YEARS\nĐịa điểm: Thành phố Hà Nội\nNgành nghề: IT & Telecommunications\nMô tả: Mô tả công việc:\n- Lập kế hoạch và thực hiện kiểm thử phần mềm\n- Viết test cases và test scenarios\n- Thực hiện automation test với Selenium/Cypress\n- Báo cáo và theo dõi bugs\n\nYêu cầu:\n- 2+ năm kinh nghiệm QA\n- Kinh nghiệm với Selenium hoặc Cypress\n- Hiểu biết về quy trình Agile/Scrum\n- Kỹ năng viết tài liệu tốt\n- Tiếng Anh đọc hiểu tốt\n\nQuyền lợi:\n- Mức lương: 15-25 triệu\n- Thưởng project\n- Bảo hiểm theo luật\n- Đào tạo chuyên môn\n- Teambuilding hàng quý\n',NULL,'job','DONE',NULL,NULL,NULL),(486,'job',6,'b097c902-61bd-4d1f-aebe-ad5b92e8b5fc','Vị trí: Business Analyst (BA) - Fintech\nCông ty: Ngân Hàng TMCP Công Thương Việt Nam (VietinBank)\nMức lương: 30000000\nKĩ năng yêu cầu: Quản lý thời gian\nKinh nghiệm: ONE_TO_THREE_YEARS\nĐịa điểm: Thành phố Hà Nội\nNgành nghề: IT & Telecommunications\nMô tả: Mô tả công việc:\n- Phân tích và đề xuất giải pháp nghiệp vụ cho các dự án Fintech\n- Thu thập yêu cầu từ stakeholders và chuyển thành tài liệu kỹ thuật\n- Làm việc với team phát triển để đảm bảo triển khai đúng yêu cầu\n- Quản lý và theo dõi tiến độ dự án\n\nYêu cầu:\n- Tốt nghiệp đại học chuyên ngành CNTT/Kinh tế\n- 2-3 năm kinh nghiệm vị trí BA\n- Hiểu biết về quy trình phát triển phần mềm Agile/Scrum\n- Kỹ năng phân tích và giải quyết vấn đề tốt\n- Tiếng Anh giao tiếp tốt\n\nQuyền lợi:\n- Mức lương hấp dẫn theo năng lực\n- Review lương 2 lần/năm\n- Được đào tạo chuyên môn\n- Chế độ bảo hiểm đầy đủ\n- Môi trường làm việc chuyên nghiệp\n',NULL,'job','DONE',NULL,NULL,NULL),(487,'job',7,'18c47332-a41b-4e7b-8b98-3bc5dc2f6986','Vị trí: Senior Java Developer (Spring Boot)\nCông ty: Ngân Hàng TMCP Công Thương Việt Nam (VietinBank)\nMức lương: 40000000\nKĩ năng yêu cầu: Làm việc nhóm, Quản lý thời gian\nKinh nghiệm: THREE_TO_FIVE_YEARS\nĐịa điểm: Thành phố Hà Nội\nNgành nghề: IT & Telecommunications\nMô tả: Mô tả công việc:\n- Phát triển và tối ưu hóa các ứng dụng backend sử dụng Java/Spring Boot\n- Thiết kế và xây dựng RESTful APIs\n- Làm việc với cơ sở dữ liệu SQL và NoSQL\n- Tham gia vào quá trình review code và mentoring\n\nYêu cầu:\n- 4+ năm kinh nghiệm phát triển Java\n- Thành thạo Spring Framework, Spring Boot, Spring Security\n- Kinh nghiệm với MySQL, MongoDB, Redis\n- Hiểu biết về microservices architecture\n- Kỹ năng debug và xử lý vấn đề tốt\n\nQuyền lợi:\n- Mức lương: 35-50 triệu (theo năng lực)\n- 13 tháng lương + thưởng dự án\n- Bảo hiểm sức khỏe cao cấp\n- Chế độ nghỉ phép linh hoạt\n- Cơ hội thăng tiến rõ ràng\n',NULL,'job','DONE',NULL,NULL,NULL),(488,'job',8,'ea6cf7f7-0229-4aa6-bc9f-2f04e6ccc5e0','Vị trí: UI/UX Designer (Fintech/Banking)\nCông ty: Ngân Hàng TMCP Công Thương Việt Nam (VietinBank)\nMức lương: 25000000\nKĩ năng yêu cầu: Giải quyết vấn đề\nKinh nghiệm: ONE_TO_THREE_YEARS\nĐịa điểm: Thành phố Hà Nội\nNgành nghề: IT & Telecommunications\nMô tả: Mô tả công việc:\n- Thiết kế giao diện người dùng cho các ứng dụng web và mobile\n- Tạo wireframes, prototypes và thiết kế chi tiết\n- Thực hiện nghiên cứu người dùng và phân tích UX\n- Làm việc chặt chẽ với team product và development\n\nYêu cầu:\n- 3+ năm kinh nghiệm UI/UX Design\n- Thành thạo Figma, Adobe XD\n- Portfolio thể hiện các dự án đã thực hiện\n- Hiểu biết về design system và design principles\n- Kinh nghiệm trong lĩnh vực Fintech là một lợi thế\n\nQuyền lợi:\n- Mức lương cạnh tranh theo năng lực\n- Được trang bị MacBook Pro và các công cụ design\n- Bảo hiểm sức khỏe cho nhân viên và người thân\n- Nghỉ phép 12 ngày/năm\n- Môi trường làm việc sáng tạo\n',NULL,'job','DONE',NULL,NULL,NULL),(489,'job',9,'b81ccd42-7f45-41ff-9f59-74ac6d274004','Vị trí: Senior Frontend Developer (ReactJS)\nCông ty: CÔNG TY CỔ PHẦN CÔNG NGHỆ THỰC PHẨM CHÂU Á (AFOTECH)\nMức lương: 15000000\nKĩ năng yêu cầu: Làm việc nhóm\nKinh nghiệm: THREE_TO_FIVE_YEARS\nĐịa điểm: Thành phố Hà Nội\nNgành nghề: IT & Telecommunications\nMô tả: Mô tả: \n- Phát triển và duy trì các ứng dụng web sử dụng ReactJS\n- Tối ưu hóa hiệu suất và trải nghiệm người dùng\n- Code review và mentoring cho các thành viên junior\n- Làm việc với các API và tích hợp backend\n\nYêu cầu:\n- 3+ năm kinh nghiệm với ReactJS\n- Thành thạo JavaScript/TypeScript, HTML5, CSS3\n- Kinh nghiệm với Redux, React Router\n- Hiểu biết về RESTful APIs\n- Kỹ năng tối ưu hóa hiệu suất website\n\nQuyền lợi:\n- Lương: 30-45 triệu\n- Review lương 2 lần/năm\n- Bảo hiểm full package\n- 12 ngày phép/năm\n- Thưởng dự án, thưởng năm\n',NULL,'job','DONE',NULL,NULL,NULL),(490,'job',10,'b16d3fc8-aecf-4a05-b60e-0cf500c015ef','Vị trí: QA Engineer (Manual & Automation Testing)\nCông ty: CÔNG TY CỔ PHẦN CÔNG NGHỆ THỰC PHẨM CHÂU Á (AFOTECH)\nMức lương: 15200000\nKĩ năng yêu cầu: Làm việc nhóm, Tư duy phản biện, Thuyết trình\nKinh nghiệm: ONE_TO_THREE_YEARS\nĐịa điểm: Thành phố Hà Nội\nNgành nghề: IT & Telecommunications\nMô tả: Mô tả:\n- Lập kế hoạch và thực hiện kiểm thử phần mềm\n- Viết test cases và test scenarios\n- Thực hiện automation test với Selenium/Cypress\n- Báo cáo và theo dõi bugs\n\nYêu cầu:\n- 2+ năm kinh nghiệm QA\n- Kinh nghiệm với Selenium/Cypress\n- Kiến thức về quy trình Agile/Scrum\n- Kỹ năng viết tài liệu test tốt\n\nQuyền lợi:\n- Lương: 18-25 triệu\n- Môi trường chuyên nghiệp\n- Cơ hội học hỏi công nghệ mới\n- Chế độ phúc lợi đầy đủ\n',NULL,'job','DONE',NULL,NULL,NULL),(491,'job',11,'b52e1cf0-b5ff-4e2f-b10b-2d479736c546','Vị trí: Digital Marketing Manager\nCông ty: CÔNG TY CỔ PHẦN CÔNG NGHỆ THỰC PHẨM CHÂU Á (AFOTECH)\nMức lương: 20000000\nKĩ năng yêu cầu: Làm việc nhóm, Giao tiếp, Giải quyết vấn đề, Tư duy phản biện\nKinh nghiệm: THREE_TO_FIVE_YEARS\nĐịa điểm: Thành phố Hà Nội\nNgành nghề: Banking & Finance\nMô tả: Mô tả:\n- Xây dựng và triển khai chiến lược marketing online\n- Quản lý các chiến dịch quảng cáo Facebook, Google Ads\n- Phân tích data và tối ưu hiệu quả marketing\n- Quản lý team marketing và ngân sách\n\nYêu cầu:\n- 3+ năm kinh nghiệm Digital Marketing\n- Thành thạo Facebook Ads, Google Ads\n- Kỹ năng phân tích data marketing\n- Khả năng quản lý dự án và team\n- Tiếng Anh tốt\n\nQuyền lợi:\n- Lương: 25-35 triệu\n- Thưởng theo doanh số\n- Môi trường năng động, sáng tạo\n- Đào tạo chuyên sâu\n- Bảo hiểm sức khỏe cho nhân viên và người thân\n',NULL,'job','DONE',NULL,NULL,NULL),(492,'job',16,'620e69ab-2a09-4e9d-bd9c-6084cd298c9f','Vị trí: Senior Full Stack Developer\nCông ty: CÔNG TY CỔ PHẦN TẬP ĐOÀN KIM TÍN\nMức lương: 35000000\nKĩ năng yêu cầu: Làm việc nhóm, Giải quyết vấn đề\nKinh nghiệm: THREE_TO_FIVE_YEARS\nĐịa điểm: Thành phố Hồ Chí Minh\nNgành nghề: IT & Telecommunications\nMô tả: Chúng tôi đang tìm kiếm Senior Full Stack Developer với kinh nghiệm:\n- Thành thạo Java Spring Boot và ReactJS\n- Có ít nhất 5 năm kinh nghiệm phát triển web\n- Có kinh nghiệm với microservices và cloud platforms\n- Kỹ năng tối ưu hiệu suất và bảo mật ứng dụng\n',NULL,'job','DONE',NULL,NULL,NULL),(493,'job',17,'a6ef39e5-6a25-44dd-9546-db948eba1bba','Vị trí: Chuyên viên Phân tích Tài chính\nCông ty: CÔNG TY CỔ PHẦN TẬP ĐOÀN KIM TÍN\nMức lương: 15000000\nKĩ năng yêu cầu: Đàm phán\nKinh nghiệm: ONE_TO_THREE_YEARS\nĐịa điểm: Thành phố Hồ Chí Minh\nNgành nghề: Banking & Finance\nMô tả: Yêu cầu:\n- Tốt nghiệp Tài chính/Kế toán/Kinh tế\n- 3 năm kinh nghiệm phân tích tài chính\n- Thành thạo Excel và các công cụ phân tích\n- Chứng chỉ CFA là một lợi thế\n',NULL,'job','DONE',NULL,NULL,NULL),(494,'job',18,'15374f15-b2c7-4374-be7d-889ca48b3862','Vị trí: Chuyên viên Phát triển Chương trình Đào tạo\nCông ty: CÔNG TY CỔ PHẦN TẬP ĐOÀN KIM TÍN\nMức lương: 10000000\nKĩ năng yêu cầu: Làm việc nhóm, Tư duy phản biện\nKinh nghiệm: ONE_TO_THREE_YEARS\nĐịa điểm: Thành phố Hồ Chí Minh\nNgành nghề: Education & Training\nMô tả: Mô tả công việc:\n- Thiết kế và phát triển giáo trình\n- Đánh giá hiệu quả đào tạo\n- Cập nhật nội dung theo xu hướng mới\n- Yêu cầu: Kinh nghiệm trong giáo dục 3 năm\n',NULL,'job','DONE',NULL,NULL,NULL),(495,'job',21,'29fc67ac-b797-4cb4-989d-138616449e0e','Vị trí: Senior Java Developer\nCông ty: CÔNG TY CỔ PHẦN TẬP ĐOÀN KIM TÍN\nMức lương: 25000000\nKĩ năng yêu cầu: \nKinh nghiệm: NO_EXPERIENCE\nĐịa điểm: Thành phố Hồ Chí Minh\nNgành nghề: IT & Telecommunications\nMô tả: Chúng tôi đang tìm kiếm một Senior Java Developer có kinh nghiệm\n',NULL,'job','DONE',NULL,NULL,NULL),(496,'job',22,'089012f2-b293-4440-b7d7-0672f1fb1af8','Vị trí: Senior Java Developer123\nCông ty: CÔNG TY CỔ PHẦN TẬP ĐOÀN KIM TÍN\nMức lương: 25000000\nKĩ năng yêu cầu: \nKinh nghiệm: NO_EXPERIENCE\nĐịa điểm: Thành phố Hồ Chí Minh\nNgành nghề: IT & Telecommunications\nMô tả: Chúng tôi đang tìm kiếm một Senior Java Developer có kinh nghiệm\n',NULL,'job','DONE',NULL,NULL,NULL),(497,'job',23,'9d62789c-efd2-40db-bb78-3e586866dfa5','Vị trí: React Native Developer\nCông ty: CÔNG TY CỔ PHẦN TẬP ĐOÀN KIM TÍN\nMức lương: 25000000\nKĩ năng yêu cầu: \nKinh nghiệm: ONE_TO_THREE_YEARS\nĐịa điểm: Thành phố Hồ Chí Minh\nNgành nghề: IT & Telecommunications\nMô tả: Phát triển ứng dụng mobile sử dụng React Native. Yêu cầu:\n- 2+ năm kinh nghiệm React Native\n- Thành thạo JavaScript/TypeScript\n- Kinh nghiệm với Redux, React Navigation\n- Hiểu biết về native modules\n',NULL,'job','DONE',NULL,NULL,NULL),(498,'job',24,'14723f67-c63f-4f0a-a91b-b8590d3bd312','Vị trí: Cloud Solutions Architect\nCông ty: CÔNG TY CỔ PHẦN TẬP ĐOÀN KIM TÍN\nMức lương: 45000000\nKĩ năng yêu cầu: \nKinh nghiệm: THREE_TO_FIVE_YEARS\nĐịa điểm: Hà Nội\nNgành nghề: IT & Telecommunications\nMô tả: Phát triển và quản lý hệ thống cloud. Yêu cầu:\n- 3+ năm kinh nghiệm AWS\n- Chứng chỉ AWS Solutions Architect\n- Kinh nghiệm với Docker, Kubernetes\n- CI/CD pipeline\n',NULL,'job','DONE',NULL,NULL,NULL),(499,'job',25,'8108f935-0ac2-4bc2-ae99-f9c8fc6b9407','Vị trí: Blockchain Developer\nCông ty: CÔNG TY CỔ PHẦN TẬP ĐOÀN KIM TÍN\nMức lương: 35000000\nKĩ năng yêu cầu: \nKinh nghiệm: ONE_TO_THREE_YEARS\nĐịa điểm: Đà Nẵng\nNgành nghề: IT & Telecommunications\nMô tả: Phát triển ứng dụng blockchain. Yêu cầu:\n- 2+ năm kinh nghiệm Solidity\n- Hiểu biết về Smart Contracts\n- Kinh nghiệm với Web3.js\n- Background về cryptography\n',NULL,'job','DONE',NULL,NULL,NULL),(500,'job',26,'ee43bdd4-7f14-49ea-a0a0-6fa95e26a268','Vị trí: Unity Game Developer\nCông ty: Vingroup JSC\nMức lương: 40000000\nKĩ năng yêu cầu: \nKinh nghiệm: THREE_TO_FIVE_YEARS\nĐịa điểm: Thành phố Hồ Chí Minh\nNgành nghề: IT & Telecommunications\nMô tả: Phát triển game Unity. Yêu cầu:\n- 3+ năm kinh nghiệm Unity\n- Thành thạo C#\n- Kinh nghiệm với 3D modeling\n- Portfolio các game đã phát triển\n',NULL,'job','DONE',NULL,NULL,NULL),(501,'job',27,'14d19b09-b323-474b-8720-713e2a782c9d','Vị trí: Machine Learning Engineer\nCông ty: Vingroup JSC\nMức lương: 50000000\nKĩ năng yêu cầu: \nKinh nghiệm: THREE_TO_FIVE_YEARS\nĐịa điểm: Hà Nội\nNgành nghề: IT & Telecommunications\nMô tả: Phát triển ML/AI. Yêu cầu:\n- Master/PhD trong ML/AI\n- Thành thạo Python, TensorFlow\n- Kinh nghiệm với Computer Vision\n- Research background\n',NULL,'job','DONE',NULL,NULL,NULL),(502,'job',28,'388cbd97-7df5-4385-ab4f-0b2345e8e8cb','Vị trí: Senior Product Manager - Fintech\nCông ty: CMC Corporation\nMức lương: 60000000\nKĩ năng yêu cầu: \nKinh nghiệm: FIVE_TO_TEN_YEARS\nĐịa điểm: Thành phố Hồ Chí Minh\nNgành nghề: Banking & Finance\nMô tả: Product Manager cho fintech app. Yêu cầu:\n- 5+ năm kinh nghiệm product management\n- Background về fintech\n- Kỹ năng phân tích data\n- Leadership skills\n',NULL,'job','DONE',NULL,NULL,NULL),(503,'job',29,'cf14d5f4-fc48-4264-8564-78d109e91f3d','Vị trí: Senior DevOps Engineer\nCông ty: CMC Corporation\nMức lương: 45000000\nKĩ năng yêu cầu: \nKinh nghiệm: THREE_TO_FIVE_YEARS\nĐịa điểm: Hà Nội\nNgành nghề: IT & Telecommunications\nMô tả: DevOps Engineer với kinh nghiệm về cloud. Yêu cầu:\n- 3+ năm kinh nghiệm DevOps\n- AWS/Azure certifications\n- Ansible, Terraform\n- Monitoring tools\n',NULL,'job','DONE',NULL,NULL,NULL),(504,'job',30,'081cd44c-d893-402b-b073-4362bc678d81','Vị trí: Senior Data Engineer\nCông ty: MISA JSC\nMức lương: 40000000\nKĩ năng yêu cầu: \nKinh nghiệm: THREE_TO_FIVE_YEARS\nĐịa điểm: Đà Nẵng\nNgành nghề: IT & Telecommunications\nMô tả: Data Engineer với kinh nghiệm big data. Yêu cầu:\n- 4+ năm kinh nghiệm\n- Hadoop ecosystem\n- Spark, Kafka\n- SQL/NoSQL databases\n',NULL,'job','DONE',NULL,NULL,NULL),(505,'job',31,'96964ce7-c4e6-48b6-bb58-9ee0a62dbc5f','Vị trí: Frontend React Developer\nCông ty: Sendo JSC\nMức lương: 25000000\nKĩ năng yêu cầu: \nKinh nghiệm: ONE_TO_THREE_YEARS\nĐịa điểm: Thành phố Hồ Chí Minh\nNgành nghề: IT & Telecommunications\nMô tả: Frontend Developer với React. Yêu cầu:\n- 2+ năm kinh nghiệm React\n- TypeScript\n- State management\n- Testing\n',NULL,'job','DONE',NULL,NULL,NULL),(506,'job',32,'81889de0-266b-4e9a-a859-6e196ea235d5','Vị trí: Backend Node.js Developer\nCông ty: Lotte Data Communication Vietnam\nMức lương: 35000000\nKĩ năng yêu cầu: \nKinh nghiệm: THREE_TO_FIVE_YEARS\nĐịa điểm: Hà Nội\nNgành nghề: IT & Telecommunications\nMô tả: Backend Developer với Node.js. Yêu cầu:\n- 3+ năm kinh nghiệm Node.js\n- Express/NestJS\n- MongoDB\n- Microservices\n',NULL,'job','DONE',NULL,NULL,NULL),(507,'job',33,'85d708d1-81d3-4127-a464-89ecc4649521','Vị trí: iOS Developer\nCông ty: Lotte Data Communication Vietnam\nMức lương: 40000000\nKĩ năng yêu cầu: \nKinh nghiệm: THREE_TO_FIVE_YEARS\nĐịa điểm: Thành phố Hồ Chí Minh\nNgành nghề: IT & Telecommunications\nMô tả: Mobile App Developer (iOS). Yêu cầu:\n- 3+ năm kinh nghiệm iOS development\n- Swift, SwiftUI\n- Kinh nghiệm với Apple guidelines\n- CI/CD cho iOS apps\n',NULL,'job','DONE',NULL,NULL,NULL),(508,'job',34,'46bce3c5-89f9-40e2-aeb1-2a78486b9516','Vị trí: Security Engineer\nCông ty: NashTech Vietnam\nMức lương: 45000000\nKĩ năng yêu cầu: \nKinh nghiệm: THREE_TO_FIVE_YEARS\nĐịa điểm: Hà Nội\nNgành nghề: IT & Telecommunications\nMô tả: Security Engineer. Yêu cầu:\n- 4+ năm kinh nghiệm security\n- Penetration testing\n- Security compliance\n- Incident response\n',NULL,'job','DONE',NULL,NULL,NULL),(509,'job',35,'dbbbdf34-5eeb-4daf-ab28-e3504571f350','Vị trí: UX Researcher\nCông ty: TMA Solutions\nMức lương: 35000000\nKĩ năng yêu cầu: \nKinh nghiệm: THREE_TO_FIVE_YEARS\nĐịa điểm: Đà Nẵng\nNgành nghề: IT & Telecommunications\nMô tả: UX Researcher. Yêu cầu:\n- 3+ năm kinh nghiệm UX research\n- User testing\n- Data analysis\n- Research methodologies\n',NULL,'job','DONE',NULL,NULL,NULL),(510,'job',36,'9b593f69-1f69-4dc4-9611-b8ce3ca838f6','Vị trí: Technical Project Manager\nCông ty: Sendo JSC\nMức lương: 50000000\nKĩ năng yêu cầu: \nKinh nghiệm: FIVE_TO_TEN_YEARS\nĐịa điểm: Thành phố Hồ Chí Minh\nNgành nghề: IT & Telecommunications\nMô tả: Technical Project Manager. Yêu cầu:\n- 5+ năm kinh nghiệm quản lý dự án\n- Agile/Scrum certification\n- Technical background\n- Leadership skills\n',NULL,'job','DONE',NULL,NULL,NULL),(511,'job',37,'339f8425-e8af-4c2e-ab3b-7cec8fb31947','Vị trí: Senior DBA\nCông ty: Lotte Data Communication Vietnam\nMức lương: 40000000\nKĩ năng yêu cầu: \nKinh nghiệm: THREE_TO_FIVE_YEARS\nĐịa điểm: Hà Nội\nNgành nghề: IT & Telecommunications\nMô tả: Database Administrator. Yêu cầu:\n- 4+ năm kinh nghiệm DBA\n- MySQL, PostgreSQL\n- Performance tuning\n- Backup & recovery\n',NULL,'job','DONE',NULL,NULL,NULL),(512,'job',38,'24b48a56-c726-48ab-ab90-83364a04084e','Vị trí: Senior Android Developer\nCông ty: NashTech Vietnam\nMức lương: 35000000\nKĩ năng yêu cầu: \nKinh nghiệm: THREE_TO_FIVE_YEARS\nĐịa điểm: Đà Nẵng\nNgành nghề: IT & Telecommunications\nMô tả: Android Developer. Yêu cầu:\n- 3+ năm kinh nghiệm Android\n- Kotlin\n- MVVM architecture\n- Material Design\n',NULL,'job','DONE',NULL,NULL,NULL),(513,'job',39,'3abe4d0e-a2ca-4bd4-a3b8-b1ea457ae7fc','Vị trí: Senior Data Scientist\nCông ty: TMA Solutions\nMức lương: 55000000\nKĩ năng yêu cầu: \nKinh nghiệm: THREE_TO_FIVE_YEARS\nĐịa điểm: Hà Nội\nNgành nghề: IT & Telecommunications\nMô tả: Data Scientist. Yêu cầu:\n- Master/PhD trong Data Science/Statistics\n- Python, R\n- Machine Learning\n- Deep Learning\n- Big Data tools\n- Research experience\n',NULL,'job','DONE',NULL,NULL,NULL),(514,'job',40,'9cbb2a5e-7b61-45bb-a1d8-a51fda7445d4','Vị trí: Technical Lead\nCông ty: Sendo JSC\nMức lương: 70000000\nKĩ năng yêu cầu: \nKinh nghiệm: MORE_THAN_TEN_YEARS\nĐịa điểm: Thành phố Hồ Chí Minh\nNgành nghề: IT & Telecommunications\nMô tả: Technical Lead - Microservices. Yêu cầu:\n- 7+ năm kinh nghiệm development\n- Microservices Architecture\n- System Design\n- Team Management\n- Agile/Scrum\n',NULL,'job','DONE',NULL,NULL,NULL),(515,'job',41,'a5e3395f-3727-43d3-9e3f-1cca3c76dbb7','Vị trí: Digital Marketing Specialist\nCông ty: Lotte Data Communication Vietnam\nMức lương: 25000000\nKĩ năng yêu cầu: \nKinh nghiệm: THREE_TO_FIVE_YEARS\nĐịa điểm: Đà Nẵng\nNgành nghề: Banking & Finance\nMô tả: Digital Marketing Specialist. Yêu cầu:\n- 3+ năm kinh nghiệm digital marketing\n- Google Ads, Facebook Ads\n- SEO/SEM\n- Analytics\n- Content Strategy\n',NULL,'job','DONE',NULL,NULL,NULL),(516,'job',42,'e55955b2-9ac6-49e0-83a7-58b5b87e1b68','Vị trí: BI Analyst\nCông ty: NashTech Vietnam\nMức lương: 40000000\nKĩ năng yêu cầu: \nKinh nghiệm: THREE_TO_FIVE_YEARS\nĐịa điểm: Hà Nội\nNgành nghề: IT & Telecommunications\nMô tả: Business Intelligence Analyst. Yêu cầu:\n- 4+ năm kinh nghiệm BI\n- SQL\n- Power BI/Tableau\n- Data Warehousing\n- Statistical Analysis\n',NULL,'job','DONE',NULL,NULL,NULL),(517,'job',43,'e727d63d-4720-4235-9e65-80b5ec4b9c92','Vị trí: Senior SRE\nCông ty: TMA Solutions\nMức lương: 60000000\nKĩ năng yêu cầu: \nKinh nghiệm: FIVE_TO_TEN_YEARS\nĐịa điểm: Thành phố Hồ Chí Minh\nNgành nghề: IT & Telecommunications\nMô tả: Site Reliability Engineer. Yêu cầu:\n- 5+ năm kinh nghiệm DevOps/SRE\n- Cloud Platforms (AWS/GCP)\n- Infrastructure as Code\n- Monitoring & Alerting\n- Performance Optimization\n',NULL,'job','DONE',NULL,NULL,NULL),(518,'job',44,'381c66dd-2d0f-4240-be7f-eb53fc9307f3','Vị trí: Solution Architect\nCông ty: Sendo JSC\nMức lương: 80000000\nKĩ năng yêu cầu: \nKinh nghiệm: MORE_THAN_TEN_YEARS\nĐịa điểm: Hà Nội\nNgành nghề: IT & Telecommunications\nMô tả: Solution Architect. Yêu cầu:\n- 8+ năm kinh nghiệm development\n- System Architecture\n- Cloud Solutions\n- Enterprise Integration\n- Technical Leadership\n',NULL,'job','DONE',NULL,NULL,NULL),(519,'job',45,'652fac4b-ecb9-48cc-97fc-6791a510c612','Vị trí: Senior Product Designer\nCông ty: TMA Solutions\nMức lương: 35000000\nKĩ năng yêu cầu: \nKinh nghiệm: THREE_TO_FIVE_YEARS\nĐịa điểm: Đà Nẵng\nNgành nghề: IT & Telecommunications\nMô tả: Product Designer. Yêu cầu:\n- 4+ năm kinh nghiệm product design\n- UI/UX Design\n- Design Systems\n- User Research\n- Prototyping Tools\n',NULL,'job','DONE',NULL,NULL,NULL),(520,'job',46,'349c6afb-fe59-4690-bc9d-10f5baf29c6c','Vị trí: InfoSec Manager\nCông ty: NashTech Vietnam\nMức lương: 70000000\nKĩ năng yêu cầu: \nKinh nghiệm: FIVE_TO_TEN_YEARS\nĐịa điểm: Thành phố Hồ Chí Minh\nNgành nghề: IT & Telecommunications\nMô tả: Information Security Manager. Yêu cầu:\n- 7+ năm kinh nghiệm security\n- Security Frameworks\n- Risk Management\n- Team Leadership\n- Security Certifications\n',NULL,'job','DONE',NULL,NULL,NULL),(521,'job',47,'d89e0768-4426-4fa2-ae16-54d3619e8ec4','Vị trí: AI Research Engineer\nCông ty: Lotte Data Communication Vietnam\nMức lương: 65000000\nKĩ năng yêu cầu: \nKinh nghiệm: FIVE_TO_TEN_YEARS\nĐịa điểm: Hà Nội\nNgành nghề: IT & Telecommunications\nMô tả: AI Research Engineer. Yêu cầu:\n- PhD in AI/ML\n- Deep Learning\n- Computer Vision\n- NLP\n- Research Publications\n',NULL,'job','DONE',NULL,NULL,NULL),(522,'job',48,'8f0f7f1f-c88e-4348-9bdd-5372ec2677a6','Vị trí: Senior Embedded Engineer\nCông ty: Sendo JSC\nMức lương: 45000000\nKĩ năng yêu cầu: \nKinh nghiệm: FIVE_TO_TEN_YEARS\nĐịa điểm: Đà Nẵng\nNgành nghề: IT & Telecommunications\nMô tả: Embedded Systems Engineer. Yêu cầu:\n- 5+ năm kinh nghiệm embedded systems\n- C/C++\n- RTOS\n- Hardware Interfaces\n- IoT Protocols\n',NULL,'job','DONE',NULL,NULL,NULL),(523,'job',53,'13f05626-0d96-4b61-8e11-3505d8e39bc4','Vị trí: Tuyển dụng Senior Java Backend Developer\nCông ty: Công ty TNHH Phần mềm Alpha (Alpha Software Solutions)\nMức lương: 15000000\nKĩ năng yêu cầu: \nKinh nghiệm: ONE_TO_THREE_YEARS\nĐịa điểm: Thành phố Hồ Chí Minh\nNgành nghề: IT & Telecommunications\nMô tả: Thiết kế, phát triển và duy trì các dịch vụ backend hiệu suất cao bằng Java/Spring Boot.\n\nTham gia vào việc đánh giá và tối ưu hóa kiến trúc Microservices, đảm bảo khả năng mở rộng (scalability) và độ tin cậy của hệ thống.\n\nLàm việc với các hệ thống cơ sở dữ liệu (PostgreSQL/MongoDB) và các giải pháp Caching (Redis).\n\nĐảm bảo chất lượng mã thông qua Code Review, viết Unit Test và Integration Test.\n\nHợp tác chặt chẽ với đội ngũ DevOps để triển khai ứng dụng sử dụng Docker và Kubernetes.\n',NULL,'job','DONE',NULL,NULL,NULL),(524,'job',54,'91e2bdff-10ec-428f-a859-2c398045370b','Vị trí: Tuyển Senior React Developer (Lương $15.000.000 - $30.000.000)\nCông ty: Công ty Cổ phần Giải pháp Công nghệ ABC\nMức lương: 15000000\nKĩ năng yêu cầu: \nKinh nghiệm: LESS_THAN_1_YEAR\nĐịa điểm: Tỉnh Tuyên Quang\nNgành nghề: IT & Telecommunications\nMô tả: Phát triển và bảo trì các ứng dụng web sử dụng React/Redux. Đảm bảo chất lượng code, tối ưu hiệu suất. Yêu cầu 3+ năm kinh nghiệm. Quyền lợi: Lương tháng 13, bảo hiểm sức khỏe cao cấp.\n',NULL,'job','DONE',NULL,NULL,NULL),(525,'job',57,'27ec59a1-2254-4221-a521-101aa19c05ac','Vị trí: Chuyên viên Phát triển Kinh doanh B2B\nCông ty: Công ty Cổ phần Công nghệ Toàn cầu 4.0\nMức lương: 10000000\nKĩ năng yêu cầu: \nKinh nghiệm: LESS_THAN_1_YEAR\nĐịa điểm: Thành phố Hà Nội\nNgành nghề: IT & Telecommunications\nMô tả: Tìm kiếm và mở rộng mạng lưới khách hàng doanh nghiệp. Đàm phán và ký kết hợp đồng. Ưu tiên có kinh nghiệm Sales trong lĩnh vực IT.\n',NULL,'job','DONE',NULL,NULL,NULL),(526,'job',58,'7a0a05fb-7f6c-410d-ab59-57f7af4c5aad','Vị trí: Tuyển dụng Chuyên viên Phân tích nghiệp vụ (Business Analyst)\nCông ty: CÔNG TY CỔ PHẦN TẬP ĐOÀN KIM TÍN\nMức lương: 20000000\nKĩ năng yêu cầu: \nKinh nghiệm: LESS_THAN_1_YEAR\nĐịa điểm: Tỉnh Hà Giang\nNgành nghề: IT & Telecommunications\nMô tả: Thu thập, phân tích yêu cầu từ khách hàng và chuyển thành tài liệu chức năng (BRD, SRS). Yêu cầu: Kỹ năng giao tiếp tốt, thành thạo UML/BPMN, có kinh nghiệm làm việc trong lĩnh vực FinTech. Quyền lợi: Lương cạnh tranh, bảo hiểm PVI, training chuyên sâu.\n',NULL,'job','DONE',NULL,NULL,NULL),(527,'job',59,'86cf463b-4574-4628-b9e2-e2c6a9e26274','Vị trí: Tuyển dụng Product Manager cho Sản phẩm Mobile App\nCông ty: Công ty Cổ phần Công nghệ Toàn cầu 4.0\nMức lương: 25000000\nKĩ năng yêu cầu: \nKinh nghiệm: ONE_TO_THREE_YEARS\nĐịa điểm: Tỉnh Cao Bằng\nNgành nghề: IT & Telecommunications\nMô tả: Nghiên cứu thị trường, xây dựng lộ trình sản phẩm (Roadmap), viết User Stories. Phối hợp với team Dev/Design/Marketing để đưa sản phẩm ra thị trường. Yêu cầu: 3+ năm kinh nghiệm PM, thành thạo công cụ Agile (JIRA/Confluence). Quyền lợi: Lương hấp dẫn, cổ phần công ty, du lịch hàng năm.\n',NULL,'job','DONE',NULL,NULL,NULL),(528,'job',60,'d497b764-2609-4aa4-b215-3b26ad5ed429','Vị trí: Tuyển dụng Senior React Developer (Front-end)\nCông ty: Công ty Cổ phần Đào tạo Công nghệ Vươn Xa\nMức lương: 35000000\nKĩ năng yêu cầu: \nKinh nghiệm: LESS_THAN_1_YEAR\nĐịa điểm: Tỉnh Cao Bằng\nNgành nghề: IT & Telecommunications\nMô tả: Xây dựng và duy trì các thành phần UI/UX hiệu suất cao bằng ReactJS và Redux/Zustand. Yêu cầu: 3+ năm kinh nghiệm, thành thạo HTML/CSS/JavaScript, React Hook. Quyền lợi: Lương thưởng hấp dẫn, làm việc remote linh hoạt 2 ngày/tuần.\n',NULL,'job','DONE',NULL,NULL,NULL),(529,'job',61,'968e462b-d99c-4dc3-93c5-e417f5cca653','Vị trí: Tuyển dụng Nhân viên Kế toán Tổng hợp\nCông ty: Công ty \"Tiền Phong\"\nMức lương: 12000000\nKĩ năng yêu cầu: \nKinh nghiệm: ONE_TO_THREE_YEARS\nĐịa điểm: Thành phố Hồ Chí Minh\nNgành nghề: IT & Telecommunications\nMô tả: Phụ trách sổ sách, báo cáo thuế và quản lý hóa đơn. Yêu cầu 2 năm kinh nghiệm.\n',NULL,'job','DONE',NULL,NULL,NULL),(530,'job',62,'ced7f297-4572-436a-b8f5-a0818b4a6303','Vị trí: Chuyên viên Marketing Digital (Không giới hạn)\nCông ty: Công ty \"Tiền Phong\"\nMức lương: 20000000\nKĩ năng yêu cầu: \nKinh nghiệm: LESS_THAN_1_YEAR\nĐịa điểm: Thành phố Hà Nội\nNgành nghề: IT & Telecommunications\nMô tả: Lên kế hoạch, thực thi chiến dịch quảng cáo trên các nền tảng mạng xã hội.\n',NULL,'job','DONE',NULL,NULL,NULL),(531,'job',63,'c789b7b8-0ef5-40e8-b127-f405d3c7c72d','Vị trí: Lập trình viên Java Junior\nCông ty: Công ty \"Tiền Phong\"\nMức lương: 15000000\nKĩ năng yêu cầu: \nKinh nghiệm: LESS_THAN_1_YEAR\nĐịa điểm: Thành phố Đà Nẵng\nNgành nghề: Banking & Finance\nMô tả: Tham gia phát triển các module cho hệ thống ERP. Cần có kiến thức vững về OOP.\n',NULL,'job','DONE',NULL,NULL,NULL),(532,'job',64,'04049e34-943a-4e16-a849-3157ec302e4d','Vị trí: Quản lý dự án Xây dựng (Kinh nghiệm > 5 năm)\nCông ty: Công ty \"Tiền Phong\"\nMức lương: 20000000\nKĩ năng yêu cầu: \nKinh nghiệm: ONE_TO_THREE_YEARS\nĐịa điểm: Tỉnh Hoà Bình\nNgành nghề: IT & Telecommunications\nMô tả: Quản lý tiến độ, chất lượng và ngân sách các công trình dân dụng.\n',NULL,'job','DONE',NULL,NULL,NULL),(533,'job',65,'7dba2780-a26b-442f-865b-8043992a9cbc','Vị trí: Senior Product Manager - Fintech\nCông ty: Công ty \"Tiền Phong\"\nMức lương: 25000000\nKĩ năng yêu cầu: \nKinh nghiệm: LESS_THAN_1_YEAR\nĐịa điểm: Thành phố Hồ Chí Minh\nNgành nghề: IT & Telecommunications\nMô tả: Nghiên cứu thị trường, định hướng và phát triển sản phẩm thanh toán số.\n',NULL,'job','DONE',NULL,NULL,NULL),(534,'job',66,'e36161c2-ed1d-4dd7-a1f8-edf5bdde6da5','Vị trí: Tuyển gấp Tài xế Bán tải\nCông ty: Tập đoàn Đầu tư & Phát triển Bách Khoa\nMức lương: 20000000\nKĩ năng yêu cầu: Làm việc nhóm\nKinh nghiệm: ONE_TO_THREE_YEARS\nĐịa điểm: Tỉnh Cao Bằng\nNgành nghề: Education & Training\nMô tả: Lái xe giao hàng trong nội thành. Cần bằng B2.\n',NULL,'job','DONE',NULL,NULL,NULL),(535,'job',67,'e24be392-e279-4a6c-966c-f910b94e6ab5','Vị trí: Kỹ sư Điện - Tự động hóa\nCông ty: Tập đoàn Đầu tư & Phát triển Bách Khoa\nMức lương: 25000000\nKĩ năng yêu cầu: \nKinh nghiệm: ONE_TO_THREE_YEARS\nĐịa điểm: Tỉnh Hà Giang\nNgành nghề: Education & Training\nMô tả: Vận hành, bảo trì hệ thống máy móc trong nhà máy sản xuất.\n',NULL,'job','DONE',NULL,NULL,NULL);
/*!40000 ALTER TABLE `knowledge_vectors` ENABLE KEYS */;
UNLOCK TABLES;

--
-- Table structure for table `messages`
--

DROP TABLE IF EXISTS `messages`;
/*!40101 SET @saved_cs_client     = @@character_set_client */;
/*!50503 SET character_set_client = utf8mb4 */;
CREATE TABLE `messages` (
  `id` bigint NOT NULL AUTO_INCREMENT,
  `created_date` datetime(6) DEFAULT NULL,
  `updated_date` datetime(6) DEFAULT NULL,
  `content` text,
  `is_read` bit(1) NOT NULL,
  `sender_type` enum('CANDIDATE','EMPLOYER') DEFAULT NULL,
  `type` enum('FILE','IMAGE','TEXT') DEFAULT NULL,
  `chat_room_id` bigint DEFAULT NULL,
  `sender_id` bigint DEFAULT NULL,
  PRIMARY KEY (`id`),
  KEY `FK67lyatc9udvn9fgepx08ckmbt` (`chat_room_id`),
  KEY `FKip9clvpi646rirksmm433wykx` (`sender_id`),
  CONSTRAINT `FK67lyatc9udvn9fgepx08ckmbt` FOREIGN KEY (`chat_room_id`) REFERENCES `chat_rooms` (`id`),
  CONSTRAINT `FKip9clvpi646rirksmm433wykx` FOREIGN KEY (`sender_id`) REFERENCES `user` (`id`)
) ENGINE=InnoDB AUTO_INCREMENT=162 DEFAULT CHARSET=utf8mb3;
/*!40101 SET character_set_client = @saved_cs_client */;

--
-- Dumping data for table `messages`
--

LOCK TABLES `messages` WRITE;
/*!40000 ALTER TABLE `messages` DISABLE KEYS */;
INSERT INTO `messages` VALUES (9,'2025-08-22 22:50:39.413000','2025-08-22 22:51:23.517000','xin chao',_binary '','EMPLOYER','TEXT',10,1),(10,'2025-08-22 22:51:26.094000','2025-08-22 22:51:26.134000','hi',_binary '','CANDIDATE','TEXT',10,37),(11,'2025-08-22 22:51:34.883000','2025-08-22 22:51:34.916000','chao zin',_binary '','EMPLOYER','TEXT',10,1),(12,'2025-08-22 22:52:08.024000','2025-08-22 22:52:08.059000','heelo',_binary '','EMPLOYER','TEXT',10,1),(13,'2025-08-22 22:52:15.091000','2025-08-22 22:52:15.145000','xin chaof',_binary '','CANDIDATE','TEXT',10,37),(98,'2025-11-19 17:36:04.047000','2025-11-19 17:49:48.013000','hi',_binary '','EMPLOYER','TEXT',27,2),(99,'2025-11-19 17:49:14.047000','2025-11-19 17:49:48.013000','hi',_binary '','EMPLOYER','TEXT',27,2),(100,'2025-11-19 17:49:53.609000','2025-11-19 17:49:53.664000','hu',_binary '','CANDIDATE','TEXT',27,39),(101,'2025-11-19 17:50:00.514000','2025-11-19 17:50:00.565000','hi',_binary '','EMPLOYER','TEXT',27,2),(102,'2025-11-19 17:50:28.981000','2025-11-19 17:50:37.458000','hi',_binary '','CANDIDATE','TEXT',27,39),(103,'2025-11-19 17:50:40.009000','2025-11-19 17:50:40.049000','2',_binary '','EMPLOYER','TEXT',27,2),(104,'2025-11-19 17:51:19.292000','2025-11-19 17:51:19.345000','\\ffff',_binary '','EMPLOYER','TEXT',27,2),(121,'2025-11-20 14:05:09.382000','2025-11-20 14:05:18.749000','chaof',_binary '','EMPLOYER','TEXT',33,25),(122,'2025-11-20 14:05:21.633000','2025-11-20 14:05:21.667000','hi',_binary '','CANDIDATE','TEXT',33,41),(123,'2025-11-20 14:05:29.182000','2025-11-20 14:05:29.216000','chao xin',_binary '','EMPLOYER','TEXT',33,25),(124,'2025-11-20 14:05:36.951000','2025-11-20 14:05:36.996000','denpv nhe b',_binary '','CANDIDATE','TEXT',33,41),(125,'2025-11-20 14:05:41.077000','2025-11-20 14:05:41.109000','ok',_binary '','EMPLOYER','TEXT',33,25),(126,'2025-11-20 14:05:52.277000','2025-11-20 14:05:52.313000','mấy h ạ',_binary '','CANDIDATE','TEXT',33,41),(127,'2025-11-20 14:05:58.040000','2025-11-20 14:05:58.067000','tầm 2h chiều',_binary '','EMPLOYER','TEXT',33,25),(128,'2025-11-20 14:06:01.218000','2025-11-20 14:06:01.250000','dạ',_binary '','CANDIDATE','TEXT',33,41),(129,'2025-11-20 14:06:06.380000','2025-11-20 14:06:06.416000','thank you',_binary '','EMPLOYER','TEXT',33,25),(143,'2025-11-23 15:35:02.901000','2025-11-23 15:35:08.441000','hi',_binary '','EMPLOYER','TEXT',43,27),(144,'2025-11-23 15:35:44.246000','2025-11-23 15:35:44.292000','hi',_binary '','EMPLOYER','TEXT',43,27),(145,'2025-11-23 15:39:36.904000','2025-11-23 15:39:36.964000','hi',_binary '','CANDIDATE','TEXT',44,43),(158,'2025-11-24 16:00:19.825000','2025-11-24 16:00:28.798000','xin chào',_binary '','EMPLOYER','TEXT',56,4),(159,'2025-11-24 16:00:40.140000','2025-11-24 16:00:40.290000','xin chào tôi là ứng viên',_binary '','CANDIDATE','TEXT',56,45),(160,'2025-11-24 16:01:03.929000','2025-11-24 16:01:04.107000','bạn nhớ đi đúng giờ phỏng vấn',_binary '','EMPLOYER','TEXT',56,4),(161,'2025-11-24 16:01:13.317000','2025-11-24 16:01:13.542000','cảm ơn bạn đã nhắc nhở',_binary '','CANDIDATE','TEXT',56,45);
/*!40000 ALTER TABLE `messages` ENABLE KEYS */;
UNLOCK TABLES;

--
-- Table structure for table `notification`
--

DROP TABLE IF EXISTS `notification`;
/*!40101 SET @saved_cs_client     = @@character_set_client */;
/*!50503 SET character_set_client = utf8mb4 */;
CREATE TABLE `notification` (
  `id` bigint NOT NULL AUTO_INCREMENT,
  `created_date` datetime(6) DEFAULT NULL,
  `updated_date` datetime(6) DEFAULT NULL,
  `content` text,
  `is_read` bit(1) NOT NULL,
  `link` varchar(255) DEFAULT NULL,
  `status` enum('DELIVERED','FAILED','PENDING','READ','SENT') DEFAULT NULL,
  `title` varchar(255) NOT NULL,
  `type` enum('APPLICATION_UPDATE','INTERVIEW_INVITATION','JOB_MATCHING','PAYMENT_STATUS','SUBSCRIPTION_EXPIRY','SYSTEM_NOTICE') DEFAULT NULL,
  `account_id` bigint NOT NULL,
  `id_user` bigint NOT NULL,
  PRIMARY KEY (`id`),
  KEY `FKj0b1ncedmpl7sx7t7o54t26v2` (`account_id`),
  KEY `FKjsqpq32j3cp7sbi81on7xo3jg` (`id_user`),
  CONSTRAINT `FKj0b1ncedmpl7sx7t7o54t26v2` FOREIGN KEY (`account_id`) REFERENCES `account` (`id`),
  CONSTRAINT `FKjsqpq32j3cp7sbi81on7xo3jg` FOREIGN KEY (`id_user`) REFERENCES `user` (`id`)
) ENGINE=InnoDB AUTO_INCREMENT=4 DEFAULT CHARSET=utf8mb3;
/*!40101 SET character_set_client = @saved_cs_client */;

--
-- Dumping data for table `notification`
--

LOCK TABLES `notification` WRITE;
/*!40000 ALTER TABLE `notification` DISABLE KEYS */;
INSERT INTO `notification` VALUES (1,'2025-11-19 18:42:06.599000','2025-11-19 18:42:06.599000','Bạn có lịch phỏng vấn cho vị trí Chuyên viên Phát triển Kinh doanh B2B',_binary '\0','/interviews/1','PENDING','Lịch phỏng vấn mới','INTERVIEW_INVITATION',90,83),(2,'2025-11-20 14:04:13.239000','2025-11-20 14:04:13.239000','Bạn có lịch phỏng vấn cho vị trí Tuyển dụng Senior React Developer (Front-end)',_binary '\0','/interviews/2','PENDING','Lịch phỏng vấn mới','INTERVIEW_INVITATION',97,85),(3,'2025-11-24 15:58:17.261000','2025-11-24 15:58:17.261000','Bạn có lịch phỏng vấn cho vị trí Senior Full Stack Developer',_binary '\0','/interviews/3','PENDING','Lịch phỏng vấn mới','INTERVIEW_INVITATION',103,89);
/*!40000 ALTER TABLE `notification` ENABLE KEYS */;
UNLOCK TABLES;

--
-- Table structure for table `package`
--

DROP TABLE IF EXISTS `package`;
/*!40101 SET @saved_cs_client     = @@character_set_client */;
/*!50503 SET character_set_client = utf8mb4 */;
CREATE TABLE `package` (
  `id` bigint NOT NULL AUTO_INCREMENT,
  `created_date` datetime(6) DEFAULT NULL,
  `updated_date` datetime(6) DEFAULT NULL,
  `duration` int NOT NULL,
  `package_name` varchar(255) DEFAULT NULL,
  `price` double DEFAULT NULL,
  PRIMARY KEY (`id`)
) ENGINE=InnoDB AUTO_INCREMENT=4 DEFAULT CHARSET=utf8mb3;
/*!40101 SET character_set_client = @saved_cs_client */;

--
-- Dumping data for table `package`
--

LOCK TABLES `package` WRITE;
/*!40000 ALTER TABLE `package` DISABLE KEYS */;
INSERT INTO `package` VALUES (1,'2025-01-11 16:23:15.508000','2025-01-11 16:23:15.508000',30,'Basic',50000),(2,'2025-01-11 16:23:15.512000','2025-01-11 16:23:15.512000',30,'Premium',2000000),(3,'2025-01-11 16:23:15.513000','2025-01-11 16:23:15.513000',30,'Enterprise',5000000);
/*!40000 ALTER TABLE `package` ENABLE KEYS */;
UNLOCK TABLES;

--
-- Table structure for table `package_permission`
--

DROP TABLE IF EXISTS `package_permission`;
/*!40101 SET @saved_cs_client     = @@character_set_client */;
/*!50503 SET character_set_client = utf8mb4 */;
CREATE TABLE `package_permission` (
  `id` bigint NOT NULL AUTO_INCREMENT,
  `created_date` datetime(6) DEFAULT NULL,
  `updated_date` datetime(6) DEFAULT NULL,
  `granted_date` datetime(6) DEFAULT NULL,
  `is_active` bit(1) DEFAULT NULL,
  `value` varchar(255) NOT NULL,
  `package_id` bigint NOT NULL,
  `permission_id` bigint NOT NULL,
  PRIMARY KEY (`id`),
  KEY `FKtfoem9pgesyd73wrsddt38rv9` (`package_id`),
  KEY `FKjat6bcpojqnje81wt98d6ck7c` (`permission_id`),
  CONSTRAINT `FKjat6bcpojqnje81wt98d6ck7c` FOREIGN KEY (`permission_id`) REFERENCES `permission` (`id`),
  CONSTRAINT `FKtfoem9pgesyd73wrsddt38rv9` FOREIGN KEY (`package_id`) REFERENCES `package` (`id`)
) ENGINE=InnoDB AUTO_INCREMENT=32 DEFAULT CHARSET=utf8mb3;
/*!40101 SET character_set_client = @saved_cs_client */;

--
-- Dumping data for table `package_permission`
--

LOCK TABLES `package_permission` WRITE;
/*!40000 ALTER TABLE `package_permission` DISABLE KEYS */;
INSERT INTO `package_permission` VALUES (1,'2025-01-11 16:23:15.523000','2025-01-11 16:23:15.523000','2025-01-11 16:23:15.523000',_binary '','10',1,1),(2,'2025-01-11 16:23:15.525000','2025-01-11 16:23:15.525000','2025-01-11 16:23:15.523000',_binary '','basic',1,2),(3,'2025-01-11 16:23:15.526000','2025-01-11 16:23:15.526000','2025-01-11 16:23:15.523000',_binary '','basic',1,3),(4,'2025-01-11 16:23:15.527000','2025-01-11 16:23:15.527000','2025-01-11 16:23:15.523000',_binary '','10',1,4),(5,'2025-01-11 16:23:15.528000','2025-01-11 16:23:15.528000','2025-01-11 16:23:15.523000',_binary '','5',1,5),(6,'2025-01-11 16:23:15.529000','2025-01-11 16:23:15.529000','2025-01-11 16:23:15.523000',_binary '','normal',1,6),(7,'2025-01-11 16:23:15.530000','2025-01-11 16:23:15.530000','2025-01-11 16:23:15.523000',_binary '','normal',1,7),(8,'2025-01-11 16:23:15.531000','2025-01-11 16:23:15.531000','2025-01-11 16:23:15.523000',_binary '','false',1,8),(9,'2025-01-11 16:23:15.532000','2025-01-11 16:23:15.532000','2025-01-11 16:23:15.523000',_binary '','basic',1,9),(10,'2025-01-11 16:23:15.533000','2025-01-11 16:23:15.533000','2025-01-11 16:23:15.523000',_binary '','normal',1,10),(11,'2025-01-11 16:23:15.534000','2025-01-11 16:23:15.534000','2025-01-11 16:23:15.523000',_binary '','100',2,1),(12,'2025-01-11 16:23:15.535000','2025-01-11 16:23:15.535000','2025-01-11 16:23:15.523000',_binary '','full',2,2),(13,'2025-01-11 16:23:15.537000','2025-01-11 16:23:15.537000','2025-01-11 16:23:15.523000',_binary '','advanced',2,3),(14,'2025-01-11 16:23:15.538000','2025-01-11 16:23:15.538000','2025-01-11 16:23:15.523000',_binary '','50',2,4),(15,'2025-01-11 16:23:15.540000','2025-01-11 16:23:15.540000','2025-01-11 16:23:15.523000',_binary '','50',2,5),(16,'2025-01-11 16:23:15.541000','2025-01-11 16:23:15.541000','2025-01-11 16:23:15.523000',_binary '','trusted',2,6),(17,'2025-01-11 16:23:15.543000','2025-01-11 16:23:15.543000','2025-01-11 16:23:15.523000',_binary '','high',2,7),(18,'2025-01-11 16:23:15.544000','2025-01-11 16:23:15.544000','2025-01-11 16:23:15.523000',_binary '','false',2,8),(19,'2025-01-11 16:23:15.545000','2025-01-11 16:23:15.545000','2025-01-11 16:23:15.523000',_binary '','detailed',2,9),(20,'2025-01-11 16:23:15.546000','2025-01-11 16:23:15.546000','2025-01-11 16:23:15.523000',_binary '','normal',2,10),(21,'2025-01-11 16:23:15.548000','2025-01-11 16:23:15.548000','2025-01-11 16:23:15.523000',_binary '','9999',3,1),(22,'2025-01-11 16:23:15.549000','2025-01-11 16:23:15.549000','2025-01-11 16:23:15.523000',_binary '','unlimited',3,2),(23,'2025-01-11 16:23:15.550000','2025-01-11 16:23:15.550000','2025-01-11 16:23:15.523000',_binary '','ai-matching',3,3),(24,'2025-01-11 16:23:15.551000','2025-01-11 16:23:15.551000','2025-01-11 16:23:15.523000',_binary '','unlimited',3,4),(25,'2025-01-11 16:23:15.553000','2025-01-11 16:23:15.553000','2025-01-11 16:23:15.523000',_binary '','500',3,5),(26,'2025-01-11 16:23:15.554000','2025-01-11 16:23:15.554000','2025-01-11 16:23:15.523000',_binary '','vip',3,6),(27,'2025-01-11 16:23:15.555000','2025-01-11 16:23:15.555000','2025-01-11 16:23:15.523000',_binary '','highest',3,7),(28,'2025-01-11 16:23:15.556000','2025-01-11 16:23:15.556000','2025-01-11 16:23:15.523000',_binary '','true',3,8),(29,'2025-01-11 16:23:15.557000','2025-01-11 16:23:15.557000','2025-01-11 16:23:15.523000',_binary '','detailed',3,9),(30,'2025-01-11 16:23:15.558000','2025-01-11 16:23:15.558000','2025-01-11 16:23:15.523000',_binary '','24-7',3,10);
/*!40000 ALTER TABLE `package_permission` ENABLE KEYS */;
UNLOCK TABLES;

--
-- Table structure for table `payment`
--

DROP TABLE IF EXISTS `payment`;
/*!40101 SET @saved_cs_client     = @@character_set_client */;
/*!50503 SET character_set_client = utf8mb4 */;
CREATE TABLE `payment` (
  `id` bigint NOT NULL AUTO_INCREMENT,
  `created_date` datetime(6) DEFAULT NULL,
  `updated_date` datetime(6) DEFAULT NULL,
  `amount` double DEFAULT NULL,
  `payment_date` datetime(6) DEFAULT NULL,
  `payment_info` varchar(255) DEFAULT NULL,
  `payment_method` enum('MOMO','PAYPAL','VNPAY') DEFAULT NULL,
  `status` enum('FAILED','PENDING','SUCCESS') DEFAULT NULL,
  `transaction_id` varchar(255) DEFAULT NULL,
  `invoice_id` bigint NOT NULL,
  `subscription_id` bigint NOT NULL,
  PRIMARY KEY (`id`),
  UNIQUE KEY `UK4l6ndm1m1iw9knbdtxd6m6fyc` (`invoice_id`),
  KEY `FKf33gbc1d0uh0qb5v2lhjhrnda` (`subscription_id`),
  CONSTRAINT `FKf33gbc1d0uh0qb5v2lhjhrnda` FOREIGN KEY (`subscription_id`) REFERENCES `subscriptions` (`id`),
  CONSTRAINT `FKsb24p8f52refbb80qwp4gem9n` FOREIGN KEY (`invoice_id`) REFERENCES `invoice` (`id`)
) ENGINE=InnoDB AUTO_INCREMENT=70 DEFAULT CHARSET=utf8mb3;
/*!40101 SET character_set_client = @saved_cs_client */;

--
-- Dumping data for table `payment`
--

LOCK TABLES `payment` WRITE;
/*!40000 ALTER TABLE `payment` DISABLE KEYS */;
INSERT INTO `payment` VALUES (1,'2025-01-11 17:48:02.636000','2025-01-11 17:48:15.240000',50000,'2025-01-11 17:48:00.725000',NULL,'PAYPAL','SUCCESS','EC-3EL52242AD986481D',1,1),(2,'2025-01-12 18:09:04.997000','2025-01-12 18:09:21.255000',50000,'2025-01-12 18:09:03.353000',NULL,'PAYPAL','SUCCESS','EC-84Y72381011572019',2,2),(3,'2025-01-12 18:15:45.942000','2025-01-12 18:15:53.154000',50000,'2025-01-12 18:15:44.453000',NULL,'PAYPAL','SUCCESS','EC-6E42628086225654X',4,4),(4,'2025-01-12 18:16:25.198000','2025-01-12 18:17:47.583000',50000,'2025-01-12 18:16:23.559000',NULL,'PAYPAL','SUCCESS','EC-4XK860292R2710916',5,5),(5,'2025-01-12 18:18:17.726000','2025-01-12 18:18:25.634000',50000,'2025-01-12 18:18:16.317000',NULL,'PAYPAL','SUCCESS','EC-44B50891BA927460P',6,6),(6,'2025-01-12 18:18:56.524000','2025-01-12 18:19:04.148000',50000,'2025-01-12 18:18:54.889000',NULL,'PAYPAL','SUCCESS','EC-8C474837MF475443Y',7,7),(7,'2025-01-12 18:22:55.772000','2025-01-12 18:23:08.490000',2000000,'2025-01-12 18:22:54.053000',NULL,'PAYPAL','SUCCESS','EC-46014520RN178625K',8,8),(8,'2025-01-12 18:32:10.752000','2025-01-12 18:32:18.032000',2000000,'2025-01-12 18:32:08.912000',NULL,'PAYPAL','SUCCESS','EC-1XK76047X0985863Y',9,9),(9,'2025-01-12 18:33:34.389000','2025-01-12 18:33:43.547000',2000000,'2025-01-12 18:33:33.007000',NULL,'PAYPAL','SUCCESS','EC-3PA87909CT3583211',10,10),(10,'2025-01-12 18:40:00.969000','2025-01-12 18:40:09.048000',2000000,'2025-01-12 18:39:59.163000',NULL,'PAYPAL','SUCCESS','EC-60S495336B097634B',11,11),(11,'2025-01-12 18:44:41.444000','2025-01-12 18:44:52.390000',2000000,'2025-01-12 18:44:39.875000',NULL,'PAYPAL','SUCCESS','EC-8ST383221A807492E',12,12),(12,'2025-01-12 18:49:09.990000','2025-01-12 18:51:58.303000',2000000,'2025-01-12 18:49:08.484000',NULL,'PAYPAL','SUCCESS','EC-43H21269L8388234A',13,13),(13,'2025-01-12 20:25:40.231000','2025-01-12 20:25:54.120000',2000000,'2025-01-12 20:25:38.296000',NULL,'PAYPAL','SUCCESS','EC-1C480222M87587327',14,14),(14,'2025-01-12 20:27:23.797000','2025-01-12 20:27:33.504000',2000000,'2025-01-12 20:27:22.082000',NULL,'PAYPAL','SUCCESS','EC-2CD592926N820970U',15,15),(15,'2025-01-12 20:28:22.438000','2025-01-12 20:28:30.920000',5000000,'2025-01-12 20:28:21.020000',NULL,'PAYPAL','SUCCESS','EC-6HG33276YR978803J',16,16),(16,'2025-01-13 18:41:29.306000','2025-01-13 18:41:42.924000',50000,'2025-01-13 18:41:27.455000',NULL,'PAYPAL','SUCCESS','EC-7B819543D2535162C',18,18),(17,'2025-01-13 22:45:04.804000','2025-01-13 22:45:17.441000',2000000,'2025-01-13 22:45:03.200000',NULL,'PAYPAL','SUCCESS','EC-5KV90920D4446925S',19,19),(18,'2025-01-13 23:14:39.342000','2025-01-14 01:39:11.520000',2000000,'2025-01-13 23:14:39.341000','Mã lỗi: 24','VNPAY','FAILED','TXN1736784879341',20,20),(32,'2025-03-03 11:40:26.567000','2025-03-03 11:41:28.066000',50000,'2025-03-03 11:40:26.566000',NULL,'VNPAY','SUCCESS','TXN1740976826566',34,34),(33,'2025-03-03 11:54:29.021000','2025-03-03 11:54:45.806000',2000000,'2025-03-03 11:54:29.021000',NULL,'VNPAY','SUCCESS','TXN1740977669021',35,35),(34,'2025-03-03 12:18:28.265000','2025-03-03 12:18:47.475000',50000,'2025-03-03 12:18:28.265000',NULL,'VNPAY','SUCCESS','TXN1740979108265',36,36),(35,'2025-11-15 23:43:55.163000','2025-11-15 23:44:07.234000',2000000,'2025-11-15 23:43:55.162000','Mã lỗi: null','VNPAY','FAILED','TXN1763225035162',38,38),(36,'2025-11-15 23:45:00.363000','2025-11-15 23:45:09.635000',2000000,'2025-11-15 23:45:00.363000','Mã lỗi: null','VNPAY','FAILED','TXN1763225100363',39,39),(37,'2025-11-15 23:47:25.001000','2025-11-15 23:47:33.240000',2000000,'2025-11-15 23:47:25.001000','Mã lỗi: null','VNPAY','FAILED','TXN1763225245001',40,40),(38,'2025-11-15 23:47:43.546000','2025-11-15 23:48:31.767000',2000000,'2025-11-15 23:47:42.048000',NULL,'PAYPAL','SUCCESS','EC-7RN97387YX472693V',41,41),(39,'2025-11-15 23:48:46.044000','2025-11-15 23:48:54.428000',5000000,'2025-11-15 23:48:46.043000','Mã lỗi: null','VNPAY','FAILED','TXN1763225326043',42,42),(40,'2025-11-15 23:58:15.746000','2025-11-16 00:08:41.453000',5000000,'2025-11-15 23:58:15.746000','Mã lỗi: null','VNPAY','FAILED','TXN1763225895746',43,43),(41,'2025-11-16 00:09:10.126000','2025-11-16 00:09:18.613000',5000000,'2025-11-16 00:09:10.126000','Mã lỗi: null','VNPAY','FAILED','TXN1763226550126',44,44),(42,'2025-11-16 00:12:34.710000','2025-11-16 00:12:40.956000',5000000,'2025-11-16 00:12:34.709000','Mã lỗi: null','VNPAY','FAILED','TXN1763226754709',45,45),(43,'2025-11-16 01:30:43.391000','2025-11-16 23:36:03.738000',5000000,'2025-11-16 01:30:43.390000',NULL,'VNPAY','FAILED','TXN1763231443390',46,46),(44,'2025-11-16 01:41:03.783000','2025-11-16 01:41:12.362000',5000000,'2025-11-16 01:41:03.782000','Mã lỗi: null','VNPAY','FAILED','TXN1763232063782',47,47),(45,'2025-11-16 01:46:32.978000','2025-11-16 23:36:03.741000',5000000,'2025-11-16 01:46:32.977000',NULL,'VNPAY','FAILED','TXN1763232392977',48,48),(46,'2025-11-16 01:53:58.842000','2025-11-16 23:36:03.741000',5000000,'2025-11-16 01:53:58.841000',NULL,'VNPAY','FAILED','TXN1763232838841',49,49),(47,'2025-11-16 23:36:20.255000','2025-11-16 23:36:30.119000',5000000,'2025-11-16 23:36:20.254000','Mã lỗi: null','VNPAY','FAILED','TXN1763310980254',50,50),(48,'2025-11-16 23:41:26.226000','2025-11-16 23:41:34.597000',5000000,'2025-11-16 23:41:26.226000','Mã lỗi: null','VNPAY','FAILED','TXN1763311286226',51,51),(49,'2025-11-16 23:50:12.115000','2025-11-18 14:30:36.133000',5000000,'2025-11-16 23:50:12.114000',NULL,'VNPAY','FAILED','TXN1763311812114',52,52),(50,'2025-11-16 23:59:26.266000','2025-11-18 14:30:36.138000',5000000,'2025-11-16 23:59:26.266000',NULL,'VNPAY','FAILED','TXN1763312366266',53,53),(51,'2025-11-17 00:03:16.078000','2025-11-18 14:30:36.138000',5000000,'2025-11-17 00:03:16.076000',NULL,'VNPAY','FAILED','TXN1763312596077',54,54),(52,'2025-11-17 00:05:33.104000','2025-11-17 00:06:38.233000',5000000,'2025-11-17 00:05:33.104000',NULL,'VNPAY','SUCCESS','TXN1763312733104',55,55),(53,'2025-11-18 14:51:29.735000','2025-11-18 14:54:35.031000',5000000,'2025-11-18 14:51:29.734000',NULL,'VNPAY','SUCCESS','TXN1763452289734',57,57),(54,'2025-11-18 16:10:55.501000','2025-11-18 16:11:36.998000',50000,'2025-11-18 16:10:54.045000',NULL,'PAYPAL','SUCCESS','EC-7DW04788972363909',58,58),(55,'2025-11-19 18:12:41.994000','2025-11-19 18:13:43.241000',5000000,'2025-11-19 18:12:39.674000',NULL,'PAYPAL','SUCCESS','EC-6SH07311N18488931',59,59),(56,'2025-11-19 18:38:47.327000','2025-11-19 18:39:11.373000',2000000,'2025-11-19 18:38:42.641000',NULL,'PAYPAL','SUCCESS','EC-1Y183336U2946204Y',60,60),(57,'2025-11-20 13:23:52.420000','2025-11-20 13:24:30.304000',5000000,'2025-11-20 13:23:52.419000',NULL,'VNPAY','SUCCESS','EC-7U81683925227201H',61,61),(58,'2025-11-20 13:23:59.391000','2025-11-20 14:05:10.306000',5000000,'2025-11-20 13:23:59.391000',NULL,'VNPAY','FAILED','TXN1763619839391',62,62),(59,'2025-11-20 13:24:08.458000','2025-11-20 14:05:10.306000',5000000,'2025-11-20 13:24:06.494000',NULL,'PAYPAL','FAILED','EC-6C516384GU750372V',63,63),(60,'2025-11-20 13:38:37.158000','2025-11-20 13:39:42.566000',5000000,'2025-11-20 13:38:37.158000',NULL,'VNPAY','SUCCESS','TXN1763620717158',64,64),(61,'2025-11-23 14:27:15.217000','2025-11-23 14:28:20.258000',50000,'2025-11-23 14:27:15.217000',NULL,'VNPAY','SUCCESS','EC-43F72351GW804261S',65,65),(62,'2025-11-23 14:27:34.087000','2025-11-23 14:29:49.653000',50000,'2025-11-23 14:27:31.152000',NULL,'PAYPAL','SUCCESS','EC-9JM90803NT306424W',66,66),(63,'2025-11-23 14:29:40.560000','2025-11-23 14:30:53.002000',2000000,'2025-11-23 14:29:38.841000',NULL,'PAYPAL','SUCCESS','EC-3M9911151R1739517',69,69),(64,'2025-11-23 14:30:42.181000','2025-11-23 15:04:22.648000',2000000,'2025-11-23 14:30:39.771000',NULL,'PAYPAL','SUCCESS','EC-1KG1232697406845W',70,70),(65,'2025-11-23 14:32:06.103000','2025-11-23 14:33:17.841000',5000000,'2025-11-23 14:32:06.103000',NULL,'VNPAY','SUCCESS','TXN1763883126103',71,71),(66,'2025-11-23 15:03:22.146000','2025-11-23 15:04:55.543000',2000000,'2025-11-23 15:03:20.703000',NULL,'PAYPAL','SUCCESS','EC-4UV971464N6935947',72,72),(67,'2025-11-23 15:03:53.418000','2025-11-23 15:44:59.802000',2000000,'2025-11-23 15:03:51.064000',NULL,'PAYPAL','FAILED','EC-99H18747GM992922C',73,73),(68,'2025-11-23 15:04:48.738000','2025-11-23 15:45:59.807000',2000000,'2025-11-23 15:04:47.347000',NULL,'PAYPAL','FAILED','EC-7VM64546Y4811615G',74,74),(69,'2025-11-24 16:19:08.648000','2025-11-24 16:19:47.717000',5000000,'2025-11-24 16:19:06.697000',NULL,'PAYPAL','SUCCESS','EC-4GY85725P4423893F',75,75);
/*!40000 ALTER TABLE `payment` ENABLE KEYS */;
UNLOCK TABLES;

--
-- Table structure for table `permission`
--

DROP TABLE IF EXISTS `permission`;
/*!40101 SET @saved_cs_client     = @@character_set_client */;
/*!50503 SET character_set_client = utf8mb4 */;
CREATE TABLE `permission` (
  `id` bigint NOT NULL AUTO_INCREMENT,
  `created_date` datetime(6) DEFAULT NULL,
  `updated_date` datetime(6) DEFAULT NULL,
  `active` bit(1) NOT NULL,
  `description` varchar(255) DEFAULT NULL,
  `permission_key` varchar(255) DEFAULT NULL,
  `permission_name` varchar(255) DEFAULT NULL,
  PRIMARY KEY (`id`),
  UNIQUE KEY `UKa6ce7d623gvfanotmesph4skr` (`permission_key`)
) ENGINE=InnoDB AUTO_INCREMENT=11 DEFAULT CHARSET=utf8mb3;
/*!40101 SET character_set_client = @saved_cs_client */;

--
-- Dumping data for table `permission`
--

LOCK TABLES `permission` WRITE;
/*!40000 ALTER TABLE `permission` DISABLE KEYS */;
INSERT INTO `permission` VALUES (1,'2025-01-11 16:23:15.491000','2025-01-11 16:23:15.491000',_binary '','Số lượng tin tuyển dụng được phép đăng','POST_JOB','Đăng tin tuyển dụng'),(2,'2025-01-11 16:23:15.494000','2025-01-11 16:23:15.494000',_binary '','Mức độ xem hồ sơ ứng viên','VIEW_CANDIDATE_PROFILE','Xem hồ sơ ứng viên'),(3,'2025-01-11 16:23:15.495000','2025-01-11 16:23:15.495000',_binary '','Khả năng tìm kiếm ứng viên','SEARCH_CANDIDATE','Tìm kiếm ứng viên'),(4,'2025-01-11 16:23:15.496000','2025-01-11 16:23:15.496000',_binary '','Số lượng lời mời phỏng vấn','INTERVIEW_INVITE','Mời phỏng vấn'),(5,'2025-01-11 16:23:15.497000','2025-01-11 16:23:15.497000',_binary '','Số tin được ghim lên đầu','PIN_JOB','Ghim tin tuyển dụng'),(6,'2025-01-11 16:23:15.498000','2025-01-11 16:23:15.498000',_binary '','Huy hiệu nhà tuyển dụng','EMPLOYER_BADGE','Huy hiệu nhà tuyển dụng'),(7,'2025-01-11 16:23:15.499000','2025-01-11 16:23:15.499000',_binary '','Độ ưu tiên hiển thị','SEARCH_PRIORITY','Ưu tiên tìm kiếm'),(8,'2025-01-11 16:23:15.500000','2025-01-11 16:23:15.500000',_binary '','Quyền truy cập API','API_ACCESS','Truy cập API'),(9,'2025-01-11 16:23:15.501000','2025-01-11 16:23:15.501000',_binary '','Báo cáo phân tích','ANALYTICS_REPORT','Báo cáo phân tích'),(10,'2025-01-11 16:23:15.502000','2025-01-11 16:23:15.502000',_binary '','Mức độ hỗ trợ','SUPPORT_LEVEL','Mức độ hỗ trợ');
/*!40000 ALTER TABLE `permission` ENABLE KEYS */;
UNLOCK TABLES;

--
-- Table structure for table `profession`
--

DROP TABLE IF EXISTS `profession`;
/*!40101 SET @saved_cs_client     = @@character_set_client */;
/*!50503 SET character_set_client = utf8mb4 */;
CREATE TABLE `profession` (
  `id` bigint NOT NULL AUTO_INCREMENT,
  `created_date` datetime(6) DEFAULT NULL,
  `updated_date` datetime(6) DEFAULT NULL,
  `description` varchar(255) DEFAULT NULL,
  `name` varchar(255) DEFAULT NULL,
  `industry_id` bigint NOT NULL,
  PRIMARY KEY (`id`),
  KEY `FKki5198mjv1dwt8ogyw9s7j3bd` (`industry_id`),
  CONSTRAINT `FKki5198mjv1dwt8ogyw9s7j3bd` FOREIGN KEY (`industry_id`) REFERENCES `industry` (`id`)
) ENGINE=InnoDB AUTO_INCREMENT=55 DEFAULT CHARSET=utf8mb3;
/*!40101 SET character_set_client = @saved_cs_client */;

--
-- Dumping data for table `profession`
--

LOCK TABLES `profession` WRITE;
/*!40000 ALTER TABLE `profession` DISABLE KEYS */;
INSERT INTO `profession` VALUES (1,'2025-01-11 16:23:15.355000','2025-01-11 16:23:15.355000','Phát triển ứng dụng, website và phần mềm','Software Developer',1),(2,'2025-01-11 16:23:15.357000','2025-01-11 16:23:15.357000','Quản lý và điều phối các dự án phần mềm','IT Project Manager',1),(3,'2025-01-11 16:23:15.359000','2025-01-11 16:23:15.359000','Quản lý hệ thống và tự động hóa','DevOps Engineer',1),(4,'2025-01-11 16:23:15.360000','2025-01-11 16:23:15.360000','Bảo mật hệ thống và thông tin','Security Engineer',1),(5,'2025-01-11 16:23:15.361000','2025-01-11 16:23:15.361000','Kiểm thử và đảm bảo chất lượng phần mềm','QA Engineer',1),(6,'2025-01-11 16:23:15.362000','2025-01-11 16:23:15.362000','Phân tích và xử lý dữ liệu lớn','Data Engineer',1),(7,'2025-01-11 16:23:15.363000','2025-01-11 16:23:15.363000','Thiết kế và phát triển UI/UX','UI/UX Designer',1),(8,'2025-01-11 16:23:15.365000','2025-01-11 16:23:15.365000','Quản trị hệ thống mạng','Network Administrator',1),(9,'2025-01-11 16:23:15.366000','2025-01-11 16:23:15.366000','Phân tích dữ liệu và AI','Data Scientist',1),(10,'2025-01-11 16:23:15.367000','2025-01-11 16:23:15.367000','Phát triển ứng dụng di động','Mobile Developer',1),(11,'2025-01-11 16:23:15.373000','2025-01-11 16:23:15.373000','Phân tích và tư vấn tài chính','Financial Analyst',2),(12,'2025-01-11 16:23:15.374000','2025-01-11 16:23:15.374000','Quản lý tài chính doanh nghiệp','Finance Manager',2),(13,'2025-01-11 16:23:15.375000','2025-01-11 16:23:15.375000','Kế toán và kiểm toán','Accountant',2),(14,'2025-01-11 16:23:15.377000','2025-01-11 16:23:15.377000','Tư vấn đầu tư','Investment Advisor',2),(15,'2025-01-11 16:23:15.377000','2025-01-11 16:23:15.377000','Quản lý rủi ro tài chính','Risk Manager',2),(16,'2025-01-11 16:23:15.379000','2025-01-11 16:23:15.379000','Chuyên viên ngân hàng','Banking Officer',2),(17,'2025-01-11 16:23:15.380000','2025-01-11 16:23:15.380000','Môi giới chứng khoán','Stock Broker',2),(18,'2025-01-11 16:23:15.385000','2025-01-11 16:23:15.385000','Giảng dạy và đào tạo','Teacher/Lecturer',3),(19,'2025-01-11 16:23:15.386000','2025-01-11 16:23:15.386000','Quản lý giáo dục','Education Manager',3),(20,'2025-01-11 16:23:15.387000','2025-01-11 16:23:15.387000','Tư vấn giáo dục','Education Consultant',3),(21,'2025-01-11 16:23:15.388000','2025-01-11 16:23:15.388000','Phát triển chương trình đào tạo','Curriculum Developer',3),(22,'2025-01-11 16:23:15.389000','2025-01-11 16:23:15.389000','Giáo viên tiếng Anh','English Teacher',3),(23,'2025-01-11 16:23:15.394000','2025-01-11 16:23:15.394000','Quản lý bán hàng','Sales Manager',4),(24,'2025-01-11 16:23:15.395000','2025-01-11 16:23:15.395000','Marketing và quảng cáo','Marketing Executive',4),(25,'2025-01-11 16:23:15.396000','2025-01-11 16:23:15.396000','Quản lý thương hiệu','Brand Manager',4),(26,'2025-01-11 16:23:15.398000','2025-01-11 16:23:15.398000','Quản lý chuỗi cung ứng','Supply Chain Manager',4),(27,'2025-01-11 16:23:15.399000','2025-01-11 16:23:15.399000','Chăm sóc khách hàng','Customer Service',4),(28,'2025-01-11 16:23:15.404000','2025-01-11 16:23:15.404000','Kỹ sư sản xuất','Production Engineer',5),(29,'2025-01-11 16:23:15.405000','2025-01-11 16:23:15.405000','Quản lý nhà máy','Factory Manager',5),(30,'2025-01-11 16:23:15.406000','2025-01-11 16:23:15.406000','Quản lý chất lượng','Quality Manager',5),(31,'2025-01-11 16:23:15.408000','2025-01-11 16:23:15.408000','Kỹ sư cơ khí','Mechanical Engineer',5),(32,'2025-01-11 16:23:15.413000','2025-01-11 16:23:15.413000','Bác sĩ đa khoa','General Physician',6),(33,'2025-01-11 16:23:15.414000','2025-01-11 16:23:15.414000','Y tá điều dưỡng','Nurse',6),(34,'2025-01-11 16:23:15.415000','2025-01-11 16:23:15.415000','Dược sĩ','Pharmacist',6),(35,'2025-01-11 16:23:15.416000','2025-01-11 16:23:15.416000','Chuyên viên vật lý trị liệu','Physiotherapist',6),(36,'2025-01-11 16:23:15.417000','2025-01-11 16:23:15.417000','Quản lý bệnh viện','Hospital Administrator',6),(37,'2025-01-11 16:23:15.421000','2025-01-11 16:23:15.421000','Môi giới bất động sản','Real Estate Agent',7),(38,'2025-01-11 16:23:15.422000','2025-01-11 16:23:15.422000','Quản lý dự án bất động sản','Property Project Manager',7),(39,'2025-01-11 16:23:15.423000','2025-01-11 16:23:15.423000','Định giá bất động sản','Property Valuer',7),(40,'2025-01-11 16:23:15.424000','2025-01-11 16:23:15.424000','Tư vấn đầu tư bất động sản','Real Estate Investment Advisor',7),(41,'2025-01-11 16:23:15.430000','2025-01-11 16:23:15.430000','Quản lý khách sạn','Hotel Manager',8),(42,'2025-01-11 16:23:15.432000','2025-01-11 16:23:15.432000','Hướng dẫn viên du lịch','Tour Guide',8),(43,'2025-01-11 16:23:15.433000','2025-01-11 16:23:15.433000','Quản lý nhà hàng','Restaurant Manager',8),(44,'2025-01-11 16:23:15.434000','2025-01-11 16:23:15.434000','Điều hành tour du lịch','Tour Operator',8),(45,'2025-01-11 16:23:15.435000','2025-01-11 16:23:15.435000','Lễ tân khách sạn','Hotel Receptionist',8),(46,'2025-01-11 16:23:15.442000','2025-01-11 16:23:15.442000','Quản lý logistics','Logistics Manager',9),(47,'2025-01-11 16:23:15.443000','2025-01-11 16:23:15.443000','Điều phối vận tải','Transportation Coordinator',9),(48,'2025-01-11 16:23:15.444000','2025-01-11 16:23:15.444000','Quản lý kho vận','Warehouse Manager',9),(49,'2025-01-11 16:23:15.446000','2025-01-11 16:23:15.446000','Chuyên viên xuất nhập khẩu','Import/Export Specialist',9),(50,'2025-01-11 16:23:15.451000','2025-01-11 16:23:15.451000','Kiến trúc sư','Architect',10),(51,'2025-01-11 16:23:15.452000','2025-01-11 16:23:15.452000','Kỹ sư xây dựng','Civil Engineer',10),(52,'2025-01-11 16:23:15.453000','2025-01-11 16:23:15.453000','Quản lý dự án xây dựng','Construction Project Manager',10),(53,'2025-01-11 16:23:15.454000','2025-01-11 16:23:15.454000','Thiết kế nội thất','Interior Designer',10),(54,'2025-01-11 16:23:15.456000','2025-01-11 16:23:15.456000','Giám sát công trình','Construction Supervisor',10);
/*!40000 ALTER TABLE `profession` ENABLE KEYS */;
UNLOCK TABLES;

--
-- Table structure for table `role`
--

DROP TABLE IF EXISTS `role`;
/*!40101 SET @saved_cs_client     = @@character_set_client */;
/*!50503 SET character_set_client = utf8mb4 */;
CREATE TABLE `role` (
  `id` bigint NOT NULL AUTO_INCREMENT,
  `created_date` datetime(6) DEFAULT NULL,
  `updated_date` datetime(6) DEFAULT NULL,
  `description` varchar(255) DEFAULT NULL,
  `role_name` varchar(255) DEFAULT NULL,
  PRIMARY KEY (`id`)
) ENGINE=InnoDB AUTO_INCREMENT=4 DEFAULT CHARSET=utf8mb3;
/*!40101 SET character_set_client = @saved_cs_client */;

--
-- Dumping data for table `role`
--

LOCK TABLES `role` WRITE;
/*!40000 ALTER TABLE `role` DISABLE KEYS */;
INSERT INTO `role` VALUES (1,'2025-01-11 16:23:15.466000','2025-01-11 16:23:15.466000',NULL,'ROLE_USER'),(2,'2025-01-11 16:23:15.474000','2025-01-11 16:23:15.474000',NULL,'ROLE_EMPLOYER'),(3,'2025-01-11 16:23:15.482000','2025-01-11 16:23:15.482000',NULL,'ROLE_ADMIN');
/*!40000 ALTER TABLE `role` ENABLE KEYS */;
UNLOCK TABLES;

--
-- Table structure for table `skill`
--

DROP TABLE IF EXISTS `skill`;
/*!40101 SET @saved_cs_client     = @@character_set_client */;
/*!50503 SET character_set_client = utf8mb4 */;
CREATE TABLE `skill` (
  `id` bigint NOT NULL AUTO_INCREMENT,
  `created_date` datetime(6) DEFAULT NULL,
  `updated_date` datetime(6) DEFAULT NULL,
  `skill_name` varchar(255) DEFAULT NULL,
  PRIMARY KEY (`id`)
) ENGINE=InnoDB AUTO_INCREMENT=157 DEFAULT CHARSET=utf8mb3;
/*!40101 SET character_set_client = @saved_cs_client */;

--
-- Dumping data for table `skill`
--

LOCK TABLES `skill` WRITE;
/*!40000 ALTER TABLE `skill` DISABLE KEYS */;
INSERT INTO `skill` VALUES (1,'2025-01-11 16:23:09.716000','2025-01-11 16:23:09.716000','Giao tiếp'),(2,'2025-01-11 16:23:09.917000','2025-01-11 16:23:09.917000','Làm việc nhóm'),(3,'2025-01-11 16:23:09.928000','2025-01-11 16:23:09.928000','Quản lý thời gian'),(4,'2025-01-11 16:23:09.937000','2025-01-11 16:23:09.937000','Giải quyết vấn đề'),(5,'2025-01-11 16:23:09.946000','2025-01-11 16:23:09.946000','Tư duy phản biện'),(6,'2025-01-11 16:23:09.953000','2025-01-11 16:23:09.953000','Thuyết trình'),(7,'2025-01-11 16:23:09.961000','2025-01-11 16:23:09.961000','Đàm phán'),(8,'2025-01-11 16:23:10.033000','2025-01-11 16:23:10.033000','Lãnh đạo'),(9,'2025-01-11 16:23:10.040000','2025-01-11 16:23:10.040000','Quản lý dự án'),(10,'2025-01-11 16:23:10.049000','2025-01-11 16:23:10.049000','Tổ chức sự kiện'),(11,'2025-01-11 16:23:10.056000','2025-01-11 16:23:10.056000','Tư duy sáng tạo'),(12,'2025-01-11 16:23:10.065000','2025-01-11 16:23:10.065000','Khả năng thích nghi'),(13,'2025-01-11 16:23:10.073000','2025-01-11 16:23:10.073000','Quản lý stress'),(14,'2025-01-11 16:23:10.080000','2025-01-11 16:23:10.080000','Tiếng Anh giao tiếp'),(15,'2025-01-11 16:23:10.087000','2025-01-11 16:23:10.087000','Tiếng Anh thương mại'),(16,'2025-01-11 16:23:10.094000','2025-01-11 16:23:10.094000','Tiếng Anh IELTS'),(17,'2025-01-11 16:23:10.101000','2025-01-11 16:23:10.101000','Tiếng Anh TOEIC'),(18,'2025-01-11 16:23:10.109000','2025-01-11 16:23:10.109000','Tiếng Nhật N1'),(19,'2025-01-11 16:23:10.116000','2025-01-11 16:23:10.116000','Tiếng Nhật N2'),(20,'2025-01-11 16:23:10.125000','2025-01-11 16:23:10.125000','Tiếng Nhật N3'),(21,'2025-01-11 16:23:10.133000','2025-01-11 16:23:10.133000','Tiếng Hàn TOPIK 3'),(22,'2025-01-11 16:23:10.142000','2025-01-11 16:23:10.142000','Tiếng Hàn TOPIK 4'),(23,'2025-01-11 16:23:10.150000','2025-01-11 16:23:10.150000','Tiếng Hàn TOPIK 5'),(24,'2025-01-11 16:23:10.158000','2025-01-11 16:23:10.158000','Tiếng Trung HSK 4'),(25,'2025-01-11 16:23:10.166000','2025-01-11 16:23:10.166000','Tiếng Trung HSK 5'),(26,'2025-01-11 16:23:10.174000','2025-01-11 16:23:10.174000','Tiếng Trung HSK 6'),(27,'2025-01-11 16:23:10.182000','2025-01-11 16:23:10.182000','Microsoft Office'),(28,'2025-01-11 16:23:10.189000','2025-01-11 16:23:10.189000','Microsoft Excel'),(29,'2025-01-11 16:23:10.198000','2025-01-11 16:23:10.198000','Microsoft PowerPoint'),(30,'2025-01-11 16:23:10.205000','2025-01-11 16:23:10.205000','Microsoft Word'),(31,'2025-01-11 16:23:10.213000','2025-01-11 16:23:10.213000','Adobe Photoshop'),(32,'2025-01-11 16:23:10.220000','2025-01-11 16:23:10.220000','Adobe Illustrator'),(33,'2025-01-11 16:23:10.228000','2025-01-11 16:23:10.228000','Adobe XD'),(34,'2025-01-11 16:23:10.235000','2025-01-11 16:23:10.235000','Figma'),(35,'2025-01-11 16:23:10.242000','2025-01-11 16:23:10.242000','HTML/CSS'),(36,'2025-01-11 16:23:10.249000','2025-01-11 16:23:10.249000','JavaScript'),(37,'2025-01-11 16:23:10.256000','2025-01-11 16:23:10.256000','TypeScript'),(38,'2025-01-11 16:23:10.264000','2025-01-11 16:23:10.264000','React.js'),(39,'2025-01-11 16:23:10.271000','2025-01-11 16:23:10.271000','Vue.js'),(40,'2025-01-11 16:23:10.278000','2025-01-11 16:23:10.278000','Angular'),(41,'2025-01-11 16:23:10.285000','2025-01-11 16:23:10.285000','Node.js'),(42,'2025-01-11 16:23:10.293000','2025-01-11 16:23:10.293000','Express.js'),(43,'2025-01-11 16:23:10.364000','2025-01-11 16:23:10.364000','Python'),(44,'2025-01-11 16:23:10.373000','2025-01-11 16:23:10.373000','Django'),(45,'2025-01-11 16:23:10.381000','2025-01-11 16:23:10.381000','Flask'),(46,'2025-01-11 16:23:10.389000','2025-01-11 16:23:10.389000','Java'),(47,'2025-01-11 16:23:10.397000','2025-01-11 16:23:10.397000','Spring Boot'),(48,'2025-01-11 16:23:10.405000','2025-01-11 16:23:10.405000','C#'),(49,'2025-01-11 16:23:10.412000','2025-01-11 16:23:10.412000','.NET'),(50,'2025-01-11 16:23:10.420000','2025-01-11 16:23:10.420000','PHP'),(51,'2025-01-11 16:23:10.428000','2025-01-11 16:23:10.428000','Laravel'),(52,'2025-01-11 16:23:10.435000','2025-01-11 16:23:10.435000','SQL'),(53,'2025-01-11 16:23:10.443000','2025-01-11 16:23:10.443000','MySQL'),(54,'2025-01-11 16:23:10.451000','2025-01-11 16:23:10.451000','PostgreSQL'),(55,'2025-01-11 16:23:10.458000','2025-01-11 16:23:10.458000','MongoDB'),(56,'2025-01-11 16:23:10.466000','2025-01-11 16:23:10.466000','Redis'),(57,'2025-01-11 16:23:10.473000','2025-01-11 16:23:10.473000','Git'),(58,'2025-01-11 16:23:10.481000','2025-01-11 16:23:10.481000','Docker'),(59,'2025-01-11 16:23:10.488000','2025-01-11 16:23:10.488000','Kubernetes'),(60,'2025-01-11 16:23:10.495000','2025-01-11 16:23:10.495000','AWS'),(61,'2025-01-11 16:23:10.503000','2025-01-11 16:23:10.503000','Google Cloud'),(62,'2025-01-11 16:23:10.510000','2025-01-11 16:23:10.510000','Azure'),(63,'2025-01-11 16:23:10.517000','2025-01-11 16:23:10.517000','Linux'),(64,'2025-01-11 16:23:10.524000','2025-01-11 16:23:10.524000','Machine Learning'),(65,'2025-01-11 16:23:10.532000','2025-01-11 16:23:10.532000','Deep Learning'),(66,'2025-01-11 16:23:10.539000','2025-01-11 16:23:10.539000','Data Science'),(67,'2025-01-11 16:23:10.546000','2025-01-11 16:23:10.546000','Big Data'),(68,'2025-01-11 16:23:10.553000','2025-01-11 16:23:10.553000','Blockchain'),(69,'2025-01-11 16:23:10.560000','2025-01-11 16:23:10.560000','Digital Marketing'),(70,'2025-01-11 16:23:10.567000','2025-01-11 16:23:10.567000','Social Media Marketing'),(71,'2025-01-11 16:23:10.573000','2025-01-11 16:23:10.573000','Content Marketing'),(72,'2025-01-11 16:23:10.581000','2025-01-11 16:23:10.581000','Copywriting'),(73,'2025-01-11 16:23:10.588000','2025-01-11 16:23:10.588000','SEO/SEM'),(74,'2025-01-11 16:23:10.597000','2025-01-11 16:23:10.597000','Google Analytics'),(75,'2025-01-11 16:23:10.604000','2025-01-11 16:23:10.604000','Facebook Ads'),(76,'2025-01-11 16:23:10.613000','2025-01-11 16:23:10.613000','Google Ads'),(77,'2025-01-11 16:23:10.620000','2025-01-11 16:23:10.620000','TikTok Ads'),(78,'2025-01-11 16:23:10.628000','2025-01-11 16:23:10.628000','Email Marketing'),(79,'2025-01-11 16:23:10.635000','2025-01-11 16:23:10.635000','Influencer Marketing'),(80,'2025-01-11 16:23:10.708000','2025-01-11 16:23:10.708000','Brand Management'),(81,'2025-01-11 16:23:10.715000','2025-01-11 16:23:10.715000','Market Research'),(82,'2025-01-11 16:23:10.723000','2025-01-11 16:23:10.723000','Customer Relationship Management'),(83,'2025-01-11 16:23:10.730000','2025-01-11 16:23:10.730000','Sales B2B'),(84,'2025-01-11 16:23:10.737000','2025-01-11 16:23:10.737000','Sales B2C'),(85,'2025-01-11 16:23:10.745000','2025-01-11 16:23:10.745000','Customer Service'),(86,'2025-01-11 16:23:10.752000','2025-01-11 16:23:10.752000','Business Development'),(87,'2025-01-11 16:23:10.759000','2025-01-11 16:23:10.759000','Business Strategy'),(88,'2025-01-11 16:23:10.766000','2025-01-11 16:23:10.766000','Business Analysis'),(89,'2025-01-11 16:23:10.773000','2025-01-11 16:23:10.773000','Kế toán tổng hợp'),(90,'2025-01-11 16:23:10.780000','2025-01-11 16:23:10.780000','Kế toán quản trị'),(91,'2025-01-11 16:23:10.982000','2025-01-11 16:23:10.982000','Phân tích tài chính'),(92,'2025-01-11 16:23:11.117000','2025-01-11 16:23:11.117000','Lập báo cáo tài chính'),(93,'2025-01-11 16:23:11.188000','2025-01-11 16:23:11.188000','Kiểm toán'),(94,'2025-01-11 16:23:11.327000','2025-01-11 16:23:11.327000','Thuế'),(95,'2025-01-11 16:23:11.533000','2025-01-11 16:23:11.533000','Ngân hàng'),(96,'2025-01-11 16:23:11.800000','2025-01-11 16:23:11.800000','Đầu tư'),(97,'2025-01-11 16:23:11.996000','2025-01-11 16:23:11.996000','Quản lý danh mục đầu tư'),(98,'2025-01-11 16:23:12.070000','2025-01-11 16:23:12.070000','Phân tích đầu tư'),(99,'2025-01-11 16:23:12.394000','2025-01-11 16:23:12.394000','Quản lý rủi ro tài chính'),(100,'2025-01-11 16:23:12.597000','2025-01-11 16:23:12.597000','Mô hình tài chính'),(101,'2025-01-11 16:23:12.861000','2025-01-11 16:23:12.861000','Định giá doanh nghiệp'),(102,'2025-01-11 16:23:12.932000','2025-01-11 16:23:12.932000','Kế hoạch tài chính'),(103,'2025-01-11 16:23:13.067000','2025-01-11 16:23:13.067000','UI/UX Design'),(104,'2025-01-11 16:23:13.264000','2025-01-11 16:23:13.264000','Graphic Design'),(105,'2025-01-11 16:23:13.527000','2025-01-11 16:23:13.527000','Web Design'),(106,'2025-01-11 16:23:13.734000','2025-01-11 16:23:13.734000','Mobile App Design'),(107,'2025-01-11 16:23:13.938000','2025-01-11 16:23:13.938000','Motion Graphics'),(108,'2025-01-11 16:23:14.002000','2025-01-11 16:23:14.002000','3D Modeling'),(109,'2025-01-11 16:23:14.199000','2025-01-11 16:23:14.199000','Video Editing'),(110,'2025-01-11 16:23:14.337000','2025-01-11 16:23:14.337000','Animation'),(111,'2025-01-11 16:23:14.601000','2025-01-11 16:23:14.601000','Logo Design'),(112,'2025-01-11 16:23:14.806000','2025-01-11 16:23:14.806000','Brand Identity Design'),(113,'2025-01-11 16:23:14.875000','2025-01-11 16:23:14.875000','Package Design'),(114,'2025-01-11 16:23:14.882000','2025-01-11 16:23:14.882000','Editorial Design'),(115,'2025-01-11 16:23:14.890000','2025-01-11 16:23:14.890000','Typography'),(116,'2025-01-11 16:23:14.897000','2025-01-11 16:23:14.897000','Color Theory'),(117,'2025-01-11 16:23:14.904000','2025-01-11 16:23:14.904000','Quản lý nhân sự'),(118,'2025-01-11 16:23:14.912000','2025-01-11 16:23:14.912000','Tuyển dụng'),(119,'2025-01-11 16:23:14.919000','2025-01-11 16:23:14.919000','Đào tạo nhân viên'),(120,'2025-01-11 16:23:14.927000','2025-01-11 16:23:14.927000','Quản lý vận hành'),(121,'2025-01-11 16:23:14.934000','2025-01-11 16:23:14.934000','Quản lý chuỗi cung ứng'),(122,'2025-01-11 16:23:14.941000','2025-01-11 16:23:14.941000','Quản lý chất lượng'),(123,'2025-01-11 16:23:14.949000','2025-01-11 16:23:14.949000','Quản lý sản xuất'),(124,'2025-01-11 16:23:14.956000','2025-01-11 16:23:14.956000','Quản lý kho'),(125,'2025-01-11 16:23:14.963000','2025-01-11 16:23:14.963000','Quản lý rủi ro'),(126,'2025-01-11 16:23:14.970000','2025-01-11 16:23:14.970000','Quản lý chi phí'),(127,'2025-01-11 16:23:14.977000','2025-01-11 16:23:14.977000','Quản lý hiệu suất'),(128,'2025-01-11 16:23:14.984000','2025-01-11 16:23:14.984000','Quản lý thay đổi'),(129,'2025-01-11 16:23:14.991000','2025-01-11 16:23:14.991000','Quản lý khủng hoảng'),(130,'2025-01-11 16:23:14.998000','2025-01-11 16:23:14.998000','Nghiên cứu khoa học'),(131,'2025-01-11 16:23:15.006000','2025-01-11 16:23:15.006000','Phân tích dữ liệu'),(132,'2025-01-11 16:23:15.012000','2025-01-11 16:23:15.012000','Viết báo cáo'),(133,'2025-01-11 16:23:15.019000','2025-01-11 16:23:15.019000','Biên phiên dịch'),(134,'2025-01-11 16:23:15.026000','2025-01-11 16:23:15.026000','Tư vấn pháp luật'),(135,'2025-01-11 16:23:15.033000','2025-01-11 16:23:15.033000','Y tế - Chăm sóc sức khỏe'),(136,'2025-01-11 16:23:15.040000','2025-01-11 16:23:15.040000','Kiến trúc - Xây dựng'),(137,'2025-01-11 16:23:15.047000','2025-01-11 16:23:15.047000','Logistics'),(138,'2025-01-11 16:23:15.054000','2025-01-11 16:23:15.054000','An toàn lao động'),(139,'2025-01-11 16:23:15.061000','2025-01-11 16:23:15.061000','Bảo vệ môi trường'),(140,'2025-01-11 16:23:15.068000','2025-01-11 16:23:15.068000','Tư vấn tâm lý'),(141,'2025-01-11 16:23:15.204000','2025-01-11 16:23:15.204000','Giáo dục đào tạo'),(142,'2025-01-11 16:23:15.210000','2025-01-11 16:23:15.210000','Nghiên cứu thị trường'),(143,'2025-01-11 16:23:15.217000','2025-01-11 16:23:15.217000','Phát triển sản phẩm'),(144,'2025-01-11 16:23:15.224000','2025-01-11 16:23:15.224000','Chứng chỉ PMP'),(145,'2025-01-11 16:23:15.232000','2025-01-11 16:23:15.232000','Chứng chỉ IELTS'),(146,'2025-01-11 16:23:15.239000','2025-01-11 16:23:15.239000','Chứng chỉ TOEIC'),(147,'2025-01-11 16:23:15.246000','2025-01-11 16:23:15.246000','Chứng chỉ CFA'),(148,'2025-01-11 16:23:15.253000','2025-01-11 16:23:15.253000','Chứng chỉ ACCA'),(149,'2025-01-11 16:23:15.261000','2025-01-11 16:23:15.261000','Chứng chỉ AWS'),(150,'2025-01-11 16:23:15.267000','2025-01-11 16:23:15.267000','Chứng chỉ Cisco'),(151,'2025-01-11 16:23:15.276000','2025-01-11 16:23:15.276000','Chứng chỉ Google Analytics'),(152,'2025-01-11 16:23:15.282000','2025-01-11 16:23:15.282000','Chứng chỉ Digital Marketing'),(153,'2025-01-11 16:23:15.289000','2025-01-11 16:23:15.289000','Chứng chỉ Project Management'),(154,'2025-01-11 16:23:15.295000','2025-01-11 16:23:15.295000','Chứng chỉ Agile Scrum'),(155,'2025-01-11 16:23:15.301000','2025-01-11 16:23:15.301000','Chứng chỉ Six Sigma'),(156,'2025-01-11 16:23:15.308000','2025-01-11 16:23:15.308000','Chứng chỉ ISO');
/*!40000 ALTER TABLE `skill` ENABLE KEYS */;
UNLOCK TABLES;

--
-- Table structure for table `subscriptions`
--

DROP TABLE IF EXISTS `subscriptions`;
/*!40101 SET @saved_cs_client     = @@character_set_client */;
/*!50503 SET character_set_client = utf8mb4 */;
CREATE TABLE `subscriptions` (
  `id` bigint NOT NULL AUTO_INCREMENT,
  `created_date` datetime(6) DEFAULT NULL,
  `updated_date` datetime(6) DEFAULT NULL,
  `end_date` datetime(6) DEFAULT NULL,
  `is_active` bit(1) DEFAULT NULL,
  `start_date` datetime(6) DEFAULT NULL,
  `employer_id` bigint NOT NULL,
  `package_id` bigint NOT NULL,
  PRIMARY KEY (`id`),
  KEY `FKbahe8ve9tu4b8r9rafy5h94qy` (`employer_id`),
  KEY `FKovvy5khiryr7x755dxp19qiu1` (`package_id`),
  CONSTRAINT `FKbahe8ve9tu4b8r9rafy5h94qy` FOREIGN KEY (`employer_id`) REFERENCES `employer` (`id`),
  CONSTRAINT `FKovvy5khiryr7x755dxp19qiu1` FOREIGN KEY (`package_id`) REFERENCES `package` (`id`)
) ENGINE=InnoDB AUTO_INCREMENT=76 DEFAULT CHARSET=utf8mb3;
/*!40101 SET character_set_client = @saved_cs_client */;

--
-- Dumping data for table `subscriptions`
--

LOCK TABLES `subscriptions` WRITE;
/*!40000 ALTER TABLE `subscriptions` DISABLE KEYS */;
INSERT INTO `subscriptions` VALUES (1,'2025-01-11 17:47:58.982000','2025-08-22 00:01:20.619000','2025-02-10 17:47:58.982000',_binary '\0','2025-01-11 17:48:15.240000',1,1),(2,'2025-01-12 18:07:44.244000','2025-08-22 00:01:20.619000','2025-02-11 18:07:44.243000',_binary '\0','2025-01-12 18:09:21.254000',3,1),(3,'2025-01-12 18:12:55.401000','2025-01-12 18:12:55.401000','2025-02-11 18:12:55.401000',_binary '\0','2025-01-12 18:12:55.401000',3,1),(4,'2025-01-12 18:14:58.771000','2025-08-22 00:01:20.619000','2025-02-11 18:14:58.771000',_binary '\0','2025-01-12 18:15:53.152000',3,1),(5,'2025-01-12 18:16:22.008000','2025-08-22 00:01:20.619000','2025-02-11 18:16:22.008000',_binary '\0','2025-01-12 18:17:47.583000',3,1),(6,'2025-01-12 18:18:15.163000','2025-08-22 00:01:20.620000','2025-02-11 18:18:15.163000',_binary '\0','2025-01-12 18:18:25.633000',3,1),(7,'2025-01-12 18:18:53.612000','2025-08-22 00:01:20.620000','2025-02-11 18:18:53.612000',_binary '\0','2025-01-12 18:19:04.148000',3,1),(8,'2025-01-12 18:22:52.514000','2025-08-22 00:01:20.620000','2025-02-11 18:22:52.514000',_binary '\0','2025-01-12 18:23:08.489000',3,2),(9,'2025-01-12 18:32:07.508000','2025-08-22 00:01:20.620000','2025-02-11 18:32:07.507000',_binary '\0','2025-01-12 18:32:18.032000',3,2),(10,'2025-01-12 18:33:31.269000','2025-08-22 00:01:20.620000','2025-02-11 18:33:31.269000',_binary '\0','2025-01-12 18:33:43.547000',3,2),(11,'2025-01-12 18:39:58.116000','2025-08-22 00:01:20.620000','2025-02-11 18:39:58.116000',_binary '\0','2025-01-12 18:40:09.048000',3,2),(12,'2025-01-12 18:44:38.573000','2025-08-22 00:01:20.620000','2025-02-11 18:44:38.573000',_binary '\0','2025-01-12 18:44:52.390000',3,2),(13,'2025-01-12 18:49:06.735000','2025-08-22 00:01:20.620000','2025-02-11 18:49:06.735000',_binary '\0','2025-01-12 18:51:58.302000',3,2),(14,'2025-01-12 20:25:34.417000','2025-08-22 00:01:20.620000','2025-02-11 20:25:34.416000',_binary '\0','2025-01-12 20:25:54.119000',3,2),(15,'2025-01-12 20:27:20.010000','2025-08-22 00:01:20.620000','2025-02-11 20:27:20.009000',_binary '\0','2025-01-12 20:27:33.504000',3,2),(16,'2025-01-12 20:28:19.447000','2025-08-22 00:01:20.620000','2025-02-11 20:28:19.447000',_binary '\0','2025-01-12 20:28:30.920000',3,3),(17,'2025-01-13 18:40:25.638000','2025-01-13 18:40:25.638000','2025-02-12 18:40:25.638000',_binary '\0','2025-01-13 18:40:25.638000',4,1),(18,'2025-01-13 18:41:26.043000','2025-08-22 00:01:20.620000','2025-02-12 18:41:26.043000',_binary '\0','2025-01-13 18:41:42.923000',4,1),(19,'2025-01-13 22:45:01.536000','2025-08-22 00:01:20.620000','2025-02-12 22:45:01.533000',_binary '\0','2025-01-13 22:45:17.441000',4,2),(20,'2025-01-13 23:14:39.266000','2025-08-22 00:01:20.620000','2025-03-14 22:45:01.533000',_binary '\0','2025-01-13 23:15:36.621000',4,2),(34,'2025-03-03 11:40:22.255000','2025-08-22 00:01:20.620000','2025-04-02 11:40:22.254000',_binary '\0','2025-03-03 11:41:28.171000',2,1),(35,'2025-03-03 11:54:27.326000','2025-08-22 00:01:20.620000','2025-04-02 11:54:27.326000',_binary '\0','2025-03-03 11:54:45.847000',2,2),(36,'2025-03-03 12:18:26.735000','2025-08-22 00:01:20.619000','2025-04-02 12:18:26.735000',_binary '\0','2025-03-03 12:18:47.564000',1,1),(37,'2025-08-22 21:11:40.853000','2025-08-22 21:11:40.853000','2025-09-21 21:11:40.848000',_binary '\0','2025-08-22 21:11:40.848000',2,2),(38,'2025-11-15 23:43:49.747000','2025-11-15 23:43:49.747000','2025-12-15 23:43:49.739000',_binary '\0','2025-11-15 23:43:49.739000',2,2),(39,'2025-11-15 23:44:58.490000','2025-11-15 23:44:58.490000','2025-12-15 23:44:58.490000',_binary '\0','2025-11-15 23:44:58.490000',2,2),(40,'2025-11-15 23:47:23.561000','2025-11-15 23:47:23.561000','2025-12-15 23:47:23.560000',_binary '\0','2025-11-15 23:47:23.560000',4,2),(41,'2025-11-15 23:47:40.748000','2025-11-15 23:48:31.767000','2025-12-15 23:47:40.748000',_binary '','2025-11-15 23:48:31.767000',4,2),(42,'2025-11-15 23:48:44.611000','2025-11-15 23:48:44.611000','2025-12-15 23:48:44.611000',_binary '\0','2025-11-15 23:48:44.611000',4,3),(43,'2025-11-15 23:58:13.950000','2025-11-15 23:58:13.950000','2025-12-15 23:58:13.948000',_binary '\0','2025-11-15 23:58:13.948000',4,3),(44,'2025-11-16 00:09:08.656000','2025-11-16 00:09:08.656000','2025-12-16 00:09:08.653000',_binary '\0','2025-11-16 00:09:08.653000',4,3),(45,'2025-11-16 00:12:32.868000','2025-11-16 00:12:32.868000','2025-12-16 00:12:32.865000',_binary '\0','2025-11-16 00:12:32.865000',4,3),(46,'2025-11-16 01:30:41.810000','2025-11-16 01:30:41.810000','2025-12-16 01:30:41.798000',_binary '\0','2025-11-16 01:30:41.798000',4,3),(47,'2025-11-16 01:41:02.372000','2025-11-16 01:41:02.372000','2025-12-16 01:41:02.370000',_binary '\0','2025-11-16 01:41:02.370000',4,3),(48,'2025-11-16 01:46:31.434000','2025-11-16 01:46:31.434000','2025-12-16 01:46:31.431000',_binary '\0','2025-11-16 01:46:31.431000',4,3),(49,'2025-11-16 01:53:57.332000','2025-11-16 01:53:57.332000','2025-12-16 01:53:57.328000',_binary '\0','2025-11-16 01:53:57.328000',4,3),(50,'2025-11-16 23:36:18.539000','2025-11-16 23:36:18.539000','2025-12-16 23:36:18.536000',_binary '\0','2025-11-16 23:36:18.536000',4,3),(51,'2025-11-16 23:41:24.818000','2025-11-16 23:41:24.818000','2025-12-16 23:41:24.818000',_binary '\0','2025-11-16 23:41:24.818000',4,3),(52,'2025-11-16 23:50:10.738000','2025-11-16 23:50:10.738000','2025-12-16 23:50:10.737000',_binary '\0','2025-11-16 23:50:10.737000',4,3),(53,'2025-11-16 23:59:24.977000','2025-11-16 23:59:24.977000','2025-12-16 23:59:24.975000',_binary '\0','2025-11-16 23:59:24.975000',4,3),(54,'2025-11-17 00:03:13.871000','2025-11-17 00:03:13.871000','2025-12-17 00:03:13.867000',_binary '\0','2025-11-17 00:03:13.867000',4,3),(55,'2025-11-17 00:05:31.331000','2025-11-17 00:06:38.351000','2025-12-17 00:05:31.330000',_binary '','2025-11-17 00:06:38.351000',4,3),(56,'2025-11-17 00:10:07.025000','2025-11-17 00:10:07.025000','2025-12-17 00:10:07.024000',_binary '\0','2025-11-17 00:10:07.024000',4,3),(57,'2025-11-18 14:51:24.881000','2025-11-18 14:54:35.116000','2025-12-18 14:51:24.881000',_binary '','2025-11-18 14:54:35.116000',21,3),(58,'2025-11-18 16:10:50.844000','2025-11-18 16:11:36.997000','2025-12-18 16:10:50.844000',_binary '','2025-11-18 16:11:36.996000',22,1),(59,'2025-11-19 18:12:38.322000','2025-11-19 18:13:43.238000','2025-12-19 18:12:38.322000',_binary '','2025-11-19 18:13:43.237000',23,3),(60,'2025-11-19 18:38:38.819000','2025-11-19 18:39:11.373000','2025-12-19 18:38:38.819000',_binary '','2025-11-19 18:39:11.372000',24,2),(61,'2025-11-20 13:23:50.776000','2025-11-20 13:24:30.304000','2025-12-20 13:23:50.776000',_binary '','2025-11-20 13:24:30.304000',4,3),(62,'2025-11-20 13:23:59.376000','2025-11-20 13:23:59.376000','2026-01-16 00:05:31.330000',_binary '\0','2025-12-17 00:05:31.330000',4,3),(63,'2025-11-20 13:24:04.336000','2025-11-20 13:24:04.336000','2025-12-20 13:24:04.335000',_binary '\0','2025-11-20 13:24:04.335000',24,3),(64,'2025-11-20 13:38:24.607000','2025-11-20 13:39:42.602000','2025-12-20 13:38:24.607000',_binary '','2025-11-20 13:39:42.601000',24,3),(65,'2025-11-23 14:27:12.650000','2025-11-23 14:28:20.258000','2025-12-23 14:27:12.649000',_binary '','2025-11-23 14:28:20.257000',26,1),(66,'2025-11-23 14:27:29.987000','2025-11-23 14:29:49.653000','2025-12-23 14:27:29.987000',_binary '','2025-11-23 14:29:49.652000',26,1),(67,'2025-11-23 14:29:26.602000','2025-11-23 14:29:26.602000','2025-12-23 14:29:26.602000',_binary '\0','2025-11-23 14:29:26.602000',26,1),(68,'2025-11-23 14:29:30.220000','2025-11-23 14:29:30.220000','2025-12-23 14:29:30.220000',_binary '\0','2025-11-23 14:29:30.220000',26,1),(69,'2025-11-23 14:29:36.118000','2025-11-23 14:30:53.002000','2025-12-23 14:29:36.118000',_binary '','2025-11-23 14:30:53.001000',26,2),(70,'2025-11-23 14:30:38.358000','2025-11-23 15:04:22.648000','2025-12-23 14:30:38.358000',_binary '','2025-11-23 15:04:22.648000',26,2),(71,'2025-11-23 14:32:03.582000','2025-11-23 14:33:17.886000','2025-12-23 14:32:03.582000',_binary '','2025-11-23 14:33:17.885000',26,3),(72,'2025-11-23 15:03:15.985000','2025-11-23 15:04:55.543000','2025-12-23 15:03:15.985000',_binary '','2025-11-23 15:04:55.542000',27,2),(73,'2025-11-23 15:03:49.292000','2025-11-23 15:03:49.292000','2025-12-23 15:03:49.292000',_binary '\0','2025-11-23 15:03:49.292000',27,2),(74,'2025-11-23 15:04:46.140000','2025-11-23 15:04:46.140000','2025-12-23 15:04:46.140000',_binary '\0','2025-11-23 15:04:46.140000',27,2),(75,'2025-11-24 16:18:57.028000','2025-11-24 16:19:47.717000','2025-12-24 16:18:57.027000',_binary '','2025-11-24 16:19:47.716000',4,3);
/*!40000 ALTER TABLE `subscriptions` ENABLE KEYS */;
UNLOCK TABLES;

--
-- Table structure for table `user`
--

DROP TABLE IF EXISTS `user`;
/*!40101 SET @saved_cs_client     = @@character_set_client */;
/*!50503 SET character_set_client = utf8mb4 */;
CREATE TABLE `user` (
  `id` bigint NOT NULL AUTO_INCREMENT,
  `created_date` datetime(6) DEFAULT NULL,
  `updated_date` datetime(6) DEFAULT NULL,
  `full_name` varchar(45) DEFAULT NULL,
  `phone` varchar(255) DEFAULT NULL,
  `id_account` bigint NOT NULL,
  PRIMARY KEY (`id`),
  UNIQUE KEY `UK31mo2ywg0rdercw43o44y2ddg` (`id_account`),
  CONSTRAINT `FKol9lgnwinqxhgm253ffpxrj6k` FOREIGN KEY (`id_account`) REFERENCES `account` (`id`)
) ENGINE=InnoDB AUTO_INCREMENT=90 DEFAULT CHARSET=utf8mb3;
/*!40101 SET character_set_client = @saved_cs_client */;

--
-- Dumping data for table `user`
--

LOCK TABLES `user` WRITE;
/*!40000 ALTER TABLE `user` DISABLE KEYS */;
INSERT INTO `user` VALUES (1,'2025-01-11 16:23:36.744000','2025-01-11 16:23:36.744000','Hoang Nguyen','0703567854',1),(2,'2025-01-11 16:27:46.135000','2025-01-11 16:27:46.135000','Hoang Nguyen Van','0369683675',2),(4,'2025-01-13 23:44:09.339000','2025-01-13 23:44:09.339000','Huy Hoàng','0745898645',4),(11,'2025-01-13 23:44:09.331000','2025-01-13 23:44:55.633000','Hoang Nguyen','0123456789',11),(12,'2025-01-11 10:00:00.000000','2025-01-11 10:00:00.000000','John Smith','0901234567',12),(13,'2025-01-11 10:05:00.000000','2025-01-11 10:05:00.000000','Emily Johnson','0912345678',13),(15,'2025-01-11 10:15:00.000000','2025-01-11 10:15:00.000000','Michael Brown','0923456789',15),(17,'2025-01-11 10:25:00.000000','2025-01-11 10:25:00.000000','Sarah Wilson','0934567890',17),(19,'2025-01-11 10:35:00.000000','2025-01-11 10:35:00.000000','David Lee','0945678901',19),(21,'2025-01-11 10:45:00.000000','2025-01-11 10:45:00.000000','Jessica Taylor','0956789012',21),(23,'2025-01-11 10:55:00.000000','2025-01-11 10:55:00.000000','Daniel Martinez','0967890123',23),(25,'2025-01-11 11:05:00.000000','2025-01-11 11:05:00.000000','Lisa Anderson','0978901234',25),(27,'2025-01-11 11:15:00.000000','2025-01-11 11:15:00.000000','Kevin Thomas','0989012345',27),(29,'2025-01-11 11:25:00.000000','2025-01-11 11:25:00.000000','Michelle Garcia','0990123456',29),(31,'2025-01-11 11:35:00.000000','2025-01-11 11:35:00.000000','Christopher Rodriguez','0901234567',31),(33,'2025-01-11 11:45:00.000000','2025-01-11 11:45:00.000000','Amanda White','0912345678',33),(35,'2025-01-11 11:55:00.000000','2025-01-11 11:55:00.000000','Ryan Harris','0923456789',35),(37,'2025-01-11 12:05:00.000000','2025-01-11 12:05:00.000000','Jennifer Clark','0934567890',37),(39,'2025-01-11 12:15:00.000000','2025-01-11 12:15:00.000000','Brandon Lewis','0945678901',39),(41,'2025-01-11 12:25:00.000000','2025-01-11 12:25:00.000000','Stephanie Hall','0956789012',41),(43,'2025-01-11 12:35:00.000000','2025-01-11 12:35:00.000000','Andrew Young','0967890123',43),(45,'2025-01-11 12:45:00.000000','2025-01-11 12:45:00.000000','Nicole King','0978901234',45),(47,'2025-01-11 12:55:00.000000','2025-01-11 12:55:00.000000','Thomas Wilson','0989012345',47),(49,'2025-01-11 13:05:00.000000','2025-01-11 13:05:00.000000','Rachel Scott','0990123456',49),(51,'2025-01-11 13:15:00.000000','2025-01-11 13:15:00.000000','Alex Chen','0901234567',51),(52,'2025-01-11 13:20:00.000000','2025-01-11 13:20:00.000000','Maya Wilson','0912345678',52),(53,'2025-01-11 13:25:00.000000','2025-01-11 13:25:00.000000','James Park','0923456789',53),(54,'2025-01-11 13:30:00.000000','2025-01-11 13:30:00.000000','Sophie Brown','0934567890',54),(55,'2025-01-11 13:35:00.000000','2025-01-11 13:35:00.000000','Lucas Martinez','0945678901',55),(56,'2025-01-11 13:40:00.000000','2025-01-11 13:40:00.000000','Emma Davis','0956789012',56),(57,'2025-01-11 13:45:00.000000','2025-01-11 13:45:00.000000','William Lee','0967890123',57),(58,'2025-01-11 13:50:00.000000','2025-01-11 13:50:00.000000','Olivia Garcia','0978901234',58),(59,'2025-01-11 13:55:00.000000','2025-01-11 13:55:00.000000','Ethan Taylor','0989012345',59),(60,'2025-01-11 14:00:00.000000','2025-01-11 14:00:00.000000','Ava Anderson','0990123456',60),(61,'2025-01-11 14:05:00.000000','2025-01-11 14:05:00.000000','Noah White','0901234568',61),(62,'2025-01-11 14:10:00.000000','2025-01-11 14:10:00.000000','Isabella King','0912345679',62),(63,'2025-01-11 14:15:00.000000','2025-01-11 14:15:00.000000','Mason Wright','0923456780',63),(64,'2025-01-11 14:20:00.000000','2025-01-11 14:20:00.000000','Sophia Lopez','0934567891',64),(79,'2025-08-22 22:25:56.202000','2025-08-22 22:25:56.202000','pham minh','0363434527',85),(80,'2025-08-22 22:29:38.058000','2025-08-22 22:29:38.058000','pham minh','0999999999',86),(81,'2025-08-22 22:42:40.760000','2025-08-22 22:42:40.760000','pham minh','0947446345',88),(82,'2025-09-17 15:19:33.477000','2025-09-17 15:19:33.477000','pham minh','0999848938',89),(83,'2025-11-18 14:32:58.538000','2025-11-18 14:32:58.538000','Nguyễn  Hân','0947513654',90),(84,'2025-11-18 18:28:17.676000','2025-11-18 18:28:17.676000','nguyenanh le','0946284921',93),(85,'2025-11-20 13:53:52.125000','2025-11-20 13:53:52.125000','ngoc ha','0954637281',97),(86,'2025-11-20 20:30:19.541000','2025-11-20 20:30:19.541000','duong le','0965738283',98),(87,'2025-11-23 14:16:49.019000','2025-11-23 14:16:49.019000','Nga NG','0975839392',99),(88,'2025-11-23 14:53:40.264000','2025-11-23 14:53:40.264000','lan anh','0975738473',101),(89,'2025-11-24 15:16:19.951000','2025-11-24 15:16:19.951000','Duy Anh','0965738543',103);
/*!40000 ALTER TABLE `user` ENABLE KEYS */;
UNLOCK TABLES;

--
-- Table structure for table `work_history`
--

DROP TABLE IF EXISTS `work_history`;
/*!40101 SET @saved_cs_client     = @@character_set_client */;
/*!50503 SET character_set_client = utf8mb4 */;
CREATE TABLE `work_history` (
  `id` bigint NOT NULL AUTO_INCREMENT,
  `created_date` datetime(6) DEFAULT NULL,
  `updated_date` datetime(6) DEFAULT NULL,
  `company_name` varchar(255) DEFAULT NULL,
  `description` text,
  `end_date` datetime(6) DEFAULT NULL,
  `is_current_job` bit(1) DEFAULT NULL,
  `position` varchar(255) DEFAULT NULL,
  `start_date` datetime(6) DEFAULT NULL,
  `candidate_id` bigint DEFAULT NULL,
  PRIMARY KEY (`id`),
  KEY `FKo4257rfambamf4yap4nryerem` (`candidate_id`),
  CONSTRAINT `FKo4257rfambamf4yap4nryerem` FOREIGN KEY (`candidate_id`) REFERENCES `candidate` (`id`)
) ENGINE=InnoDB AUTO_INCREMENT=9 DEFAULT CHARSET=utf8mb3;
/*!40101 SET character_set_client = @saved_cs_client */;

--
-- Dumping data for table `work_history`
--

LOCK TABLES `work_history` WRITE;
/*!40000 ALTER TABLE `work_history` DISABLE KEYS */;
INSERT INTO `work_history` VALUES (1,'2025-01-14 15:06:15.778000','2025-01-14 15:06:15.778000','FPT Telecom','<p>- Phát triển và duy trì các ứng dụng web sử dụng Python, Django và Flask</p><p>- Thiết kế, xây dựng và tối ưu hóa REST APIs</p><p>- Làm việc với cơ sở dữ liệu SQL và NoSQL (PostgreSQL, MongoDB)</p><p>- Tham gia vào quá trình phân tích yêu cầu, thiết kế giải pháp và ước tính thời gian</p><p>- Viết unit test và integration test đảm bảo chất lượng code</p><p>- Tối ưu hiệu suất ứng dụng và xử lý các vấn đề về bảo mật</p><p>- Làm việc trong môi trường Agile/Scrum với các sprint 2 tuần</p><p>- Phối hợp với team Frontend để phát triển các tính năng mới</p><p>- Tham gia code review và đóng góp ý kiến cải thiện chất lượng code</p><p>- Nghiên cứu và áp dụng các công nghệ mới để nâng cao hiệu quả phát triển</p><p><br></p><p>Thành tựu:</p><p>- Tối ưu hóa hiệu suất API, giảm 40% thời gian phản hồi</p><p>- Phát triển thành công 3 dự án lớn với hơn 100,000 người dùng</p><p>- Đóng góp vào việc cải thiện quy trình CI/CD của team</p>',NULL,_binary '','[HN] Lập Trình Viên Python','2023-05-14 00:00:00.000000',4),(2,'2025-08-22 22:44:21.714000','2025-08-22 22:44:21.714000','Fpt','<p><span style=\"background-color: rgb(250, 250, 250);\">Nhân Viên Kỹ Thuật FPT Telecom - Q. Tân Bình</span></p>',NULL,_binary '','senior','2025-01-22 00:00:00.000000',37),(3,'2025-11-18 14:38:32.888000','2025-11-18 14:38:32.888000','Công ty Cổ phần Công nghệ ABC','<p><strong>Phát triển và Duy trì Ứng dụng:</strong> Tham gia vào toàn bộ chu trình phát triển của hệ thống Quản lý Kho (Inventory Management System) sử dụng <strong>Java 11/17</strong> và <strong>Spring Boot</strong>.</p><p><strong>Xây dựng API hiệu suất cao:</strong> Thiết kế và triển khai hơn <strong>30+ RESTful APIs</strong> sử dụng Spring Data JPA để tương tác với cơ sở dữ liệu <strong>PostgreSQL/MySQL</strong>, đảm bảo tốc độ phản hồi dưới <strong>100ms</strong>.</p><p><strong>Cải tiến Hiệu năng:</strong> Tối ưu hóa các truy vấn SQL phức tạp (Join, Indexing) và cấu hình Caching (<strong>Redis</strong>) để giảm tải cho database, giúp tăng hiệu suất hệ thống lên <strong>20%</strong>.</p><p><strong>Microservices và Bất đồng bộ:</strong> Phát triển các mô-đun độc lập (Microservices) và áp dụng <strong>Kafka</strong> để xử lý các tác vụ bất đồng bộ (ví dụ: gửi thông báo, cập nhật trạng thái đơn hàng).</p><p><strong>Đảm bảo Chất lượng:</strong> Viết và thực hiện <strong>Unit Test</strong> với <strong>JUnit 5/Mockito</strong> để đảm bảo độ bao phủ mã (Code Coverage) và giảm thiểu lỗi sản xuất.</p><p><strong>Triển khai và DevOps:</strong> Sử dụng <strong>Git</strong> cho kiểm soát phiên bản và làm việc với <strong>Docker/Docker Compose</strong> để đóng gói và triển khai ứng dụng lên môi trường Staging/Production.</p>','2025-11-18 00:00:00.000000',_binary '\0','Kỹ sư Phát triển Phần mềm Java (Java Software Engineer)','2023-01-18 00:00:00.000000',39),(4,'2025-11-18 18:32:02.137000','2025-11-18 18:32:02.137000','Công ty Cổ phần Công nghệ Fintech Z','<h3>Phát triển Hệ thống Lõi: Chịu trách nhiệm thiết kế và phát triển các dịch vụ backend quan trọng cho hệ thống giao dịch tài chính tốc độ cao, sử dụng Java 17 và Spring Boot 3.</h3><h3>Tối ưu hóa Hiệu năng: Thực hiện tối ưu hóa hiệu suất ứng dụng, bao gồm tinh chỉnh JVM, tối ưu truy vấn PostgreSQL và áp dụng Redis Caching, giúp giảm thời gian phản hồi API trung bình từ 300ms xuống còn 80ms.</h3><h3>Kiến trúc Phân tán: Triển khai các giải pháp kiến trúc hướng sự kiện (Event-Driven) sử dụng Apache Kafka để xử lý hàng triệu giao dịch bất đồng bộ mỗi ngày.</h3><h3>Quy trình DevOps: Tích hợp CI/CD (Jenkins) và làm việc với Docker/Kubernetes để tự động hóa quy trình triển khai ứng dụng lên môi trường AWS.</h3><h3>Đảm bảo Chất lượng: Dẫn dắt công việc Code Review, đảm bảo chất lượng code và hướng dẫn 2 lập trình viên Junior về các phương pháp lập trình tốt nhất (Best Practices).</h3>',NULL,_binary '','Senior Java Backend Developer','2025-01-18 00:00:00.000000',40),(5,'2025-11-20 14:02:31.280000','2025-11-20 14:02:38.656000','Công ty Cổ phần Giải pháp Số XYZ','<p>Tham gia phát triển và duy trì hệ thống quản lý khách hàng (CRM) sử dụng Java và Spring Boot. * Triển khai RESTful APIs và tối ưu hóa truy vấn PostgreSQL, giảm thời gian phản hồi API xuống 20%. * Thực hiện Unit Test với JUnit và đóng gói ứng dụng bằng Docker.</p>','2025-08-20 00:00:00.000000',_binary '\0','Kỹ sư Phát triển Phần mềm Java','2025-01-20 00:00:00.000000',41),(6,'2025-11-22 03:08:59.127000','2025-11-22 03:08:59.127000','HMA','<p>...</p>',NULL,_binary '','Nhân viên','2025-02-22 00:00:00.000000',42),(7,'2025-11-23 14:42:54.828000','2025-11-23 14:42:54.828000','FPT Software','<p>Phát triển và bảo trì hệ thống backend bằng Java/Spring Boot. Giảm thiểu lỗi hệ thống 15%.</p>',NULL,_binary '','Senior Software Engineer','2025-01-23 00:00:00.000000',43),(8,'2025-11-24 15:21:53.392000','2025-11-24 15:21:53.392000','HMA','<p>Phân tích dữ liệu kinh doanh hàng ngày.</p>',NULL,_binary '','Data Analyst','2025-01-24 00:00:00.000000',45);
/*!40000 ALTER TABLE `work_history` ENABLE KEYS */;
UNLOCK TABLES;
/*!40103 SET TIME_ZONE=@OLD_TIME_ZONE */;

/*!40101 SET SQL_MODE=@OLD_SQL_MODE */;
/*!40014 SET FOREIGN_KEY_CHECKS=@OLD_FOREIGN_KEY_CHECKS */;
/*!40014 SET UNIQUE_CHECKS=@OLD_UNIQUE_CHECKS */;
/*!40101 SET CHARACTER_SET_CLIENT=@OLD_CHARACTER_SET_CLIENT */;
/*!40101 SET CHARACTER_SET_RESULTS=@OLD_CHARACTER_SET_RESULTS */;
/*!40101 SET COLLATION_CONNECTION=@OLD_COLLATION_CONNECTION */;
/*!40111 SET SQL_NOTES=@OLD_SQL_NOTES */;

-- Dump completed on 2025-11-25 16:32:02
